F 평원_북쪽들녘
R Surface/World/G_평원 -560 975 -600 1100 -650 1300 -620 1500 -560 1680 -600 1880 -540 2060 -400 2210 -240 2320 -60 2390 130 2440 330 2470 500 2450 560 2400 600 2330 660 2300 720 2320 760 2390 840 2430 1000 2380 1160 2270 1270 2100 1320 1880 1300 1640 1250 1420 1200 1200 1160 1020 1120 905 780 925 700 975
G 1 땅/판
P B - -590.00 -1.58 1096.60 87.40 4.70 88.70 22.6 0.0 0.0 Sand 181 185 134 1 Gs_F
G 2 땅/받침
P B - -590.00 -15.46 1096.60 82.16 23.07 83.38 22.6 0.0 0.0 Rock 101 98 90 2 Gb_F
P B - -586.10 -1.06 1148.70 78.20 4.70 71.20 74.3 0.0 0.0 Sand 181 185 134 1 Gs_F
P B - -586.10 -15.21 1148.70 73.51 23.59 66.93 74.3 0.0 0.0 Rock 101 98 90 2 Gb_F
P B - -584.30 -0.91 1213.60 83.60 4.70 83.00 21.6 0.0 0.0 Sand 181 185 134 1 Gs_F
P B - -584.30 -15.13 1213.60 78.58 23.74 78.02 21.6 0.0 0.0 Rock 101 98 90 2 Gb_F
P B - -585.50 -0.13 1280.50 82.10 4.70 90.20 68.7 0.0 0.0 Sand 181 185 134 1 Gs_F
P B - -585.50 -14.74 1280.50 77.17 24.52 84.79 68.7 0.0 0.0 Rock 101 98 90 2 Gb_F
P B - -592.20 -0.72 1337.10 80.80 4.70 88.80 18.7 0.0 0.0 Sand 181 185 134 1 Gs_F
P B - -592.20 -15.04 1337.10 75.95 23.93 83.47 18.7 0.0 0.0 Rock 101 98 90 2 Gb_F
P B - -591.90 -0.61 1398.00 70.30 4.70 76.40 15.9 0.0 0.0 Sand 181 185 134 1 Gs_F
P B - -591.90 -14.98 1398.00 66.08 24.04 71.82 15.9 0.0 0.0 Rock 101 98 90 2 Gb_F
P B - -584.80 -0.72 1458.60 70.50 4.70 65.30 45.4 0.0 0.0 Sand 181 185 134 1 Gs_F
P B - -584.80 -15.04 1458.60 66.27 23.93 61.38 45.4 0.0 0.0 Rock 101 98 90 2 Gb_F
P B - -581.50 -1.11 1521.10 71.60 4.70 66.10 57.6 0.0 0.0 Sand 181 185 134 1 Gs_F
P B - -581.50 -15.23 1521.10 67.30 23.54 62.13 57.6 0.0 0.0 Rock 101 98 90 2 Gb_F
P B - -586.00 -1.37 1831.40 74.70 4.70 76.20 13.3 0.0 0.0 Sand 181 185 134 1 Gs_F
P B - -586.00 -15.36 1831.40 70.22 23.28 71.63 13.3 0.0 0.0 Rock 101 98 90 2 Gb_F
P B - -587.50 -1.03 1890.10 71.60 4.70 70.50 12.4 0.0 0.0 Sand 181 185 134 1 Gs_F
P B - -587.50 -15.19 1890.10 67.30 23.62 66.27 12.4 0.0 0.0 Rock 101 98 90 2 Gb_F
P B - -530.50 -0.59 1034.60 87.40 4.70 82.70 31.7 0.0 0.0 Sand 181 185 134 1 Gs_F
P B - -530.50 -14.97 1034.60 82.16 24.06 77.74 31.7 0.0 0.0 Rock 101 98 90 2 Gb_F
P B - -526.70 -0.51 1085.40 73.40 4.70 70.60 12.0 0.0 0.0 Sand 181 185 134 1 Gs_F
P B - -526.70 -14.93 1085.40 69.00 24.14 66.36 12.0 0.0 0.0 Rock 101 98 90 2 Gb_F
P B - -521.90 0.04 1158.20 84.70 4.70 89.20 7.8 0.0 0.0 Grass 112 144 79 1 Gs_F
P B - -521.90 -14.65 1158.20 79.62 24.69 83.85 7.8 0.0 0.0 Rock 101 98 90 2 Gb_F
P B - -532.00 0.15 1216.20 70.20 4.70 73.10 51.0 0.0 0.0 Sand 181 185 134 1 Gs_F
P B - -532.00 -14.60 1216.20 65.99 24.80 68.71 51.0 0.0 0.0 Rock 101 98 90 2 Gb_F
P B - -519.10 1.32 1270.40 72.00 4.70 78.20 43.0 0.0 0.0 Grass 112 144 79 1 Gs_F
P B - -519.10 -14.02 1270.40 67.68 25.97 73.51 43.0 0.0 0.0 Rock 101 98 90 2 Gb_F
P B - -525.70 1.55 1339.10 85.50 4.70 90.20 5.7 0.0 0.0 Grass 133 157 96 1 Gs_F
P B - -525.70 -13.90 1339.10 80.37 26.20 84.79 5.7 0.0 0.0 Rock 101 98 90 2 Gb_F
P B - -519.80 1.71 1400.20 77.40 4.70 73.80 72.7 0.0 0.0 Grass 116 150 82 1 Gs_F
P B - -519.80 -13.82 1400.20 72.76 26.36 69.37 72.7 0.0 0.0 Rock 101 98 90 2 Gb_F
P B - -525.30 1.40 1459.90 71.40 4.70 69.50 39.2 0.0 0.0 Grass 116 150 82 1 Gs_F
P B - -525.30 -13.97 1459.90 67.12 26.05 65.33 39.2 0.0 0.0 Rock 101 98 90 2 Gb_F
P B - -525.70 0.55 1530.00 79.40 4.70 80.00 70.3 0.0 0.0 Sand 181 185 134 1 Gs_F
P B - -525.70 -14.40 1530.00 74.64 25.20 75.20 70.3 0.0 0.0 Rock 101 98 90 2 Gb_F
P B - -523.10 0.17 1586.30 86.70 4.70 90.30 36.9 0.0 0.0 Sand 181 185 134 1 Gs_F
P B - -523.10 -14.59 1586.30 81.50 24.82 84.88 36.9 0.0 0.0 Rock 101 98 90 2 Gb_F
P B - -520.80 -0.22 1655.30 76.70 4.70 79.20 63.8 0.0 0.0 Sand 181 185 134 1 Gs_F
P B - -520.80 -14.79 1655.30 72.10 24.43 74.45 63.8 0.0 0.0 Rock 101 98 90 2 Gb_F
P B - -531.10 -0.47 1713.70 85.90 4.70 90.00 75.9 0.0 0.0 Sand 181 185 134 1 Gs_F
P B - -531.10 -14.91 1713.70 80.75 24.18 84.60 75.9 0.0 0.0 Rock 101 98 90 2 Gb_F
P B - -526.80 -0.10 1770.50 70.20 4.70 63.40 35.1 0.0 0.0 Sand 181 185 134 1 Gs_F
P B - -526.80 -14.72 1770.50 65.99 24.55 59.60 35.1 0.0 0.0 Rock 101 98 90 2 Gb_F
P B - -527.10 0.43 1834.40 82.90 4.70 89.00 44.5 0.0 0.0 Sand 181 185 134 1 Gs_F
P B - -527.10 -14.46 1834.40 77.93 25.08 83.66 44.5 0.0 0.0 Rock 101 98 90 2 Gb_F
P B - -521.00 1.21 1890.70 71.20 4.70 75.50 67.3 0.0 0.0 Sand 181 185 134 1 Gs_F
P B - -521.00 -14.07 1890.70 66.93 25.86 70.97 67.3 0.0 0.0 Rock 101 98 90 2 Gb_F
P B - -519.90 0.52 1953.60 81.50 4.70 78.90 2.6 0.0 0.0 Sand 181 185 134 1 Gs_F
P B - -519.90 -14.41 1953.60 76.61 25.17 74.17 2.6 0.0 0.0 Rock 101 98 90 2 Gb_F
P B - -530.30 -0.73 2014.50 77.60 4.70 74.70 66.7 0.0 0.0 Sand 181 185 134 1 Gs_F
P B - -530.30 -15.04 2014.50 72.94 23.92 70.22 66.7 0.0 0.0 Rock 101 98 90 2 Gb_F
P B - -460.80 0.53 1032.50 81.50 4.70 79.30 53.4 0.0 0.0 Grass 112 144 79 1 Gs_F
P B - -460.80 -14.41 1032.50 76.61 25.18 74.54 53.4 0.0 0.0 Rock 101 98 90 2 Gb_F
P B - -464.90 0.57 1087.30 77.70 4.70 82.40 33.3 0.0 0.0 Grass 119 153 85 1 Gs_F
P B - -464.90 -14.39 1087.30 73.04 25.22 77.46 33.3 0.0 0.0 Rock 101 98 90 2 Gb_F
P B - -458.70 0.97 1154.10 83.50 4.70 86.40 76.9 0.0 0.0 Grass 119 153 85 1 Gs_F
P B - -460.30 0.66 1215.90 87.90 4.70 82.30 80.9 0.0 0.0 Grass 119 153 85 1 Gs_F
P B - -469.90 1.73 1282.10 72.00 4.70 72.00 48.9 0.0 0.0 Grass 112 144 79 1 Gs_F
P B - -463.20 2.29 1338.90 80.40 4.70 83.70 37.9 0.0 0.0 Grass 112 144 79 1 Gs_F
P B - -464.30 2.37 1396.30 70.60 4.70 65.80 69.1 0.0 0.0 Grass 116 150 82 1 Gs_F
P B - -463.40 2.43 1457.20 72.50 4.70 74.10 64.1 0.0 0.0 Grass 112 144 79 1 Gs_F
P B - -466.90 2.47 1521.40 81.20 4.70 83.40 56.5 0.0 0.0 Grass 112 144 79 1 Gs_F
P B - -466.90 -13.44 1521.40 76.33 27.12 78.40 56.5 0.0 0.0 Rock 101 98 90 2 Gb_F
P B - -466.00 2.56 1582.20 84.20 4.70 85.20 41.5 0.0 0.0 Grass 112 144 79 1 Gs_F
P B - -466.00 -13.39 1582.20 79.15 27.21 80.09 41.5 0.0 0.0 Rock 101 98 90 2 Gb_F
P B - -462.80 1.90 1650.50 76.20 4.70 80.30 27.1 0.0 0.0 Grass 112 144 79 1 Gs_F
P B - -462.80 -13.72 1650.50 71.63 26.55 75.48 27.1 0.0 0.0 Rock 101 98 90 2 Gb_F
P B - -469.30 2.29 1712.70 76.80 4.70 79.80 78.9 0.0 0.0 Sand 181 185 134 1 Gs_F
P B - -469.30 -13.53 1712.70 72.19 26.94 75.01 78.9 0.0 0.0 Rock 101 98 90 2 Gb_F
P B - -468.70 3.03 1770.70 84.60 4.70 77.90 0.2 0.0 0.0 Sand 181 185 134 1 Gs_F
P B - -468.70 -13.16 1770.70 79.52 27.68 73.23 0.2 0.0 0.0 Rock 101 98 90 2 Gb_F
P B - -462.80 3.74 1841.10 79.70 4.70 79.90 51.8 0.0 0.0 Grass 112 144 79 1 Gs_F
P B - -462.80 -12.80 1841.10 74.92 28.39 75.11 51.8 0.0 0.0 Rock 101 98 90 2 Gb_F
P B - -464.20 3.99 1894.30 84.50 4.70 79.20 10.3 0.0 0.0 Grass 119 153 85 1 Gs_F
P B - -464.20 -12.68 1894.30 79.43 28.64 74.45 10.3 0.0 0.0 Rock 101 98 90 2 Gb_F
P B - -467.50 3.19 1960.50 86.70 4.70 90.30 38.4 0.0 0.0 Grass 112 144 79 1 Gs_F
P B - -467.50 -13.08 1960.50 81.50 27.84 84.88 38.4 0.0 0.0 Rock 101 98 90 2 Gb_F
P B - -457.20 2.38 2021.40 71.80 4.70 78.40 59.7 0.0 0.0 Grass 116 150 82 1 Gs_F
P B - -457.20 -13.48 2021.40 67.49 27.03 73.70 59.7 0.0 0.0 Rock 101 98 90 2 Gb_F
P B - -464.70 -0.57 2087.40 82.30 4.70 75.10 86.3 0.0 0.0 Sand 181 185 134 1 Gs_F
P B - -464.70 -14.96 2087.40 77.36 24.08 70.59 86.3 0.0 0.0 Rock 101 98 90 2 Gb_F
P B - -404.70 0.87 1026.30 74.20 4.70 79.10 80.5 0.0 0.0 Grass 116 150 82 1 Gs_F
P B - -407.60 0.55 1088.00 81.70 4.70 75.70 46.1 0.0 0.0 Grass 113 146 80 1 Gs_F
P B - -403.90 0.75 1153.70 87.90 4.70 87.10 68.2 0.0 0.0 Grass 116 150 82 1 Gs_F
P B - -405.40 0.64 1214.10 77.80 4.70 84.00 81.8 0.0 0.0 Grass 116 150 82 1 Gs_F
P B - -408.70 1.72 1281.00 74.50 4.70 78.90 17.8 0.0 0.0 Grass 112 144 79 1 Gs_F
P B - -399.40 1.88 1342.30 80.60 4.70 74.60 73.8 0.0 0.0 Grass 112 144 79 1 Gs_F
P B - -404.00 2.39 1396.20 76.30 4.70 83.10 38.5 0.0 0.0 Grass 116 150 82 1 Gs_F
P B - -405.50 2.50 1456.10 73.50 4.70 80.10 66.8 0.0 0.0 Grass 112 144 79 1 Gs_F
P B - -404.90 2.52 1521.10 80.60 4.70 78.40 88.0 0.0 0.0 Grass 133 157 96 1 Gs_F
P B - -405.00 2.47 1581.80 87.80 4.70 91.90 8.3 0.0 0.0 Grass 113 146 80 1 Gs_F
P B - -407.00 3.19 1652.50 73.70 4.70 73.80 10.6 0.0 0.0 Grass 116 150 82 1 Gs_F
P B - -408.60 3.50 1712.30 74.20 4.70 75.30 60.3 0.0 0.0 Grass 112 144 79 1 Gs_F
P B - -405.10 4.13 1779.60 81.90 4.70 77.60 87.4 0.0 0.0 Grass 113 146 80 1 Gs_F
P B - -397.00 4.43 1833.70 72.10 4.70 73.50 89.2 0.0 0.0 Grass 119 153 85 1 Gs_F
P B - -408.20 4.84 1891.70 82.10 4.70 74.30 10.5 0.0 0.0 Grass 112 144 79 1 Gs_F
P B - -398.40 4.56 1963.20 82.70 4.70 77.90 20.5 0.0 0.0 Grass 112 144 79 1 Gs_F
P B - -408.00 4.05 2015.60 83.90 4.70 78.10 74.6 0.0 0.0 Grass 119 153 85 1 Gs_F
P B - -408.00 -12.65 2015.60 78.87 28.70 73.41 74.6 0.0 0.0 Rock 101 98 90 2 Gb_F
P B - -395.00 1.95 2089.80 86.50 4.70 94.90 59.6 0.0 0.0 Grass 133 157 96 1 Gs_F
P B - -395.00 -13.70 2089.80 81.31 26.60 89.21 59.6 0.0 0.0 Rock 101 98 90 2 Gb_F
P B - -401.80 -0.07 2145.70 87.10 4.70 93.60 22.5 0.0 0.0 Sand 181 185 134 1 Gs_F
P B - -401.80 -14.71 2145.70 81.87 24.58 87.98 22.5 0.0 0.0 Rock 101 98 90 2 Gb_F
P B - -399.10 -1.45 2205.50 75.50 4.70 79.40 30.9 0.0 0.0 Sand 181 185 134 1 Gs_F
P B - -399.10 -15.40 2205.50 70.97 23.20 74.64 30.9 0.0 0.0 Rock 101 98 90 2 Gb_F
P B - -334.70 0.53 1029.30 78.40 4.70 71.40 80.7 0.0 0.0 Grass 133 157 96 1 Gs_F
P B - -346.60 0.72 1096.30 84.70 4.70 90.60 76.0 0.0 0.0 Grass 113 146 80 1 Gs_F
P B - -340.50 0.93 1153.20 74.00 4.70 77.00 47.8 0.0 0.0 Grass 119 153 85 1 Gs_F
P B - -335.40 1.11 1219.40 77.10 4.70 80.80 30.0 0.0 0.0 Grass 113 146 80 1 Gs_F
P B - -339.00 1.81 1275.50 85.80 4.70 92.10 16.5 0.0 0.0 Grass 133 157 96 1 Gs_F
P B - -344.20 2.02 1332.70 77.70 4.70 75.60 1.2 0.0 0.0 Grass 113 146 80 1 Gs_F
P B - -337.10 2.78 1405.10 83.10 4.70 83.10 79.0 0.0 0.0 Grass 133 157 96 1 Gs_F
P B - -342.20 2.53 1467.70 87.60 4.70 80.70 47.1 0.0 0.0 Grass 113 146 80 1 Gs_F
P B - -336.20 2.84 1523.80 77.60 4.70 79.40 50.5 0.0 0.0 Grass 113 146 80 1 Gs_F
P B - -346.00 2.91 1586.60 87.00 4.70 94.30 47.6 0.0 0.0 Grass 113 146 80 1 Gs_F
P B - -345.60 2.94 1648.40 77.90 4.70 73.60 88.8 0.0 0.0 Grass 116 150 82 1 Gs_F
P B - -335.60 3.71 1716.10 79.90 4.70 79.60 26.0 0.0 0.0 Grass 119 153 85 1 Gs_F
P B - -334.30 3.96 1770.50 73.10 4.70 78.80 86.6 0.0 0.0 Grass 113 146 80 1 Gs_F
P B - -343.50 4.55 1837.40 82.90 4.70 83.20 52.7 0.0 0.0 Grass 113 146 80 1 Gs_F
P B - -344.20 4.52 1900.20 72.20 4.70 70.50 41.5 0.0 0.0 Grass 133 157 96 1 Gs_F
P B - -335.20 4.85 1964.00 87.10 4.70 84.70 19.5 0.0 0.0 Grass 116 150 82 1 Gs_F
P B - -344.40 4.14 2028.00 75.00 4.70 76.20 83.0 0.0 0.0 Grass 116 150 82 1 Gs_F
P B - -333.40 3.72 2083.00 84.10 4.70 90.40 36.1 0.0 0.0 Grass 119 153 85 1 Gs_F
P B - -333.40 -12.81 2083.00 79.05 28.37 84.98 36.1 0.0 0.0 Rock 101 98 90 2 Gb_F
P B - -339.00 1.93 2141.90 79.60 4.70 87.00 18.8 0.0 0.0 Grass 112 144 79 1 Gs_F
P B - -339.00 -13.71 2141.90 74.82 26.58 81.78 18.8 0.0 0.0 Rock 101 98 90 2 Gb_F
P B - -338.40 -0.47 2206.60 74.50 4.70 73.60 3.1 0.0 0.0 Sand 181 185 134 1 Gs_F
P B - -338.40 -14.91 2206.60 70.03 24.18 69.18 3.1 0.0 0.0 Rock 101 98 90 2 Gb_F
P B - -272.00 0.71 1035.40 70.80 4.70 65.40 62.7 0.0 0.0 Grass 133 157 96 1 Gs_F
P B - -276.00 0.63 1084.20 82.90 4.70 89.30 0.3 0.0 0.0 Grass 119 153 85 1 Gs_F
P B - -275.60 1.14 1154.00 84.90 4.70 88.20 1.5 0.0 0.0 Grass 112 144 79 1 Gs_F
P B - -272.40 1.00 1211.70 75.30 4.70 75.90 58.0 0.0 0.0 Grass 119 153 85 1 Gs_F
P B - -273.90 1.37 1280.50 79.90 4.70 72.10 87.9 0.0 0.0 Grass 112 144 79 1 Gs_F
P B - -278.20 2.16 1343.50 75.20 4.70 77.80 24.1 0.0 0.0 Grass 112 144 79 1 Gs_F
P B - -271.30 2.32 1399.70 86.50 4.70 79.00 84.3 0.0 0.0 Grass 113 146 80 1 Gs_F
P B - -274.00 2.64 1457.60 75.30 4.70 78.60 35.0 0.0 0.0 Grass 119 153 85 1 Gs_F
P B - -279.80 2.72 1529.10 84.30 4.70 83.90 72.5 0.0 0.0 Grass 112 144 79 1 Gs_F
P B - -284.20 2.48 1590.20 87.80 4.70 79.60 41.2 0.0 0.0 Grass 112 144 79 1 Gs_F
P B - -280.60 2.75 1642.30 75.30 4.70 71.00 67.2 0.0 0.0 Grass 112 144 79 1 Gs_F
P B - -280.30 3.42 1704.40 74.10 4.70 73.40 36.2 0.0 0.0 Grass 119 153 85 1 Gs_F
P B - -271.10 3.92 1766.80 84.90 4.70 91.70 86.0 0.0 0.0 Grass 133 157 96 1 Gs_F
P B - -282.50 4.24 1831.20 80.00 4.70 86.30 2.5 0.0 0.0 Grass 113 146 80 1 Gs_F
P B - -280.80 4.63 1892.10 71.50 4.70 66.00 19.6 0.0 0.0 Grass 113 146 80 1 Gs_F
P B - -272.30 4.67 1960.00 70.80 4.70 77.70 87.1 0.0 0.0 Grass 113 146 80 1 Gs_F
P B - -280.60 4.54 2014.50 75.80 4.70 70.50 38.2 0.0 0.0 Grass 112 144 79 1 Gs_F
P B - -283.60 3.74 2088.70 85.90 4.70 78.80 33.0 0.0 0.0 Grass 119 153 85 1 Gs_F
P B - -280.20 2.71 2143.10 72.90 4.70 67.70 18.5 0.0 0.0 Grass 113 146 80 1 Gs_F
P B - -280.20 -13.32 2143.10 68.53 27.36 63.64 18.5 0.0 0.0 Rock 101 98 90 2 Gb_F
P B - -280.30 0.94 2200.50 75.40 4.70 77.80 45.8 0.0 0.0 Sand 181 185 134 1 Gs_F
P B - -280.30 -14.21 2200.50 70.88 25.59 73.13 45.8 0.0 0.0 Rock 101 98 90 2 Gb_F
P B - -280.30 -1.14 2271.60 84.30 4.70 91.40 64.3 0.0 0.0 Sand 181 185 134 1 Gs_F
P B - -280.30 -15.25 2271.60 79.24 23.51 85.92 64.3 0.0 0.0 Rock 101 98 90 2 Gb_F
P B - -214.50 0.99 1034.70 82.60 4.70 77.50 83.7 0.0 0.0 Grass 112 144 79 1 Gs_F
P B - -211.90 1.00 1084.50 75.80 4.70 76.00 76.7 0.0 0.0 Grass 113 146 80 1 Gs_F
P B - -216.70 0.66 1154.40 75.50 4.70 68.30 35.4 0.0 0.0 Grass 133 157 96 1 Gs_F
P B - -210.60 0.97 1210.00 84.00 4.70 76.50 66.1 0.0 0.0 Grass 116 150 82 1 Gs_F
P B - -211.30 1.32 1281.80 87.90 4.70 92.20 89.5 0.0 0.0 Grass 133 157 96 1 Gs_F
P B - -219.80 2.15 1335.70 86.80 4.70 82.30 16.7 0.0 0.0 Grass 119 153 85 1 Gs_F
P B - -215.10 2.05 1398.90 86.10 4.70 87.00 44.2 0.0 0.0 Grass 112 144 79 1 Gs_F
P B - -220.70 2.67 1460.50 76.60 4.70 83.60 67.0 0.0 0.0 Grass 116 150 82 1 Gs_F
P B - -222.40 2.70 1521.80 77.10 4.70 72.10 51.2 0.0 0.0 Grass 112 144 79 1 Gs_F
P B - -209.40 3.02 1588.80 78.80 4.70 80.80 14.6 0.0 0.0 Grass 119 153 85 1 Gs_F
P B - -222.90 3.33 1647.50 75.50 4.70 77.20 27.7 0.0 0.0 Grass 119 153 85 1 Gs_F
P B - -212.50 3.21 1707.00 70.70 4.70 66.70 0.5 0.0 0.0 Grass 119 153 85 1 Gs_F
P B - -222.50 4.25 1779.00 77.60 4.70 82.20 15.3 0.0 0.0 Grass 119 153 85 1 Gs_F
P B - -211.50 4.03 1836.50 78.10 4.70 81.10 9.0 0.0 0.0 Grass 133 157 96 1 Gs_F
P B - -221.30 4.52 1900.90 81.00 4.70 87.40 39.6 0.0 0.0 Grass 112 144 79 1 Gs_F
P B - -211.80 4.40 1961.50 71.10 4.70 70.60 45.3 0.0 0.0 Grass 112 144 79 1 Gs_F
P B - -215.10 3.93 2022.60 79.60 4.70 79.10 48.8 0.0 0.0 Grass 133 157 96 1 Gs_F
P B - -214.70 3.57 2083.40 77.50 4.70 76.90 86.0 0.0 0.0 Grass 112 144 79 1 Gs_F
P B - -211.30 3.03 2140.80 79.30 4.70 85.90 77.8 0.0 0.0 Grass 119 153 85 1 Gs_F
P B - -219.70 2.06 2200.00 79.80 4.70 73.10 26.2 0.0 0.0 Grass 133 157 96 1 Gs_F
P B - -219.70 -13.64 2200.00 75.01 26.71 68.71 26.2 0.0 0.0 Rock 101 98 90 2 Gb_F
P B - -218.70 0.05 2266.20 73.80 4.70 70.40 65.1 0.0 0.0 Sand 181 185 134 1 Gs_F
P B - -218.70 -14.65 2266.20 69.37 24.70 66.18 65.1 0.0 0.0 Rock 101 98 90 2 Gb_F
P B - -147.00 0.57 1032.90 78.30 4.70 78.70 3.0 0.0 0.0 Grass 112 144 79 1 Gs_F
P B - -156.20 0.48 1097.90 81.20 4.70 76.30 80.6 0.0 0.0 Grass 133 157 96 1 Gs_F
P B - -160.50 0.85 1150.80 79.40 4.70 72.80 19.6 0.0 0.0 Grass 113 146 80 1 Gs_F
P B - -147.80 0.82 1215.70 84.60 4.70 82.60 58.9 0.0 0.0 Grass 113 146 80 1 Gs_F
P B - -156.90 1.57 1273.90 74.70 4.70 77.30 41.0 0.0 0.0 Grass 119 153 85 1 Gs_F
P B - -153.20 1.57 1335.60 76.60 4.70 77.20 30.2 0.0 0.0 Grass 113 146 80 1 Gs_F
P B - -149.80 1.75 1405.50 72.10 4.70 78.40 45.3 0.0 0.0 Grass 113 146 80 1 Gs_F
P B - -152.80 2.19 1466.50 76.30 4.70 70.10 82.2 0.0 0.0 Grass 133 157 96 1 Gs_F
P B - -147.20 2.31 1524.30 77.50 4.70 77.60 29.3 0.0 0.0 Grass 133 157 96 1 Gs_F
P B - -160.80 2.56 1593.60 83.10 4.70 84.80 65.4 0.0 0.0 Grass 112 144 79 1 Gs_F
P B - -149.00 2.76 1654.40 75.90 4.70 77.60 39.4 0.0 0.0 Grass 112 144 79 1 Gs_F
P B - -158.30 3.46 1716.90 71.20 4.70 77.10 53.5 0.0 0.0 Grass 133 157 96 1 Gs_F
P B - -149.10 3.35 1771.10 79.70 4.70 76.80 53.2 0.0 0.0 Grass 112 144 79 1 Gs_F
P B - -149.60 3.92 1835.10 75.10 4.70 70.80 68.5 0.0 0.0 Grass 119 153 85 1 Gs_F
P B - -147.70 3.71 1894.10 75.80 4.70 73.70 41.4 0.0 0.0 Grass 133 157 96 1 Gs_F
P B - -154.90 4.09 1955.00 70.70 4.70 69.90 87.1 0.0 0.0 Grass 119 153 85 1 Gs_F
P B - -158.70 3.50 2021.50 86.30 4.70 92.60 65.4 0.0 0.0 Grass 119 153 85 1 Gs_F
P B - -154.80 3.47 2080.60 87.60 4.70 79.00 23.1 0.0 0.0 Grass 112 144 79 1 Gs_F
P B - -149.10 2.87 2144.50 84.30 4.70 89.00 75.3 0.0 0.0 Grass 133 157 96 1 Gs_F
P B - -154.60 2.79 2207.90 84.30 4.70 79.60 65.8 0.0 0.0 Grass 133 157 96 1 Gs_F
P B - -154.60 -13.28 2207.90 79.24 27.44 74.82 65.8 0.0 0.0 Rock 101 98 90 2 Gb_F
P B - -158.50 0.55 2271.40 72.70 4.70 70.80 23.2 0.0 0.0 Sand 181 185 134 1 Gs_F
P B - -158.50 -14.40 2271.40 68.34 25.20 66.55 23.2 0.0 0.0 Rock 101 98 90 2 Gb_F
P B - -153.70 -1.02 2325.80 79.40 4.70 72.50 82.7 0.0 0.0 Sand 181 185 134 1 Gs_F
P B - -153.70 -15.19 2325.80 74.64 23.63 68.15 82.7 0.0 0.0 Rock 101 98 90 2 Gb_F
P B - -92.60 0.05 1035.80 83.70 4.70 84.40 17.2 0.0 0.0 Grass 116 150 82 1 Gs_F
P B - -97.10 0.26 1094.30 85.50 4.70 87.90 11.7 0.0 0.0 Grass 116 150 82 1 Gs_F
P B - -97.90 0.68 1159.00 77.70 4.70 80.60 86.0 0.0 0.0 Grass 112 144 79 1 Gs_F
P B - -87.60 0.52 1210.60 73.40 4.70 68.10 16.3 0.0 0.0 Grass 133 157 96 1 Gs_F
P B - -91.70 1.28 1283.90 70.80 4.70 68.80 11.8 0.0 0.0 Grass 116 150 82 1 Gs_F
P B - -86.20 1.85 1345.80 77.60 4.70 83.30 19.9 0.0 0.0 Grass 133 157 96 1 Gs_F
P B - -86.80 1.99 1399.30 75.20 4.70 72.90 7.6 0.0 0.0 Grass 113 146 80 1 Gs_F
P B - -96.50 2.28 1456.30 87.90 4.70 79.80 76.3 0.0 0.0 Grass 116 150 82 1 Gs_F
P B - -90.10 2.29 1527.40 82.50 4.70 88.80 65.2 0.0 0.0 Grass 112 144 79 1 Gs_F
P B - -91.70 2.21 1586.50 79.20 4.70 74.20 35.1 0.0 0.0 Grass 113 146 80 1 Gs_F
P B - -90.90 2.77 1651.10 81.60 4.70 87.10 48.0 0.0 0.0 Grass 119 153 85 1 Gs_F
P B - -88.30 2.92 1712.40 75.90 4.70 72.20 6.6 0.0 0.0 Grass 116 150 82 1 Gs_F
P B - -96.00 3.80 1778.80 82.80 4.70 75.10 52.4 0.0 0.0 Grass 116 150 82 1 Gs_F
P B - -97.40 3.55 1830.60 76.20 4.70 74.00 56.2 0.0 0.0 Grass 119 153 85 1 Gs_F
P B - -95.70 3.93 1900.90 70.30 4.70 71.00 59.9 0.0 0.0 Grass 116 150 82 1 Gs_F
P B - -90.60 3.48 1954.60 80.80 4.70 85.30 22.9 0.0 0.0 Grass 113 146 80 1 Gs_F
P B - -90.60 3.37 2025.70 82.70 4.70 79.70 52.2 0.0 0.0 Grass 112 144 79 1 Gs_F
P B - -92.00 3.32 2081.30 70.80 4.70 66.30 30.0 0.0 0.0 Grass 133 157 96 1 Gs_F
P B - -88.50 2.72 2139.90 73.90 4.70 78.10 21.4 0.0 0.0 Grass 119 153 85 1 Gs_F
P B - -93.50 2.71 2207.40 76.20 4.70 74.00 59.4 0.0 0.0 Grass 113 146 80 1 Gs_F
P B - -98.30 1.76 2268.20 70.10 4.70 63.30 74.1 0.0 0.0 Grass 119 153 85 1 Gs_F
P B - -98.30 -13.79 2268.20 65.89 26.41 59.50 74.1 0.0 0.0 Rock 101 98 90 2 Gb_F
P B - -87.90 -0.59 2330.80 87.80 4.70 93.90 46.0 0.0 0.0 Sand 181 185 134 1 Gs_F
P B - -87.90 -14.97 2330.80 82.53 24.06 88.27 46.0 0.0 0.0 Rock 101 98 90 2 Gb_F
P B - -24.30 0.06 1035.60 87.60 4.70 83.60 78.5 0.0 0.0 Grass 116 150 82 1 Gs_F
P B - -31.40 0.45 1094.80 85.50 4.70 87.60 27.8 0.0 0.0 Grass 133 157 96 1 Gs_F
P B - -30.60 0.25 1158.40 72.30 4.70 72.50 53.4 0.0 0.0 Grass 112 144 79 1 Gs_F
P B - -32.50 0.78 1212.00 84.50 4.70 90.90 47.5 0.0 0.0 Grass 119 153 85 1 Gs_F
P B - -30.30 1.26 1277.30 77.10 4.70 72.10 38.7 0.0 0.0 Grass 112 144 79 1 Gs_F
P B - -23.20 1.71 1334.90 74.50 4.70 67.70 72.7 0.0 0.0 Grass 119 153 85 1 Gs_F
P B - -34.10 1.90 1400.10 82.10 4.70 74.00 53.0 0.0 0.0 Grass 116 150 82 1 Gs_F
P B - -24.70 2.03 1463.20 83.60 4.70 81.80 37.4 0.0 0.0 Grass 133 157 96 1 Gs_F
P B - -32.10 2.06 1520.10 79.80 4.70 79.40 31.6 0.0 0.0 Grass 116 150 82 1 Gs_F
P B - -25.00 2.41 1582.30 87.20 4.70 85.70 3.6 0.0 0.0 Grass 116 150 82 1 Gs_F
P B - -27.90 2.85 1642.10 74.90 4.70 77.50 2.5 0.0 0.0 Grass 113 146 80 1 Gs_F
P B - -30.10 2.86 1713.50 87.00 4.70 82.30 13.7 0.0 0.0 Grass 113 146 80 1 Gs_F
P B - -36.90 3.69 1775.90 87.70 4.70 92.70 11.3 0.0 0.0 Grass 112 144 79 1 Gs_F
P B - -35.50 4.02 1838.70 72.30 4.70 72.80 18.3 0.0 0.0 Grass 113 146 80 1 Gs_F
P B - -34.30 3.67 1894.30 85.10 4.70 77.10 39.3 0.0 0.0 Grass 112 144 79 1 Gs_F
P B - -35.80 3.88 1958.20 76.70 4.70 71.60 42.1 0.0 0.0 Grass 133 157 96 1 Gs_F
P B - -31.40 3.84 2015.30 78.20 4.70 83.30 41.6 0.0 0.0 Grass 113 146 80 1 Gs_F
P B - -27.00 3.28 2078.70 71.50 4.70 73.60 22.3 0.0 0.0 Grass 119 153 85 1 Gs_F
P B - -33.50 3.11 2139.10 82.40 4.70 78.50 75.2 0.0 0.0 Grass 133 157 96 1 Gs_F
P B - -25.40 2.94 2212.30 82.60 4.70 79.60 46.4 0.0 0.0 Grass 116 150 82 1 Gs_F
P B - -31.30 2.30 2272.80 78.60 4.70 74.30 35.9 0.0 0.0 Grass 116 150 82 1 Gs_F
P B - -31.30 -13.53 2272.80 73.88 26.95 69.84 35.9 0.0 0.0 Rock 101 98 90 2 Gb_F
P B - -31.10 -0.10 2333.20 87.10 4.70 79.40 77.9 0.0 0.0 Sand 181 185 134 1 Gs_F
P B - -31.10 -14.72 2333.20 81.87 24.55 74.64 77.9 0.0 0.0 Rock 101 98 90 2 Gb_F
P B - -32.30 -1.54 2393.60 83.40 4.70 78.40 42.9 0.0 0.0 Sand 181 185 134 1 Gs_F
P B - -32.30 -15.45 2393.60 78.40 23.11 73.70 42.9 0.0 0.0 Rock 101 98 90 2 Gb_F
P B - 32.00 0.34 1025.50 82.70 4.70 76.40 36.4 0.0 0.0 Grass 113 146 80 1 Gs_F
P B - 32.50 0.33 1091.40 80.90 4.70 82.40 81.0 0.0 0.0 Grass 113 146 80 1 Gs_F
P B - 29.40 0.61 1154.50 83.20 4.70 78.10 14.4 0.0 0.0 Grass 116 150 82 1 Gs_F
P B - 25.10 0.96 1211.80 84.80 4.70 88.60 59.3 0.0 0.0 Grass 113 146 80 1 Gs_F
P B - 37.00 1.38 1270.50 79.90 4.70 87.60 45.8 0.0 0.0 Grass 133 157 96 1 Gs_F
P B - 31.50 1.84 1344.80 70.60 4.70 75.10 14.5 0.0 0.0 Grass 112 144 79 1 Gs_F
P B - 33.80 1.86 1400.10 73.60 4.70 75.80 47.7 0.0 0.0 Grass 116 150 82 1 Gs_F
P B - 26.50 1.91 1459.90 85.10 4.70 91.20 64.8 0.0 0.0 Grass 116 150 82 1 Gs_F
P B - 37.90 1.72 1531.50 87.50 4.70 81.70 41.7 0.0 0.0 Grass 119 153 85 1 Gs_F
P B - 28.10 1.98 1582.30 81.70 4.70 75.00 12.1 0.0 0.0 Grass 119 153 85 1 Gs_F
P B - 27.10 2.89 1651.80 85.00 4.70 90.90 87.2 0.0 0.0 Grass 119 153 85 1 Gs_F
P B - 37.80 3.34 1711.40 85.60 4.70 80.50 66.9 0.0 0.0 Grass 112 144 79 1 Gs_F
P B - 32.00 3.55 1776.30 71.60 4.70 70.30 3.5 0.0 0.0 Grass 133 157 96 1 Gs_F
P B - 33.30 3.73 1841.80 78.60 4.70 75.90 28.1 0.0 0.0 Grass 119 153 85 1 Gs_F
P B - 27.80 4.20 1902.60 77.90 4.70 77.40 2.1 0.0 0.0 Grass 116 150 82 1 Gs_F
P B - 38.00 4.27 1954.30 73.50 4.70 78.00 10.0 0.0 0.0 Grass 119 153 85 1 Gs_F
P B - 32.80 4.12 2015.40 85.50 4.70 83.50 87.4 0.0 0.0 Grass 112 144 79 1 Gs_F
P B - 29.00 3.25 2089.40 84.60 4.70 76.50 62.6 0.0 0.0 Grass 113 146 80 1 Gs_F
P B - 36.00 3.28 2141.90 78.70 4.70 72.00 54.6 0.0 0.0 Grass 116 150 82 1 Gs_F
P B - 33.60 2.76 2206.50 84.70 4.70 83.60 41.6 0.0 0.0 Grass 133 157 96 1 Gs_F
P B - 35.00 2.81 2265.80 77.20 4.70 84.60 25.5 0.0 0.0 Grass 112 144 79 1 Gs_F
P B - 25.60 1.26 2328.90 72.70 4.70 68.40 15.1 0.0 0.0 Grass 116 150 82 1 Gs_F
P B - 25.60 -14.04 2328.90 68.34 25.91 64.30 15.1 0.0 0.0 Rock 101 98 90 2 Gb_F
P B - 30.40 -1.26 2389.40 71.60 4.70 71.50 59.4 0.0 0.0 Sand 181 185 134 1 Gs_F
P B - 30.40 -15.30 2389.40 67.30 23.39 67.21 59.4 0.0 0.0 Rock 101 98 90 2 Gb_F
P B - 96.20 0.25 1031.50 85.30 4.70 84.30 88.2 0.0 0.0 Grass 116 150 82 1 Gs_F
P B - 88.50 0.53 1094.70 84.00 4.70 87.80 78.1 0.0 0.0 Grass 116 150 82 1 Gs_F
P B - 100.50 0.66 1148.20 76.00 4.70 70.80 84.9 0.0 0.0 Grass 116 150 82 1 Gs_F
P B - 94.20 0.80 1212.00 70.20 4.70 74.70 23.6 0.0 0.0 Grass 116 150 82 1 Gs_F
P B - 98.10 1.46 1270.50 76.80 4.70 81.60 9.3 0.0 0.0 Grass 116 150 82 1 Gs_F
P B - 89.40 1.52 1337.80 70.50 4.70 63.50 25.0 0.0 0.0 Grass 112 144 79 1 Gs_F
P B - 100.40 1.91 1405.80 81.60 4.70 80.00 86.8 0.0 0.0 Grass 113 146 80 1 Gs_F
P B - 96.00 1.51 1461.40 70.40 4.70 75.60 35.0 0.0 0.0 Grass 119 153 85 1 Gs_F
P B - 89.30 1.93 1521.10 80.60 4.70 80.40 40.8 0.0 0.0 Grass 119 153 85 1 Gs_F
P B - 93.40 1.85 1588.10 71.30 4.70 77.00 70.3 0.0 0.0 Grass 112 144 79 1 Gs_F
P B - 93.30 2.24 1642.40 75.60 4.70 69.80 33.6 0.0 0.0 Grass 116 150 82 1 Gs_F
P B - 87.10 2.92 1715.90 84.00 4.70 76.40 25.3 0.0 0.0 Grass 112 144 79 1 Gs_F
P B - 96.60 3.81 1776.50 78.60 4.70 80.30 21.5 0.0 0.0 Grass 113 146 80 1 Gs_F
P B - 98.00 4.14 1837.50 73.60 4.70 77.80 82.1 0.0 0.0 Grass 133 157 96 1 Gs_F
P B - 100.40 4.99 1892.90 83.60 4.70 82.60 65.4 0.0 0.0 Grass 133 157 96 1 Gs_F
P B - 98.10 4.94 1960.10 86.20 4.70 87.30 18.1 0.0 0.0 Grass 116 150 82 1 Gs_F
P B - 100.30 4.54 2021.10 75.40 4.70 71.60 9.4 0.0 0.0 Grass 119 153 85 1 Gs_F
P B - 99.90 3.86 2084.70 77.30 4.70 70.00 15.0 0.0 0.0 Grass 133 157 96 1 Gs_F
P B - 96.90 3.32 2141.70 79.00 4.70 78.00 26.8 0.0 0.0 Grass 119 153 85 1 Gs_F
P B - 88.60 3.02 2210.60 74.50 4.70 69.10 80.1 0.0 0.0 Grass 119 153 85 1 Gs_F
P B - 91.00 3.19 2273.70 70.20 4.70 73.20 46.1 0.0 0.0 Grass 112 144 79 1 Gs_F
P B - 99.10 1.53 2333.50 83.30 4.70 76.40 85.6 0.0 0.0 Grass 119 153 85 1 Gs_F
P B - 99.10 -13.91 2333.50 78.30 26.18 71.82 85.6 0.0 0.0 Rock 101 98 90 2 Gb_F
P B - 100.10 -1.10 2397.10 86.10 4.70 89.70 27.3 0.0 0.0 Sand 181 185 134 1 Gs_F
P B - 100.10 -15.22 2397.10 80.93 23.55 84.32 27.3 0.0 0.0 Rock 101 98 90 2 Gb_F
P B - 151.00 0.68 1032.50 84.00 4.70 86.30 67.2 0.0 0.0 Grass 119 153 85 1 Gs_F
P B - 158.70 0.56 1088.30 75.10 4.70 81.70 15.9 0.0 0.0 Grass 113 146 80 1 Gs_F
P B - 157.00 0.86 1153.20 73.70 4.70 71.50 34.2 0.0 0.0 Grass 133 157 96 1 Gs_F
P B - 160.00 1.08 1219.10 72.50 4.70 70.40 46.8 0.0 0.0 Grass 116 150 82 1 Gs_F
P B - 155.50 1.15 1283.40 86.40 4.70 82.10 63.1 0.0 0.0 Grass 112 144 79 1 Gs_F
P B - 152.70 1.71 1335.20 74.90 4.70 69.10 51.3 0.0 0.0 Grass 116 150 82 1 Gs_F
P B - 160.40 1.53 1405.10 85.70 4.70 86.80 65.7 0.0 0.0 Grass 112 144 79 1 Gs_F
P B - 149.00 1.78 1456.50 74.60 4.70 73.90 48.1 0.0 0.0 Grass 116 150 82 1 Gs_F
P B - 156.10 1.95 1526.00 84.50 4.70 86.00 41.4 0.0 0.0 Grass 133 157 96 1 Gs_F
P B - 161.40 1.85 1592.70 85.00 4.70 86.60 54.9 0.0 0.0 Grass 113 146 80 1 Gs_F
P B - 158.00 2.73 1651.70 83.90 4.70 91.60 32.3 0.0 0.0 Grass 113 146 80 1 Gs_F
P B - 163.00 3.17 1707.10 73.30 4.70 75.30 21.8 0.0 0.0 Grass 112 144 79 1 Gs_F
P B - 156.20 4.36 1774.50 70.50 4.70 74.60 35.7 0.0 0.0 Grass 133 157 96 1 Gs_F
P B - 157.30 5.05 1831.00 71.40 4.70 74.60 82.2 0.0 0.0 Grass 113 146 80 1 Gs_F
P B - 161.70 5.06 1901.10 75.50 4.70 81.00 3.7 0.0 0.0 Grass 133 157 96 1 Gs_F
P B - 161.20 5.53 1957.90 74.10 4.70 70.30 10.1 0.0 0.0 Grass 133 157 96 1 Gs_F
P B - 158.30 5.32 2021.00 87.20 4.70 91.20 43.6 0.0 0.0 Grass 112 144 79 1 Gs_F
P B - 159.00 4.56 2087.50 80.10 4.70 84.20 57.8 0.0 0.0 Grass 116 150 82 1 Gs_F
P B - 156.20 3.75 2141.60 87.50 4.70 92.50 3.9 0.0 0.0 Grass 133 157 96 1 Gs_F
P B - 154.40 3.10 2200.20 73.90 4.70 67.10 22.2 0.0 0.0 Grass 133 157 96 1 Gs_F
P B - 150.50 2.64 2265.70 84.10 4.70 80.10 76.6 0.0 0.0 Grass 119 153 85 1 Gs_F
P B - 154.20 1.83 2333.00 76.70 4.70 75.80 25.3 0.0 0.0 Grass 112 144 79 1 Gs_F
P B - 154.20 -13.76 2333.00 72.10 26.48 71.25 25.3 0.0 0.0 Rock 101 98 90 2 Gb_F
P B - 161.10 -0.22 2388.90 74.50 4.70 76.30 30.9 0.0 0.0 Sand 181 185 134 1 Gs_F
P B - 161.10 -14.79 2388.90 70.03 24.43 71.72 30.9 0.0 0.0 Rock 101 98 90 2 Gb_F
P B - 218.40 0.24 1035.80 87.90 4.70 95.60 27.2 0.0 0.0 Grass 113 146 80 1 Gs_F
P B - 216.90 0.42 1091.40 82.80 4.70 88.00 26.2 0.0 0.0 Grass 113 146 80 1 Gs_F
P B - 218.90 0.65 1149.90 78.10 4.70 73.80 43.9 0.0 0.0 Grass 112 144 79 1 Gs_F
P B - 216.20 1.10 1218.10 84.10 4.70 89.80 13.9 0.0 0.0 Grass 116 150 82 1 Gs_F
P B - 217.40 1.33 1277.00 79.40 4.70 83.80 41.4 0.0 0.0 Grass 133 157 96 1 Gs_F
P B - 224.70 1.77 1336.50 87.60 4.70 79.80 69.8 0.0 0.0 Grass 133 157 96 1 Gs_F
P B - 215.00 1.51 1396.80 85.50 4.70 91.30 26.0 0.0 0.0 Grass 113 146 80 1 Gs_F
P B - 216.60 1.55 1457.30 75.40 4.70 68.80 17.7 0.0 0.0 Grass 133 157 96 1 Gs_F
P B - 212.00 1.93 1529.60 79.20 4.70 82.20 59.8 0.0 0.0 Grass 119 153 85 1 Gs_F
P B - 218.80 1.91 1582.20 75.90 4.70 79.80 40.2 0.0 0.0 Grass 133 157 96 1 Gs_F
P B - 215.30 2.86 1643.20 73.00 4.70 66.50 53.4 0.0 0.0 Grass 112 144 79 1 Gs_F
P B - 220.10 3.70 1716.00 79.60 4.70 72.50 8.9 0.0 0.0 Grass 112 144 79 1 Gs_F
P B - 223.40 4.45 1766.80 81.30 4.70 84.40 19.6 0.0 0.0 Grass 133 157 96 1 Gs_F
P B - 211.40 4.97 1840.80 70.60 4.70 66.40 2.9 0.0 0.0 Grass 133 157 96 1 Gs_F
P B - 213.20 5.32 1899.90 77.40 4.70 78.00 43.3 0.0 0.0 Grass 113 146 80 1 Gs_F
P B - 212.50 5.68 1961.30 71.20 4.70 75.20 38.5 0.0 0.0 Grass 112 144 79 1 Gs_F
P B - 212.60 5.45 2024.20 79.40 4.70 76.90 68.3 0.0 0.0 Grass 133 157 96 1 Gs_F
P B - 211.90 4.93 2081.40 75.40 4.70 73.10 87.1 0.0 0.0 Grass 112 144 79 1 Gs_F
P B - 215.40 4.03 2143.20 79.40 4.70 80.20 50.4 0.0 0.0 Grass 116 150 82 1 Gs_F
P B - 222.00 3.07 2209.00 71.50 4.70 78.50 89.2 0.0 0.0 Grass 113 146 80 1 Gs_F
P B - 216.30 2.84 2263.60 72.10 4.70 70.60 49.3 0.0 0.0 Grass 133 157 96 1 Gs_F
P B - 224.60 1.60 2337.30 73.40 4.70 79.20 30.2 0.0 0.0 Grass 116 150 82 1 Gs_F
P B - 224.60 -13.88 2337.30 69.00 26.25 74.45 30.2 0.0 0.0 Rock 101 98 90 2 Gb_F
P B - 222.50 -0.17 2389.60 79.20 4.70 72.50 12.3 0.0 0.0 Sand 181 185 134 1 Gs_F
P B - 222.50 -14.76 2389.60 74.45 24.48 68.15 12.3 0.0 0.0 Rock 101 98 90 2 Gb_F
P B - 223.50 -1.43 2451.40 85.70 4.70 79.90 15.6 0.0 0.0 Sand 181 185 134 1 Gs_F
P B - 223.50 -15.39 2451.40 80.56 23.22 75.11 15.6 0.0 0.0 Rock 101 98 90 2 Gb_F
P B - 284.20 0.14 1034.50 87.70 4.70 95.30 89.3 0.0 0.0 Grass 119 153 85 1 Gs_F
P B - 280.30 0.31 1087.20 80.40 4.70 83.10 3.4 0.0 0.0 Grass 112 144 79 1 Gs_F
P B - 275.80 0.54 1159.00 72.30 4.70 79.50 69.3 0.0 0.0 Grass 116 150 82 1 Gs_F
P B - 286.20 0.66 1216.00 73.90 4.70 76.10 15.1 0.0 0.0 Grass 116 150 82 1 Gs_F
P B - 275.00 1.09 1278.00 75.30 4.70 74.40 19.1 0.0 0.0 Grass 113 146 80 1 Gs_F
P B - 286.60 1.72 1333.40 80.90 4.70 87.30 18.6 0.0 0.0 Grass 113 146 80 1 Gs_F
P B - 274.00 1.52 1399.70 84.40 4.70 81.60 85.9 0.0 0.0 Grass 116 150 82 1 Gs_F
P B - 283.00 1.99 1458.30 70.30 4.70 73.90 12.6 0.0 0.0 Grass 133 157 96 1 Gs_F
P B - 277.20 2.12 1527.20 80.60 4.70 85.40 33.5 0.0 0.0 Grass 112 144 79 1 Gs_F
P B - 275.20 2.47 1590.20 87.40 4.70 87.70 22.9 0.0 0.0 Grass 119 153 85 1 Gs_F
P B - 284.90 2.77 1650.30 83.90 4.70 85.70 6.9 0.0 0.0 Grass 112 144 79 1 Gs_F
P B - 280.80 3.91 1717.50 86.00 4.70 89.40 47.5 0.0 0.0 Grass 119 153 85 1 Gs_F
P B - 275.20 4.46 1770.80 70.70 4.70 71.90 51.0 0.0 0.0 Grass 119 153 85 1 Gs_F
P B - 286.90 4.91 1840.70 73.40 4.70 72.90 0.7 0.0 0.0 Grass 116 150 82 1 Gs_F
P B - 282.20 5.81 1890.10 82.00 4.70 79.90 6.4 0.0 0.0 Grass 113 146 80 1 Gs_F
P B - 277.60 5.35 1959.80 73.00 4.70 72.40 6.5 0.0 0.0 Grass 116 150 82 1 Gs_F
P B - 282.60 5.42 2020.00 78.20 4.70 74.70 73.1 0.0 0.0 Grass 133 157 96 1 Gs_F
P B - 283.70 4.74 2085.00 82.90 4.70 77.40 75.4 0.0 0.0 Grass 112 144 79 1 Gs_F
P B - 282.60 3.77 2142.90 75.10 4.70 76.60 87.9 0.0 0.0 Grass 116 150 82 1 Gs_F
P B - 279.20 2.49 2204.80 83.00 4.70 89.60 82.2 0.0 0.0 Grass 133 157 96 1 Gs_F
P B - 280.90 2.32 2267.50 72.80 4.70 78.00 2.2 0.0 0.0 Grass 133 157 96 1 Gs_F
P B - 273.60 1.73 2333.20 86.70 4.70 84.70 61.4 0.0 0.0 Grass 119 153 85 1 Gs_F
P B - 273.60 -13.81 2333.20 81.50 26.38 79.62 61.4 0.0 0.0 Rock 101 98 90 2 Gb_F
P B - 273.30 -0.14 2392.50 73.70 4.70 75.00 5.1 0.0 0.0 Sand 181 185 134 1 Gs_F
P B - 273.30 -14.75 2392.50 69.28 24.51 70.50 5.1 0.0 0.0 Rock 101 98 90 2 Gb_F
P B - 275.20 -1.05 2455.20 87.90 4.70 93.30 26.3 0.0 0.0 Sand 181 185 134 1 Gs_F
P B - 275.20 -15.20 2455.20 82.63 23.60 87.70 26.3 0.0 0.0 Rock 101 98 90 2 Gb_F
P B - 348.80 0.38 1023.50 76.70 4.70 70.40 39.7 0.0 0.0 Grass 116 150 82 1 Gs_F
P B - 339.50 0.26 1084.20 70.60 4.70 76.40 65.7 0.0 0.0 Grass 113 146 80 1 Gs_F
P B - 346.30 0.59 1148.70 87.40 4.70 89.80 39.4 0.0 0.0 Grass 112 144 79 1 Gs_F
P B - 343.60 0.90 1213.70 84.40 4.70 82.50 23.6 0.0 0.0 Grass 119 153 85 1 Gs_F
P B - 346.40 1.13 1273.80 82.00 4.70 83.20 51.8 0.0 0.0 Grass 116 150 82 1 Gs_F
P B - 342.00 1.90 1332.10 84.50 4.70 78.50 67.3 0.0 0.0 Grass 116 150 82 1 Gs_F
P B - 347.00 1.93 1402.10 75.80 4.70 69.10 82.3 0.0 0.0 Grass 119 153 85 1 Gs_F
P B - 347.40 1.93 1466.20 87.00 4.70 86.10 56.0 0.0 0.0 Grass 113 146 80 1 Gs_F
P B - 342.00 2.22 1522.30 81.70 4.70 86.60 86.8 0.0 0.0 Grass 112 144 79 1 Gs_F
P B - 341.90 2.46 1582.70 85.20 4.70 91.50 21.7 0.0 0.0 Grass 119 153 85 1 Gs_F
P B - 337.00 3.16 1646.00 71.80 4.70 67.90 78.6 0.0 0.0 Grass 119 153 85 1 Gs_F
P B - 336.60 3.70 1713.50 70.40 4.70 66.20 80.6 0.0 0.0 Grass 112 144 79 1 Gs_F
P B - 335.20 4.02 1775.80 72.00 4.70 78.20 12.9 0.0 0.0 Grass 112 144 79 1 Gs_F
P B - 345.20 4.65 1837.10 87.90 4.70 90.80 46.4 0.0 0.0 Grass 116 150 82 1 Gs_F
P B - 341.80 5.31 1893.10 70.10 4.70 73.10 56.8 0.0 0.0 Grass 113 146 80 1 Gs_F
P B - 337.50 5.31 1955.00 81.40 4.70 74.50 15.3 0.0 0.0 Grass 116 150 82 1 Gs_F
P B - 342.80 5.33 2018.30 85.60 4.70 86.90 69.8 0.0 0.0 Grass 116 150 82 1 Gs_F
P B - 336.80 4.45 2088.70 75.80 4.70 81.20 69.4 0.0 0.0 Grass 119 153 85 1 Gs_F
P B - 337.90 3.24 2146.30 86.30 4.70 80.90 29.8 0.0 0.0 Grass 112 144 79 1 Gs_F
P B - 336.60 1.91 2200.20 85.40 4.70 90.80 25.7 0.0 0.0 Grass 116 150 82 1 Gs_F
P B - 344.80 1.45 2266.60 72.40 4.70 78.50 58.6 0.0 0.0 Grass 119 153 85 1 Gs_F
P B - 347.60 1.73 2324.60 79.40 4.70 83.10 7.1 0.0 0.0 Grass 119 153 85 1 Gs_F
P B - 339.30 0.06 2393.40 71.70 4.70 71.40 58.5 0.0 0.0 Sand 181 185 134 1 Gs_F
P B - 339.30 -14.64 2393.40 67.40 24.71 67.12 58.5 0.0 0.0 Rock 101 98 90 2 Gb_F
P B - 345.30 -1.24 2451.70 78.30 4.70 81.90 43.8 0.0 0.0 Sand 181 185 134 1 Gs_F
P B - 345.30 -15.29 2451.70 73.60 23.41 76.99 43.8 0.0 0.0 Rock 101 98 90 2 Gb_F
P B - 400.40 0.10 1028.40 82.20 4.70 87.80 9.4 0.0 0.0 Grass 112 144 79 1 Gs_F
P B - 408.50 0.36 1094.70 74.10 4.70 77.50 71.7 0.0 0.0 Grass 112 144 79 1 Gs_F
P B - 408.10 0.06 1146.50 85.30 4.70 76.90 37.0 0.0 0.0 Grass 133 157 96 1 Gs_F
P B - 405.70 1.05 1221.20 80.10 4.70 73.20 7.5 0.0 0.0 Grass 113 146 80 1 Gs_F
P B - 407.00 1.46 1279.90 70.20 4.70 67.10 23.7 0.0 0.0 Grass 112 144 79 1 Gs_F
P B - 406.20 1.57 1344.20 84.60 4.70 92.70 75.5 0.0 0.0 Grass 133 157 96 1 Gs_F
P B - 403.70 2.11 1402.30 71.20 4.70 72.20 37.1 0.0 0.0 Grass 112 144 79 1 Gs_F
P B - 405.50 1.95 1457.80 84.60 4.70 91.60 46.0 0.0 0.0 Grass 113 146 80 1 Gs_F
P B - 398.40 2.55 1522.60 83.30 4.70 75.70 8.8 0.0 0.0 Grass 112 144 79 1 Gs_F
P B - 407.90 2.71 1592.40 85.60 4.70 93.90 14.6 0.0 0.0 Grass 112 144 79 1 Gs_F
P B - 404.60 3.20 1653.40 83.50 4.70 91.50 20.8 0.0 0.0 Grass 112 144 79 1 Gs_F
P B - 405.30 3.41 1711.30 84.80 4.70 93.10 44.4 0.0 0.0 Grass 119 153 85 1 Gs_F
P B - 401.10 3.97 1776.90 76.60 4.70 81.10 80.4 0.0 0.0 Grass 119 153 85 1 Gs_F
P B - 399.60 4.21 1834.10 74.70 4.70 77.30 69.4 0.0 0.0 Grass 112 144 79 1 Gs_F
P B - 404.70 4.71 1903.50 80.30 4.70 83.30 50.8 0.0 0.0 Grass 116 150 82 1 Gs_F
P B - 399.20 4.79 1956.10 85.20 4.70 80.50 45.1 0.0 0.0 Grass 119 153 85 1 Gs_F
P B - 398.70 4.85 2016.10 81.10 4.70 76.90 65.1 0.0 0.0 Grass 116 150 82 1 Gs_F
P B - 400.10 3.52 2087.00 83.80 4.70 79.20 87.2 0.0 0.0 Grass 112 144 79 1 Gs_F
P B - 405.00 2.81 2140.90 74.20 4.70 68.50 24.0 0.0 0.0 Grass 112 144 79 1 Gs_F
P B - 403.10 1.76 2204.00 79.50 4.70 81.40 61.0 0.0 0.0 Grass 113 146 80 1 Gs_F
P B - 404.90 1.48 2267.70 72.10 4.70 75.20 25.2 0.0 0.0 Grass 112 144 79 1 Gs_F
P B - 408.40 1.49 2328.50 77.50 4.70 70.00 13.1 0.0 0.0 Grass 119 153 85 1 Gs_F
P B - 408.40 -13.93 2328.50 72.85 26.14 65.80 13.1 0.0 0.0 Rock 101 98 90 2 Gb_F
P B - 402.50 -0.28 2397.50 73.40 4.70 67.20 24.2 0.0 0.0 Sand 181 185 134 1 Gs_F
P B - 402.50 -14.81 2397.50 69.00 24.37 63.17 24.2 0.0 0.0 Rock 101 98 90 2 Gb_F
P B - 397.10 -1.52 2459.50 72.10 4.70 70.40 14.1 0.0 0.0 Sand 181 185 134 1 Gs_F
P B - 397.10 -15.44 2459.50 67.77 23.13 66.18 14.1 0.0 0.0 Rock 101 98 90 2 Gb_F
P B - 466.90 -0.01 1029.80 76.90 4.70 76.50 10.4 0.0 0.0 Grass 133 157 96 1 Gs_F
P B - 470.30 0.03 1085.30 85.70 4.70 94.10 78.0 0.0 0.0 Grass 116 150 82 1 Gs_F
P B - 460.00 0.19 1148.40 85.60 4.70 88.60 85.4 0.0 0.0 Grass 112 144 79 1 Gs_F
P B - 466.30 0.79 1219.60 81.80 4.70 88.00 83.2 0.0 0.0 Grass 116 150 82 1 Gs_F
P B - 459.60 1.44 1283.10 82.20 4.70 85.90 63.6 0.0 0.0 Grass 116 150 82 1 Gs_F
P B - 469.00 1.73 1339.90 73.40 4.70 78.40 68.6 0.0 0.0 Grass 112 144 79 1 Gs_F
P B - 472.50 1.91 1403.70 80.00 4.70 80.30 54.7 0.0 0.0 Grass 116 150 82 1 Gs_F
P B - 467.60 2.01 1456.10 74.10 4.70 68.00 24.0 0.0 0.0 Grass 119 153 85 1 Gs_F
P B - 461.80 2.28 1531.30 72.90 4.70 69.60 36.5 0.0 0.0 Grass 112 144 79 1 Gs_F
P B - 459.40 2.77 1590.30 70.70 4.70 73.90 55.1 0.0 0.0 Grass 133 157 96 1 Gs_F
P B - 469.40 2.67 1655.70 84.40 4.70 90.40 56.9 0.0 0.0 Grass 112 144 79 1 Gs_F
P B - 459.70 3.47 1708.70 76.60 4.70 82.80 78.7 0.0 0.0 Grass 112 144 79 1 Gs_F
P B - 461.90 4.02 1778.80 78.60 4.70 80.90 7.0 0.0 0.0 Grass 112 144 79 1 Gs_F
P B - 470.70 3.94 1841.60 70.60 4.70 70.50 70.8 0.0 0.0 Grass 112 144 79 1 Gs_F
P B - 466.80 4.28 1900.30 79.60 4.70 82.40 86.6 0.0 0.0 Grass 112 144 79 1 Gs_F
P B - 466.40 4.23 1964.20 83.00 4.70 74.90 6.1 0.0 0.0 Grass 112 144 79 1 Gs_F
P B - 469.60 4.31 2016.50 86.30 4.70 93.00 47.9 0.0 0.0 Grass 112 144 79 1 Gs_F
P B - 471.10 3.07 2089.80 77.00 4.70 70.20 32.1 0.0 0.0 Grass 113 146 80 1 Gs_F
P B - 470.20 2.69 2139.90 74.50 4.70 73.50 84.9 0.0 0.0 Grass 119 153 85 1 Gs_F
P B - 468.50 2.13 2208.90 82.70 4.70 81.40 25.3 0.0 0.0 Grass 116 150 82 1 Gs_F
P B - 467.00 1.52 2269.40 79.30 4.70 86.10 79.5 0.0 0.0 Grass 119 153 85 1 Gs_F
P B - 462.30 1.21 2326.20 78.50 4.70 84.60 59.7 0.0 0.0 Grass 119 153 85 1 Gs_F
P B - 462.30 -14.07 2326.20 73.79 25.86 79.52 59.7 0.0 0.0 Rock 101 98 90 2 Gb_F
P B - 472.40 0.01 2389.70 73.30 4.70 78.10 67.8 0.0 0.0 Sand 181 185 134 1 Gs_F
P B - 472.40 -14.67 2389.70 68.90 24.66 73.41 67.8 0.0 0.0 Rock 101 98 90 2 Gb_F
P B - 463.00 -1.43 2448.40 77.10 4.70 82.50 24.6 0.0 0.0 Sand 181 185 134 1 Gs_F
P B - 463.00 -15.39 2448.40 72.47 23.22 77.55 24.6 0.0 0.0 Rock 101 98 90 2 Gb_F
P B - 533.40 0.64 1029.90 81.40 4.70 79.10 86.1 0.0 0.0 Grass 119 153 85 1 Gs_F
P B - 533.60 0.31 1096.40 81.20 4.70 82.20 22.1 0.0 0.0 Grass 113 146 80 1 Gs_F
P B - 524.70 0.52 1147.20 79.10 4.70 73.90 52.1 0.0 0.0 Grass 133 157 96 1 Gs_F
P B - 526.20 1.33 1211.80 87.80 4.70 93.80 81.2 0.0 0.0 Grass 119 153 85 1 Gs_F
P B - 524.40 1.62 1278.10 75.60 4.70 82.40 19.7 0.0 0.0 Grass 113 146 80 1 Gs_F
P B - 531.90 1.99 1339.50 83.70 4.70 77.50 39.1 0.0 0.0 Grass 112 144 79 1 Gs_F
P B - 521.90 1.91 1397.80 87.50 4.70 87.10 65.4 0.0 0.0 Grass 113 146 80 1 Gs_F
P B - 521.80 1.97 1459.80 85.20 4.70 78.80 20.4 0.0 0.0 Grass 112 144 79 1 Gs_F
P B - 529.70 2.37 1530.40 84.90 4.70 86.50 39.3 0.0 0.0 Grass 112 144 79 1 Gs_F
P B - 533.60 2.30 1590.60 82.90 4.70 89.60 36.4 0.0 0.0 Grass 112 144 79 1 Gs_F
P B - 528.60 3.00 1649.00 86.30 4.70 88.20 1.0 0.0 0.0 Grass 133 157 96 1 Gs_F
P B - 521.70 3.20 1707.10 78.40 4.70 77.00 38.0 0.0 0.0 Grass 133 157 96 1 Gs_F
P B - 523.20 3.74 1779.50 70.80 4.70 73.10 27.6 0.0 0.0 Grass 112 144 79 1 Gs_F
P B - 534.20 3.97 1840.90 72.50 4.70 78.00 23.3 0.0 0.0 Grass 119 153 85 1 Gs_F
P B - 528.70 4.04 1891.40 77.10 4.70 80.00 17.5 0.0 0.0 Grass 113 146 80 1 Gs_F
P B - 533.00 4.01 1959.90 74.40 4.70 73.60 28.1 0.0 0.0 Grass 113 146 80 1 Gs_F
P B - 521.70 3.94 2020.00 80.30 4.70 81.30 84.3 0.0 0.0 Grass 116 150 82 1 Gs_F
P B - 521.50 3.60 2088.80 80.10 4.70 86.20 19.3 0.0 0.0 Grass 133 157 96 1 Gs_F
P B - 522.30 2.97 2148.40 70.30 4.70 70.80 43.7 0.0 0.0 Grass 116 150 82 1 Gs_F
P B - 531.10 2.59 2209.90 85.60 4.70 94.00 7.3 0.0 0.0 Grass 113 146 80 1 Gs_F
P B - 531.10 -13.38 2209.90 80.46 27.24 88.36 7.3 0.0 0.0 Rock 101 98 90 2 Gb_F
P B - 530.50 0.80 2268.20 81.50 4.70 83.50 78.0 0.0 0.0 Grass 133 157 96 1 Gs_F
P B - 530.50 -14.28 2268.20 76.61 25.45 78.49 78.0 0.0 0.0 Rock 101 98 90 2 Gb_F
P B - 529.40 -0.08 2333.80 75.10 4.70 71.10 60.8 0.0 0.0 Sand 181 185 134 1 Gs_F
P B - 529.40 -14.71 2333.80 70.59 24.57 66.83 60.8 0.0 0.0 Rock 101 98 90 2 Gb_F
P B - 527.00 -0.96 2388.00 78.50 4.70 77.20 68.0 0.0 0.0 Sand 181 185 134 1 Gs_F
P B - 527.00 -15.16 2388.00 73.79 23.69 72.57 68.0 0.0 0.0 Rock 101 98 90 2 Gb_F
P B - 584.80 0.92 1029.00 84.60 4.70 90.50 55.8 0.0 0.0 Grass 116 150 82 1 Gs_F
P B - 594.00 1.20 1084.70 71.50 4.70 78.20 49.4 0.0 0.0 Grass 119 153 85 1 Gs_F
P B - 583.70 0.97 1152.30 77.00 4.70 80.70 3.3 0.0 0.0 Grass 133 157 96 1 Gs_F
P B - 590.70 1.55 1215.70 72.20 4.70 72.20 31.9 0.0 0.0 Grass 116 150 82 1 Gs_F
P B - 595.60 1.82 1270.10 79.80 4.70 75.70 63.2 0.0 0.0 Grass 116 150 82 1 Gs_F
P B - 584.30 1.90 1335.30 81.70 4.70 73.70 41.9 0.0 0.0 Grass 119 153 85 1 Gs_F
P B - 584.50 2.13 1396.70 71.70 4.70 73.60 11.1 0.0 0.0 Grass 113 146 80 1 Gs_F
P B - 590.40 2.05 1468.70 76.60 4.70 75.60 40.5 0.0 0.0 Grass 116 150 82 1 Gs_F
P B - 596.30 2.19 1526.10 73.90 4.70 67.30 85.9 0.0 0.0 Grass 116 150 82 1 Gs_F
P B - 588.60 2.64 1583.20 83.00 4.70 91.20 5.0 0.0 0.0 Grass 116 150 82 1 Gs_F
P B - 586.80 3.19 1644.70 74.40 4.70 70.10 53.1 0.0 0.0 Grass 116 150 82 1 Gs_F
P B - 588.80 3.54 1706.70 87.20 4.70 83.70 49.7 0.0 0.0 Grass 112 144 79 1 Gs_F
P B - 584.50 4.08 1776.10 76.90 4.70 84.30 32.1 0.0 0.0 Grass 116 150 82 1 Gs_F
P B - 584.90 4.13 1835.40 73.10 4.70 67.60 80.7 0.0 0.0 Grass 112 144 79 1 Gs_F
P B - 588.20 4.29 1895.80 76.60 4.70 82.00 83.6 0.0 0.0 Grass 119 153 85 1 Gs_F
P B - 587.60 4.00 1963.80 85.00 4.70 90.70 82.0 0.0 0.0 Grass 113 146 80 1 Gs_F
P B - 587.90 4.06 2017.30 81.30 4.70 84.00 47.7 0.0 0.0 Grass 116 150 82 1 Gs_F
P B - 595.20 3.94 2078.90 75.90 4.70 83.10 50.8 0.0 0.0 Grass 119 153 85 1 Gs_F
P B - 588.70 3.28 2142.90 80.60 4.70 85.40 22.3 0.0 0.0 Grass 119 153 85 1 Gs_F
P B - 585.20 2.20 2213.10 76.40 4.70 82.70 42.9 0.0 0.0 Grass 133 157 96 1 Gs_F
P B - 585.20 -13.57 2213.10 71.82 26.85 77.74 42.9 0.0 0.0 Rock 101 98 90 2 Gb_F
P B - 583.60 0.02 2267.50 71.10 4.70 64.30 18.8 0.0 0.0 Sand 181 185 134 1 Gs_F
P B - 583.60 -14.66 2267.50 66.83 24.67 60.44 18.8 0.0 0.0 Rock 101 98 90 2 Gb_F
P B - 588.10 -1.44 2328.90 79.30 4.70 78.50 50.0 0.0 0.0 Sand 181 185 134 1 Gs_F
P B - 588.10 -15.39 2328.90 74.54 23.21 73.79 50.0 0.0 0.0 Rock 101 98 90 2 Gb_F
P B - 645.90 1.18 1029.30 84.10 4.70 86.40 65.6 0.0 0.0 Grass 112 144 79 1 Gs_F
P B - 649.70 1.55 1087.90 73.80 4.70 79.10 48.8 0.0 0.0 Grass 116 150 82 1 Gs_F
P B - 648.20 1.63 1159.10 86.40 4.70 94.80 50.2 0.0 0.0 Grass 133 157 96 1 Gs_F
P B - 649.30 1.60 1210.50 76.80 4.70 81.90 60.8 0.0 0.0 Grass 112 144 79 1 Gs_F
P B - 651.00 2.30 1271.50 79.00 4.70 80.60 73.2 0.0 0.0 Grass 112 144 79 1 Gs_F
P B - 656.00 1.94 1343.30 82.20 4.70 85.10 28.4 0.0 0.0 Grass 133 157 96 1 Gs_F
P B - 648.20 2.07 1404.60 78.50 4.70 78.20 74.2 0.0 0.0 Grass 112 144 79 1 Gs_F
P B - 651.20 2.04 1457.90 71.20 4.70 66.90 70.9 0.0 0.0 Grass 119 153 85 1 Gs_F
P B - 657.30 2.36 1522.40 79.80 4.70 76.70 82.3 0.0 0.0 Grass 119 153 85 1 Gs_F
P B - 655.40 2.66 1586.60 72.40 4.70 77.10 54.2 0.0 0.0 Grass 133 157 96 1 Gs_F
P B - 654.50 3.41 1654.90 76.80 4.70 69.80 14.0 0.0 0.0 Grass 113 146 80 1 Gs_F
P B - 658.40 4.01 1715.00 82.80 4.70 82.80 71.1 0.0 0.0 Grass 116 150 82 1 Gs_F
P B - 646.90 3.99 1777.10 76.70 4.70 79.10 80.8 0.0 0.0 Grass 112 144 79 1 Gs_F
P B - 658.70 4.66 1842.00 82.20 4.70 79.80 14.4 0.0 0.0 Grass 113 146 80 1 Gs_F
P B - 650.40 4.65 1903.30 86.70 4.70 80.10 41.9 0.0 0.0 Grass 133 157 96 1 Gs_F
P B - 653.90 4.51 1965.00 85.50 4.70 82.20 78.0 0.0 0.0 Grass 112 144 79 1 Gs_F
P B - 650.10 4.29 2026.50 81.00 4.70 83.20 56.3 0.0 0.0 Grass 112 144 79 1 Gs_F
P B - 653.00 4.03 2076.50 80.20 4.70 85.10 61.0 0.0 0.0 Grass 112 144 79 1 Gs_F
P B - 657.50 3.52 2143.50 87.60 4.70 86.70 70.4 0.0 0.0 Grass 119 153 85 1 Gs_F
P B - 646.20 2.05 2201.50 79.80 4.70 80.70 9.4 0.0 0.0 Grass 116 150 82 1 Gs_F
P B - 646.20 -13.65 2201.50 75.01 26.70 75.86 9.4 0.0 0.0 Rock 101 98 90 2 Gb_F
P B - 648.80 -1.12 2272.20 71.50 4.70 68.10 52.2 0.0 0.0 Sand 181 185 134 1 Gs_F
P B - 648.80 -15.23 2272.20 67.21 23.53 64.01 52.2 0.0 0.0 Rock 101 98 90 2 Gb_F
P B - 717.90 1.37 970.80 84.50 4.70 86.00 33.9 0.0 0.0 Grass 112 144 79 1 Gs_F
P B - 717.20 1.29 1024.10 85.90 4.70 79.90 68.5 0.0 0.0 Grass 116 150 82 1 Gs_F
P B - 709.40 1.41 1089.10 79.20 4.70 76.60 15.7 0.0 0.0 Grass 112 144 79 1 Gs_F
P B - 719.60 1.52 1153.60 75.00 4.70 79.40 59.5 0.0 0.0 Grass 112 144 79 1 Gs_F
P B - 707.40 2.24 1208.10 87.60 4.70 80.30 31.6 0.0 0.0 Grass 113 146 80 1 Gs_F
P B - 718.60 2.47 1279.10 85.60 4.70 79.90 66.9 0.0 0.0 Grass 116 150 82 1 Gs_F
P B - 708.80 2.42 1339.30 75.70 4.70 81.10 10.8 0.0 0.0 Grass 133 157 96 1 Gs_F
P B - 713.90 2.04 1401.90 74.10 4.70 80.60 74.2 0.0 0.0 Grass 112 144 79 1 Gs_F
P B - 711.30 2.21 1465.20 80.40 4.70 77.70 69.7 0.0 0.0 Grass 116 150 82 1 Gs_F
P B - 720.50 2.54 1526.80 81.80 4.70 74.40 58.0 0.0 0.0 Grass 133 157 96 1 Gs_F
P B - 710.50 3.05 1590.90 77.70 4.70 70.20 68.4 0.0 0.0 Grass 113 146 80 1 Gs_F
P B - 711.50 3.33 1647.70 78.40 4.70 75.60 69.1 0.0 0.0 Grass 133 157 96 1 Gs_F
P B - 708.90 3.70 1711.70 77.40 4.70 85.00 57.6 0.0 0.0 Grass 116 150 82 1 Gs_F
P B - 707.50 4.05 1770.60 81.50 4.70 75.20 10.1 0.0 0.0 Grass 119 153 85 1 Gs_F
P B - 711.90 4.74 1838.50 72.50 4.70 65.40 52.8 0.0 0.0 Grass 112 144 79 1 Gs_F
P B - 711.10 4.91 1901.10 84.10 4.70 88.60 12.9 0.0 0.0 Grass 133 157 96 1 Gs_F
P B - 712.70 4.52 1962.70 79.40 4.70 83.10 13.5 0.0 0.0 Grass 112 144 79 1 Gs_F
P B - 720.00 4.28 2025.80 75.10 4.70 68.90 31.8 0.0 0.0 Grass 119 153 85 1 Gs_F
P B - 716.90 4.05 2077.70 77.90 4.70 70.30 55.5 0.0 0.0 Grass 113 146 80 1 Gs_F
P B - 712.10 3.72 2144.50 76.40 4.70 70.80 87.9 0.0 0.0 Grass 113 146 80 1 Gs_F
P B - 709.90 1.84 2210.90 78.70 4.70 72.40 72.2 0.0 0.0 Grass 133 157 96 1 Gs_F
P B - 709.90 -13.75 2210.90 73.98 26.49 68.06 72.2 0.0 0.0 Rock 101 98 90 2 Gb_F
P B - 709.90 -0.36 2263.00 76.40 4.70 74.20 44.0 0.0 0.0 Sand 181 185 134 1 Gs_F
P B - 709.90 -14.86 2263.00 71.82 24.29 69.75 44.0 0.0 0.0 Rock 101 98 90 2 Gb_F
P B - 776.80 1.22 973.30 73.80 4.70 68.90 35.3 0.0 0.0 Grass 119 153 85 1 Gs_F
P B - 777.20 1.28 1025.10 81.30 4.70 82.70 50.6 0.0 0.0 Grass 119 153 85 1 Gs_F
P B - 777.60 1.54 1091.50 73.40 4.70 78.70 25.7 0.0 0.0 Grass 133 157 96 1 Gs_F
P B - 781.90 2.00 1158.00 84.00 4.70 91.50 7.0 0.0 0.0 Grass 116 150 82 1 Gs_F
P B - 781.20 2.33 1221.50 79.10 4.70 78.30 28.5 0.0 0.0 Grass 116 150 82 1 Gs_F
P B - 778.70 2.32 1280.60 83.00 4.70 86.30 59.8 0.0 0.0 Grass 112 144 79 1 Gs_F
P B - 782.90 2.86 1336.10 78.70 4.70 81.00 54.3 0.0 0.0 Grass 133 157 96 1 Gs_F
P B - 777.80 2.70 1401.10 84.80 4.70 81.20 41.3 0.0 0.0 Grass 113 146 80 1 Gs_F
P B - 774.70 2.48 1463.80 70.60 4.70 72.70 45.9 0.0 0.0 Grass 113 146 80 1 Gs_F
P B - 776.10 2.93 1523.10 75.10 4.70 78.50 61.5 0.0 0.0 Grass 119 153 85 1 Gs_F
P B - 773.20 3.24 1580.70 78.90 4.70 75.10 58.2 0.0 0.0 Grass 113 146 80 1 Gs_F
P B - 771.30 3.81 1653.70 77.30 4.70 75.40 39.5 0.0 0.0 Grass 113 146 80 1 Gs_F
P B - 781.60 4.01 1706.50 74.60 4.70 81.60 21.7 0.0 0.0 Grass 133 157 96 1 Gs_F
P B - 775.20 4.70 1776.20 73.00 4.70 70.30 60.7 0.0 0.0 Grass 119 153 85 1 Gs_F
P B - 771.60 4.55 1840.50 74.40 4.70 69.30 46.4 0.0 0.0 Grass 116 150 82 1 Gs_F
P B - 775.50 4.69 1894.10 83.40 4.70 83.90 64.4 0.0 0.0 Grass 113 146 80 1 Gs_F
P B - 771.50 4.43 1964.00 80.50 4.70 74.80 67.6 0.0 0.0 Grass 112 144 79 1 Gs_F
P B - 777.80 4.53 2023.90 71.40 4.70 67.90 50.1 0.0 0.0 Grass 112 144 79 1 Gs_F
P B - 779.90 3.73 2086.10 73.40 4.70 68.60 81.6 0.0 0.0 Grass 112 144 79 1 Gs_F
P B - 782.90 3.08 2141.40 75.70 4.70 80.90 46.4 0.0 0.0 Grass 133 157 96 1 Gs_F
P B - 782.40 2.83 2201.70 83.00 4.70 83.60 58.9 0.0 0.0 Grass 113 146 80 1 Gs_F
P B - 782.40 -13.26 2201.70 78.02 27.48 78.58 58.9 0.0 0.0 Rock 101 98 90 2 Gb_F
P B - 773.60 1.04 2266.30 75.90 4.70 71.00 74.5 0.0 0.0 Sand 181 185 134 1 Gs_F
P B - 773.60 -14.15 2266.30 71.35 25.69 66.74 74.5 0.0 0.0 Rock 101 98 90 2 Gb_F
P B - 775.80 -0.63 2331.50 86.70 4.70 79.10 53.2 0.0 0.0 Sand 181 185 134 1 Gs_F
P B - 775.80 -14.99 2331.50 81.50 24.02 74.35 53.2 0.0 0.0 Rock 101 98 90 2 Gb_F
P B - 780.80 -1.32 2394.00 75.20 4.70 78.80 3.1 0.0 0.0 Sand 181 185 134 1 Gs_F
P B - 780.80 -15.34 2394.00 70.69 23.33 74.07 3.1 0.0 0.0 Rock 101 98 90 2 Gb_F
P B - 844.00 0.94 963.60 87.50 4.70 90.20 74.0 0.0 0.0 Grass 113 146 80 1 Gs_F
P B - 836.20 1.50 1022.10 85.40 4.70 90.70 58.8 0.0 0.0 Grass 112 144 79 1 Gs_F
P B - 842.60 1.57 1085.40 87.00 4.70 93.80 88.4 0.0 0.0 Grass 133 157 96 1 Gs_F
P B - 835.80 2.00 1157.70 81.50 4.70 81.70 1.5 0.0 0.0 Grass 119 153 85 1 Gs_F
P B - 835.00 2.22 1217.50 82.90 4.70 75.30 86.1 0.0 0.0 Grass 116 150 82 1 Gs_F
P B - 840.30 3.04 1276.90 73.60 4.70 79.60 13.9 0.0 0.0 Grass 133 157 96 1 Gs_F
P B - 843.50 3.00 1343.40 84.00 4.70 78.50 77.8 0.0 0.0 Grass 112 144 79 1 Gs_F
P B - 836.00 3.20 1406.20 71.40 4.70 64.40 84.3 0.0 0.0 Grass 133 157 96 1 Gs_F
P B - 842.60 3.16 1457.60 72.60 4.70 65.90 32.8 0.0 0.0 Grass 133 157 96 1 Gs_F
P B - 831.20 3.65 1531.80 84.90 4.70 81.80 74.7 0.0 0.0 Grass 113 146 80 1 Gs_F
P B - 840.70 3.70 1592.80 73.50 4.70 66.40 58.6 0.0 0.0 Grass 113 146 80 1 Gs_F
P B - 840.40 4.01 1644.30 73.10 4.70 72.60 43.6 0.0 0.0 Grass 133 157 96 1 Gs_F
P B - 832.60 4.50 1716.20 79.10 4.70 80.70 45.3 0.0 0.0 Grass 112 144 79 1 Gs_F
P B - 832.00 4.42 1770.30 72.80 4.70 78.60 75.9 0.0 0.0 Grass 116 150 82 1 Gs_F
P B - 834.40 4.43 1834.80 70.70 4.70 66.90 73.7 0.0 0.0 Grass 113 146 80 1 Gs_F
P B - 841.40 4.49 1894.70 86.80 4.70 85.50 9.8 0.0 0.0 Grass 116 150 82 1 Gs_F
P B - 837.50 4.81 1957.30 73.70 4.70 75.80 2.8 0.0 0.0 Grass 113 146 80 1 Gs_F
P B - 839.90 4.19 2021.60 86.60 4.70 95.00 11.3 0.0 0.0 Grass 112 144 79 1 Gs_F
P B - 840.80 3.81 2086.70 80.70 4.70 82.10 62.1 0.0 0.0 Grass 112 144 79 1 Gs_F
P B - 839.80 2.93 2149.30 83.70 4.70 83.20 58.7 0.0 0.0 Grass 116 150 82 1 Gs_F
P B - 842.10 2.83 2209.60 77.20 4.70 76.90 10.2 0.0 0.0 Grass 116 150 82 1 Gs_F
P B - 834.60 2.34 2262.30 85.50 4.70 84.90 37.3 0.0 0.0 Grass 112 144 79 1 Gs_F
P B - 834.60 -13.50 2262.30 80.37 26.99 79.81 37.3 0.0 0.0 Rock 101 98 90 2 Gb_F
P B - 831.10 1.30 2329.00 87.50 4.70 88.60 38.1 0.0 0.0 Sand 181 185 134 1 Gs_F
P B - 831.10 -14.03 2329.00 82.25 25.95 83.28 38.1 0.0 0.0 Rock 101 98 90 2 Gb_F
P B - 836.80 -1.10 2392.30 71.60 4.70 73.80 8.6 0.0 0.0 Sand 181 185 134 1 Gs_F
P B - 836.80 -15.22 2392.30 67.30 23.55 69.37 8.6 0.0 0.0 Rock 101 98 90 2 Gb_F
P B - 904.50 0.93 967.20 82.70 4.70 87.00 75.7 0.0 0.0 Grass 116 150 82 1 Gs_F
P B - 905.30 1.06 1029.70 73.40 4.70 70.10 59.9 0.0 0.0 Grass 113 146 80 1 Gs_F
P B - 901.10 1.17 1085.00 75.50 4.70 74.80 26.1 0.0 0.0 Grass 116 150 82 1 Gs_F
P B - 900.70 2.02 1152.30 76.10 4.70 80.50 41.8 0.0 0.0 Grass 116 150 82 1 Gs_F
P B - 902.10 2.81 1213.30 74.00 4.70 78.60 8.4 0.0 0.0 Grass 133 157 96 1 Gs_F
P B - 903.50 3.45 1276.40 82.10 4.70 87.00 7.6 0.0 0.0 Grass 116 150 82 1 Gs_F
P B - 897.00 4.05 1342.50 84.40 4.70 92.00 82.7 0.0 0.0 Grass 116 150 82 1 Gs_F
P B - 896.50 4.21 1395.90 78.30 4.70 73.20 7.3 0.0 0.0 Grass 119 153 85 1 Gs_F
P B - 896.90 3.88 1462.20 78.80 4.70 73.50 35.3 0.0 0.0 Grass 133 157 96 1 Gs_F
P B - 906.70 3.98 1521.00 85.40 4.70 81.80 55.2 0.0 0.0 Grass 113 146 80 1 Gs_F
P B - 904.50 4.28 1591.10 79.50 4.70 77.60 39.5 0.0 0.0 Grass 116 150 82 1 Gs_F
P B - 906.20 4.31 1648.50 76.30 4.70 70.40 14.6 0.0 0.0 Grass 113 146 80 1 Gs_F
P B - 895.50 4.68 1717.30 77.20 4.70 70.00 78.5 0.0 0.0 Grass 116 150 82 1 Gs_F
P B - 902.80 4.45 1775.70 71.40 4.70 71.30 47.7 0.0 0.0 Grass 116 150 82 1 Gs_F
P B - 898.60 4.64 1839.20 78.90 4.70 83.70 27.8 0.0 0.0 Grass 116 150 82 1 Gs_F
P B - 902.70 5.12 1894.90 85.00 4.70 85.20 62.8 0.0 0.0 Grass 119 153 85 1 Gs_F
P B - 905.10 4.93 1959.80 80.60 4.70 83.70 4.0 0.0 0.0 Grass 113 146 80 1 Gs_F
P B - 900.60 4.58 2024.70 77.10 4.70 78.30 63.5 0.0 0.0 Grass 119 153 85 1 Gs_F
P B - 899.40 3.87 2086.30 87.40 4.70 81.60 63.7 0.0 0.0 Grass 133 157 96 1 Gs_F
P B - 905.90 2.75 2150.70 79.00 4.70 76.40 12.2 0.0 0.0 Grass 113 146 80 1 Gs_F
P B - 896.00 2.59 2210.20 77.20 4.70 69.80 71.8 0.0 0.0 Grass 119 153 85 1 Gs_F
P B - 895.50 2.87 2266.40 76.00 4.70 69.40 15.5 0.0 0.0 Grass 113 146 80 1 Gs_F
P B - 895.50 -13.24 2266.40 71.44 27.52 65.24 15.5 0.0 0.0 Rock 101 98 90 2 Gb_F
P B - 899.70 0.50 2335.60 85.40 4.70 86.20 23.0 0.0 0.0 Sand 181 185 134 1 Gs_F
P B - 899.70 -14.43 2335.60 80.28 25.15 81.03 23.0 0.0 0.0 Rock 101 98 90 2 Gb_F
P B - 898.80 -1.41 2394.60 71.50 4.70 64.70 64.1 0.0 0.0 Sand 181 185 134 1 Gs_F
P B - 898.80 -15.38 2394.60 67.21 23.24 60.82 64.1 0.0 0.0 Rock 101 98 90 2 Gb_F
P B - 967.20 0.90 972.20 83.20 4.70 80.60 33.9 0.0 0.0 Grass 119 153 85 1 Gs_F
P B - 966.70 1.18 1033.20 80.00 4.70 84.40 45.8 0.0 0.0 Grass 112 144 79 1 Gs_F
P B - 968.90 1.26 1094.70 76.50 4.70 75.20 3.4 0.0 0.0 Grass 112 144 79 1 Gs_F
P B - 967.60 2.14 1146.30 83.30 4.70 89.20 16.3 0.0 0.0 Grass 119 153 85 1 Gs_F
P B - 965.10 2.94 1222.00 73.40 4.70 74.10 1.0 0.0 0.0 Grass 133 157 96 1 Gs_F
P B - 957.70 3.61 1270.10 75.40 4.70 82.50 54.5 0.0 0.0 Grass 116 150 82 1 Gs_F
P B - 962.80 4.22 1337.30 80.00 4.70 75.50 31.8 0.0 0.0 Grass 116 150 82 1 Gs_F
P B - 958.70 4.32 1399.10 73.70 4.70 69.80 47.6 0.0 0.0 Grass 112 144 79 1 Gs_F
P B - 960.90 4.23 1467.60 84.70 4.70 79.70 31.4 0.0 0.0 Grass 112 144 79 1 Gs_F
P B - 963.20 4.43 1524.20 75.60 4.70 71.10 22.5 0.0 0.0 Grass 119 153 85 1 Gs_F
P B - 966.60 4.00 1582.50 76.00 4.70 78.20 48.2 0.0 0.0 Grass 133 157 96 1 Gs_F
P B - 959.30 4.62 1653.60 87.30 4.70 88.00 22.7 0.0 0.0 Grass 113 146 80 1 Gs_F
P B - 962.90 4.68 1709.60 75.60 4.70 82.10 26.0 0.0 0.0 Grass 119 153 85 1 Gs_F
P B - 961.00 4.95 1769.20 72.60 4.70 79.10 25.4 0.0 0.0 Grass 116 150 82 1 Gs_F
P B - 968.40 5.37 1839.10 73.80 4.70 66.90 54.2 0.0 0.0 Grass 119 153 85 1 Gs_F
P B - 955.40 5.63 1898.00 85.60 4.70 91.40 14.8 0.0 0.0 Grass 112 144 79 1 Gs_F
P B - 963.00 5.76 1955.70 86.00 4.70 80.10 45.6 0.0 0.0 Grass 112 144 79 1 Gs_F
P B - 958.40 5.16 2015.70 79.90 4.70 84.60 2.7 0.0 0.0 Grass 116 150 82 1 Gs_F
P B - 968.10 4.49 2089.00 70.20 4.70 67.80 73.7 0.0 0.0 Grass 116 150 82 1 Gs_F
P B - 961.60 3.45 2142.40 84.10 4.70 85.70 7.4 0.0 0.0 Grass 116 150 82 1 Gs_F
P B - 968.50 3.04 2212.40 84.90 4.70 84.10 45.5 0.0 0.0 Grass 133 157 96 1 Gs_F
P B - 962.60 1.91 2274.50 74.20 4.70 69.20 28.1 0.0 0.0 Grass 113 146 80 1 Gs_F
P B - 962.60 -13.72 2274.50 69.75 26.56 65.05 28.1 0.0 0.0 Rock 101 98 90 2 Gb_F
P B - 959.20 -0.19 2337.00 77.70 4.70 72.80 26.0 0.0 0.0 Sand 181 185 134 1 Gs_F
P B - 959.20 -14.77 2337.00 73.04 24.46 68.43 26.0 0.0 0.0 Rock 101 98 90 2 Gb_F
P B - 964.90 -1.63 2387.90 82.70 4.70 89.50 63.7 0.0 0.0 Sand 181 185 134 1 Gs_F
P B - 964.90 -15.49 2387.90 77.74 23.02 84.13 63.7 0.0 0.0 Rock 101 98 90 2 Gb_F
P B - 1021.80 1.07 971.30 77.90 4.70 84.60 86.9 0.0 0.0 Grass 112 144 79 1 Gs_F
P B - 1021.80 -14.14 971.30 73.23 25.72 79.52 86.9 0.0 0.0 Rock 101 98 90 2 Gb_F
P B - 1018.90 1.40 1022.70 77.60 4.70 84.60 58.6 0.0 0.0 Grass 112 144 79 1 Gs_F
P B - 1018.90 -13.97 1022.70 72.94 26.05 79.52 58.6 0.0 0.0 Rock 101 98 90 2 Gb_F
P B - 1023.00 1.86 1093.40 87.60 4.70 89.80 26.4 0.0 0.0 Grass 113 146 80 1 Gs_F
P B - 1028.10 2.19 1149.00 81.00 4.70 73.80 27.6 0.0 0.0 Grass 116 150 82 1 Gs_F
P B - 1030.80 3.67 1212.20 85.90 4.70 80.40 72.1 0.0 0.0 Grass 119 153 85 1 Gs_F
P B - 1029.60 4.06 1279.60 79.50 4.70 86.10 22.6 0.0 0.0 Grass 113 146 80 1 Gs_F
P B - 1020.90 4.44 1333.30 84.30 4.70 86.00 74.6 0.0 0.0 Grass 133 157 96 1 Gs_F
P B - 1022.00 4.44 1401.70 83.40 4.70 84.70 46.5 0.0 0.0 Grass 112 144 79 1 Gs_F
P B - 1018.30 4.36 1465.40 86.50 4.70 83.30 30.3 0.0 0.0 Grass 116 150 82 1 Gs_F
P B - 1030.50 4.63 1527.00 70.40 4.70 72.60 23.9 0.0 0.0 Grass 113 146 80 1 Gs_F
P B - 1021.00 4.61 1586.30 85.80 4.70 81.80 5.1 0.0 0.0 Grass 116 150 82 1 Gs_F
P B - 1023.40 4.55 1654.50 70.70 4.70 67.70 9.1 0.0 0.0 Grass 113 146 80 1 Gs_F
P B - 1019.30 4.62 1709.80 80.80 4.70 83.30 15.5 0.0 0.0 Grass 116 150 82 1 Gs_F
P B - 1018.20 5.40 1779.50 72.00 4.70 67.10 64.7 0.0 0.0 Grass 113 146 80 1 Gs_F
P B - 1021.80 5.98 1838.60 77.30 4.70 75.40 60.2 0.0 0.0 Grass 119 153 85 1 Gs_F
P B - 1023.70 6.28 1895.60 82.80 4.70 90.70 53.9 0.0 0.0 Grass 133 157 96 1 Gs_F
P B - 1027.30 6.65 1965.60 74.20 4.70 75.50 36.9 0.0 0.0 Grass 112 144 79 1 Gs_F
P B - 1022.80 6.18 2014.70 87.90 4.70 81.20 85.9 0.0 0.0 Grass 133 157 96 1 Gs_F
P B - 1022.50 5.14 2078.70 82.00 4.70 88.00 72.0 0.0 0.0 Grass 133 157 96 1 Gs_F
P B - 1018.00 3.67 2147.10 77.60 4.70 75.40 86.2 0.0 0.0 Grass 116 150 82 1 Gs_F
P B - 1020.10 2.87 2201.50 86.20 4.70 86.90 2.4 0.0 0.0 Grass 112 144 79 1 Gs_F
P B - 1020.10 -13.24 2201.50 81.03 27.52 81.69 2.4 0.0 0.0 Rock 101 98 90 2 Gb_F
P B - 1023.70 0.74 2275.50 83.00 4.70 89.80 32.8 0.0 0.0 Sand 181 185 134 1 Gs_F
P B - 1023.70 -14.30 2275.50 78.02 25.39 84.41 32.8 0.0 0.0 Rock 101 98 90 2 Gb_F
P B - 1018.00 -0.92 2334.30 80.40 4.70 72.60 33.5 0.0 0.0 Sand 181 185 134 1 Gs_F
P B - 1018.00 -15.13 2334.30 75.58 23.73 68.24 33.5 0.0 0.0 Rock 101 98 90 2 Gb_F
P B - 1083.00 -1.08 907.40 85.20 4.70 78.30 27.2 0.0 0.0 Sand 181 185 134 1 Gs_F
P B - 1083.00 -15.21 907.40 80.09 23.57 73.60 27.2 0.0 0.0 Rock 101 98 90 2 Gb_F
P B - 1088.50 -0.60 966.30 77.60 4.70 70.20 3.8 0.0 0.0 Sand 181 185 134 1 Gs_F
P B - 1088.50 -14.97 966.30 72.94 24.05 65.99 3.8 0.0 0.0 Rock 101 98 90 2 Gb_F
P B - 1082.90 0.43 1026.00 83.30 4.70 83.60 58.9 0.0 0.0 Sand 181 185 134 1 Gs_F
P B - 1082.90 -14.46 1026.00 78.30 25.08 78.58 58.9 0.0 0.0 Rock 101 98 90 2 Gb_F
P B - 1086.80 0.53 1089.90 86.20 4.70 91.60 31.2 0.0 0.0 Sand 181 185 134 1 Gs_F
P B - 1086.80 -14.41 1089.90 81.03 25.18 86.10 31.2 0.0 0.0 Rock 101 98 90 2 Gb_F
P B - 1089.70 1.77 1156.60 75.80 4.70 70.20 17.2 0.0 0.0 Sand 181 185 134 1 Gs_F
P B - 1089.70 -13.79 1156.60 71.25 26.42 65.99 17.2 0.0 0.0 Rock 101 98 90 2 Gb_F
P B - 1086.70 3.00 1215.50 73.30 4.70 80.30 64.4 0.0 0.0 Grass 133 157 96 1 Gs_F
P B - 1086.70 -13.18 1215.50 68.90 27.65 75.48 64.4 0.0 0.0 Rock 101 98 90 2 Gb_F
P B - 1085.80 3.88 1270.90 80.70 4.70 88.70 61.1 0.0 0.0 Grass 112 144 79 1 Gs_F
P B - 1085.80 -12.73 1270.90 75.86 28.53 83.38 61.1 0.0 0.0 Rock 101 98 90 2 Gb_F
P B - 1086.00 4.63 1340.60 86.10 4.70 77.90 37.2 0.0 0.0 Grass 133 157 96 1 Gs_F
P B - 1088.40 4.61 1398.10 72.40 4.70 70.20 84.4 0.0 0.0 Grass 133 157 96 1 Gs_F
P B - 1091.60 4.72 1462.30 80.30 4.70 74.50 86.2 0.0 0.0 Grass 112 144 79 1 Gs_F
P B - 1090.90 4.51 1525.30 72.90 4.70 70.60 18.3 0.0 0.0 Grass 133 157 96 1 Gs_F
P B - 1092.90 4.69 1591.00 75.90 4.70 70.70 9.7 0.0 0.0 Grass 112 144 79 1 Gs_F
P B - 1086.00 4.44 1644.40 75.70 4.70 79.80 27.1 0.0 0.0 Grass 112 144 79 1 Gs_F
P B - 1086.10 5.13 1708.10 86.40 4.70 94.50 59.0 0.0 0.0 Grass 119 153 85 1 Gs_F
P B - 1086.20 5.53 1768.20 79.60 4.70 77.20 19.1 0.0 0.0 Grass 116 150 82 1 Gs_F
P B - 1090.20 6.20 1833.30 81.70 4.70 74.10 75.3 0.0 0.0 Grass 116 150 82 1 Gs_F
P B - 1080.30 6.40 1891.40 70.60 4.70 63.70 5.0 0.0 0.0 Grass 113 146 80 1 Gs_F
P B - 1092.90 6.93 1958.60 82.80 4.70 82.10 42.9 0.0 0.0 Grass 116 150 82 1 Gs_F
P B - 1092.30 6.69 2016.70 85.70 4.70 80.50 77.6 0.0 0.0 Grass 113 146 80 1 Gs_F
P B - 1089.80 5.52 2085.70 84.40 4.70 86.90 81.9 0.0 0.0 Grass 119 153 85 1 Gs_F
P B - 1085.90 4.25 2150.20 79.50 4.70 71.80 18.7 0.0 0.0 Grass 119 153 85 1 Gs_F
P B - 1085.90 -12.55 2150.20 74.73 28.90 67.49 18.7 0.0 0.0 Rock 101 98 90 2 Gb_F
P B - 1091.90 2.17 2208.30 86.20 4.70 91.30 31.4 0.0 0.0 Sand 181 185 134 1 Gs_F
P B - 1091.90 -13.59 2208.30 81.03 26.82 85.82 31.4 0.0 0.0 Rock 101 98 90 2 Gb_F
P B - 1092.90 -0.69 2275.20 74.90 4.70 69.10 20.1 0.0 0.0 Sand 181 185 134 1 Gs_F
P B - 1092.90 -15.02 2275.20 70.41 23.96 64.95 20.1 0.0 0.0 Rock 101 98 90 2 Gb_F
P B - 1151.70 -1.27 1025.40 84.10 4.70 78.50 72.2 0.0 0.0 Sand 181 185 134 1 Gs_F
P B - 1151.70 -15.31 1025.40 79.05 23.38 73.79 72.2 0.0 0.0 Rock 101 98 90 2 Gb_F
P B - 1141.70 -1.17 1084.40 81.90 4.70 78.20 46.6 0.0 0.0 Sand 181 185 134 1 Gs_F
P B - 1141.70 -15.26 1084.40 76.99 23.48 73.51 46.6 0.0 0.0 Rock 101 98 90 2 Gb_F
P B - 1149.80 -0.60 1151.90 79.90 4.70 86.30 18.9 0.0 0.0 Sand 181 185 134 1 Gs_F
P B - 1149.80 -14.97 1151.90 75.11 24.05 81.12 18.9 0.0 0.0 Rock 101 98 90 2 Gb_F
P B - 1145.70 0.59 1221.50 82.00 4.70 78.90 60.1 0.0 0.0 Sand 181 185 134 1 Gs_F
P B - 1145.70 -14.38 1221.50 77.08 25.24 74.17 60.1 0.0 0.0 Rock 101 98 90 2 Gb_F
P B - 1141.90 1.24 1279.10 84.90 4.70 91.00 48.7 0.0 0.0 Sand 181 185 134 1 Gs_F
P B - 1141.90 -14.05 1279.10 79.81 25.89 85.54 48.7 0.0 0.0 Rock 101 98 90 2 Gb_F
P B - 1149.70 1.81 1339.60 77.10 4.70 74.70 24.6 0.0 0.0 Grass 112 144 79 1 Gs_F
P B - 1149.70 -13.77 1339.60 72.47 26.46 70.22 24.6 0.0 0.0 Rock 101 98 90 2 Gb_F
P B - 1145.70 3.02 1397.80 73.00 4.70 70.20 59.2 0.0 0.0 Grass 116 150 82 1 Gs_F
P B - 1145.70 -13.16 1397.80 68.62 27.67 65.99 59.2 0.0 0.0 Rock 101 98 90 2 Gb_F
P B - 1147.50 3.36 1461.70 85.20 4.70 87.50 62.2 0.0 0.0 Sand 181 185 134 1 Gs_F
P B - 1147.50 -13.00 1461.70 80.09 28.01 82.25 62.2 0.0 0.0 Rock 101 98 90 2 Gb_F
P B - 1147.10 4.24 1528.60 85.10 4.70 84.30 33.4 0.0 0.0 Grass 112 144 79 1 Gs_F
P B - 1147.10 -12.55 1528.60 79.99 28.89 79.24 33.4 0.0 0.0 Rock 101 98 90 2 Gb_F
P B - 1152.80 4.27 1582.20 87.10 4.70 91.40 50.4 0.0 0.0 Grass 112 144 79 1 Gs_F
P B - 1152.80 -12.54 1582.20 81.87 28.92 85.92 50.4 0.0 0.0 Rock 101 98 90 2 Gb_F
P B - 1145.90 4.71 1655.50 83.40 4.70 78.20 80.8 0.0 0.0 Grass 119 153 85 1 Gs_F
P B - 1147.90 5.35 1717.30 70.30 4.70 72.80 56.5 0.0 0.0 Grass 133 157 96 1 Gs_F
P B - 1144.80 6.05 1779.30 83.80 4.70 84.00 17.4 0.0 0.0 Grass 133 157 96 1 Gs_F
P B - 1146.40 6.14 1838.20 80.70 4.70 79.10 14.3 0.0 0.0 Grass 119 153 85 1 Gs_F
P B - 1153.70 6.82 1896.50 75.10 4.70 68.30 64.8 0.0 0.0 Grass 116 150 82 1 Gs_F
P B - 1148.00 6.41 1953.20 78.70 4.70 74.90 7.4 0.0 0.0 Grass 113 146 80 1 Gs_F
P B - 1152.00 6.20 2023.00 73.90 4.70 74.40 24.8 0.0 0.0 Grass 112 144 79 1 Gs_F
P B - 1152.00 -11.57 2023.00 69.47 30.85 69.94 24.8 0.0 0.0 Rock 101 98 90 2 Gb_F
P B - 1152.90 4.47 2080.30 70.10 4.70 65.30 16.1 0.0 0.0 Grass 116 150 82 1 Gs_F
P B - 1152.90 -12.44 2080.30 65.89 29.12 61.38 16.1 0.0 0.0 Rock 101 98 90 2 Gb_F
P B - 1143.70 2.50 2139.90 76.90 4.70 82.20 81.4 0.0 0.0 Grass 113 146 80 1 Gs_F
P B - 1143.70 -13.43 2139.90 72.29 27.15 77.27 81.4 0.0 0.0 Rock 101 98 90 2 Gb_F
P B - 1141.20 0.18 2207.80 70.50 4.70 70.50 87.7 0.0 0.0 Sand 181 185 134 1 Gs_F
P B - 1141.20 -14.59 2207.80 66.27 24.83 66.27 87.7 0.0 0.0 Rock 101 98 90 2 Gb_F
P B - 1148.60 -1.62 2274.50 73.30 4.70 74.30 46.3 0.0 0.0 Sand 181 185 134 1 Gs_F
P B - 1148.60 -15.48 2274.50 68.90 23.03 69.84 46.3 0.0 0.0 Rock 101 98 90 2 Gb_F
P B - 1208.60 -1.46 1276.00 85.30 4.70 88.20 8.0 0.0 0.0 Sand 181 185 134 1 Gs_F
P B - 1208.60 -15.40 1276.00 80.18 23.19 82.91 8.0 0.0 0.0 Rock 101 98 90 2 Gb_F
P B - 1215.80 -1.16 1344.60 73.30 4.70 80.50 56.3 0.0 0.0 Sand 181 185 134 1 Gs_F
P B - 1215.80 -15.26 1344.60 68.90 23.49 75.67 56.3 0.0 0.0 Rock 101 98 90 2 Gb_F
P B - 1208.10 -0.78 1399.50 77.70 4.70 74.30 72.1 0.0 0.0 Sand 181 185 134 1 Gs_F
P B - 1208.10 -15.06 1399.50 73.04 23.87 69.84 72.1 0.0 0.0 Rock 101 98 90 2 Gb_F
P B - 1210.60 0.26 1465.70 76.80 4.70 77.00 44.4 0.0 0.0 Sand 181 185 134 1 Gs_F
P B - 1210.60 -14.54 1465.70 72.19 24.91 72.38 44.4 0.0 0.0 Rock 101 98 90 2 Gb_F
P B - 1206.90 0.75 1528.80 75.40 4.70 81.80 41.2 0.0 0.0 Sand 181 185 134 1 Gs_F
P B - 1206.90 -14.30 1528.80 70.88 25.40 76.89 41.2 0.0 0.0 Rock 101 98 90 2 Gb_F
P B - 1214.10 1.45 1588.20 86.30 4.70 79.60 45.0 0.0 0.0 Sand 181 185 134 1 Gs_F
P B - 1214.10 -13.95 1588.20 81.12 26.10 74.82 45.0 0.0 0.0 Rock 101 98 90 2 Gb_F
P B - 1214.00 2.52 1652.40 87.00 4.70 94.00 6.0 0.0 0.0 Sand 181 185 134 1 Gs_F
P B - 1214.00 -13.41 1652.40 81.78 27.17 88.36 6.0 0.0 0.0 Rock 101 98 90 2 Gb_F
P B - 1207.60 3.06 1706.40 70.20 4.70 71.70 3.6 0.0 0.0 Sand 181 185 134 1 Gs_F
P B - 1207.60 -13.14 1706.40 65.99 27.71 67.40 3.6 0.0 0.0 Rock 101 98 90 2 Gb_F
P B - 1206.10 3.93 1778.70 73.70 4.70 74.50 72.7 0.0 0.0 Grass 116 150 82 1 Gs_F
P B - 1206.10 -12.71 1778.70 69.28 28.58 70.03 72.7 0.0 0.0 Rock 101 98 90 2 Gb_F
P B - 1214.40 4.44 1834.60 85.60 4.70 79.30 40.0 0.0 0.0 Grass 133 157 96 1 Gs_F
P B - 1214.40 -12.46 1834.60 80.46 29.09 74.54 40.0 0.0 0.0 Rock 101 98 90 2 Gb_F
P B - 1206.40 4.98 1900.20 81.70 4.70 85.40 56.2 0.0 0.0 Grass 116 150 82 1 Gs_F
P B - 1206.40 -12.19 1900.20 76.80 29.63 80.28 56.2 0.0 0.0 Rock 101 98 90 2 Gb_F
P B - 1215.80 3.21 1953.30 83.50 4.70 82.40 27.5 0.0 0.0 Sand 181 185 134 1 Gs_F
P B - 1215.80 -13.07 1953.30 78.49 27.86 77.46 27.5 0.0 0.0 Rock 101 98 90 2 Gb_F
P B - 1212.40 2.21 2024.20 73.90 4.70 81.30 14.3 0.0 0.0 Sand 181 185 134 1 Gs_F
P B - 1212.40 -13.57 2024.20 69.47 26.86 76.42 14.3 0.0 0.0 Rock 101 98 90 2 Gb_F
P B - 1216.90 0.76 2080.90 75.90 4.70 81.00 28.5 0.0 0.0 Sand 181 185 134 1 Gs_F
P B - 1216.90 -14.29 2080.90 71.35 25.41 76.14 28.5 0.0 0.0 Rock 101 98 90 2 Gb_F
P B - 1205.10 -0.83 2144.00 78.80 4.70 82.80 0.1 0.0 0.0 Sand 181 185 134 1 Gs_F
P B - 1205.10 -15.09 2144.00 74.07 23.82 77.83 0.1 0.0 0.0 Rock 101 98 90 2 Gb_F
P B - 1269.70 -0.95 1582.90 74.80 4.70 69.60 31.4 0.0 0.0 Sand 181 185 134 1 Gs_F
P B - 1269.70 -15.15 1582.90 70.31 23.70 65.42 31.4 0.0 0.0 Rock 101 98 90 2 Gb_F
P B - 1275.30 -1.10 1651.70 71.80 4.70 73.10 62.5 0.0 0.0 Sand 181 185 134 1 Gs_F
P B - 1275.30 -15.22 1651.70 67.49 23.55 68.71 62.5 0.0 0.0 Rock 101 98 90 2 Gb_F
P B - 1265.30 -0.27 1711.50 84.00 4.70 76.40 62.9 0.0 0.0 Sand 181 185 134 1 Gs_F
P B - 1265.30 -14.81 1711.50 78.96 24.38 71.82 62.9 0.0 0.0 Rock 101 98 90 2 Gb_F
P B - 1277.30 -0.55 1771.00 84.60 4.70 90.10 89.9 0.0 0.0 Sand 181 185 134 1 Gs_F
P B - 1277.30 -14.95 1771.00 79.52 24.10 84.69 89.9 0.0 0.0 Rock 101 98 90 2 Gb_F
P B - 1277.60 -0.46 1829.00 86.70 4.70 90.00 18.0 0.0 0.0 Sand 181 185 134 1 Gs_F
P B - 1277.60 -14.91 1829.00 81.50 24.19 84.60 18.0 0.0 0.0 Rock 101 98 90 2 Gb_F
P B - 1275.10 0.04 1891.70 71.20 4.70 69.00 49.0 0.0 0.0 Sand 181 185 134 1 Gs_F
P B - 1275.10 -14.65 1891.70 66.93 24.69 64.86 49.0 0.0 0.0 Rock 101 98 90 2 Gb_F
P B - 1278.10 -0.71 1957.90 72.00 4.70 76.70 56.5 0.0 0.0 Sand 181 185 134 1 Gs_F
P B - 1278.10 -15.03 1957.90 67.68 23.94 72.10 56.5 0.0 0.0 Rock 101 98 90 2 Gb_F
P B - 1265.30 -1.21 2026.50 78.70 4.70 75.20 88.6 0.0 0.0 Sand 181 185 134 1 Gs_F
P B - 1265.30 -15.28 2026.50 73.98 23.44 70.69 88.6 0.0 0.0 Rock 101 98 90 2 Gb_F
P B - 1271.10 -1.33 2087.70 80.90 4.70 85.90 24.0 0.0 0.0 Sand 181 185 134 1 Gs_F
P B - 1271.10 -15.34 2087.70 76.05 23.32 80.75 24.0 0.0 0.0 Rock 101 98 90 2 Gb_F
G 3 오름/새별오름
P B - -60.29 8.90 1857.68 27.48 4.50 28.27 38.5 0.0 0.0 Grass 110 146 78 3 Or
P B - -60.37 8.90 1878.05 28.24 4.50 26.81 10.6 0.0 0.0 Grass 110 146 78 3 Or
P B - -61.08 8.90 1898.49 29.35 4.50 30.87 30.2 0.0 0.0 Grass 110 146 78 3 Or
P B - -41.62 8.90 1800.01 27.38 4.50 25.63 71.4 0.0 0.0 Grass 110 146 78 3 Or
P B - -39.73 10.65 1819.06 26.45 8.00 28.59 35.9 0.0 0.0 Grass 116 150 82 3 Or
P B - -38.02 12.40 1838.28 25.74 11.50 23.54 59.7 0.0 0.0 Grass 110 146 78 3 Or
P B - -40.50 14.15 1860.52 27.24 8.00 27.85 61.6 0.0 0.0 Grass 116 150 82 3 Or
P B - -41.36 14.15 1877.55 27.75 8.00 28.45 15.5 0.0 0.0 Grass 116 150 82 3 Or
P B - -41.19 14.15 1901.47 25.89 8.00 24.69 28.8 0.0 0.0 Grass 110 146 78 3 Or
P B - -38.79 12.40 1920.12 30.53 11.50 27.59 87.1 0.0 0.0 Grass 116 150 82 3 Or
P B - -39.08 10.65 1942.36 27.61 8.00 26.04 37.4 0.0 0.0 Grass 110 146 78 3 Or
P B - -40.52 8.90 1959.86 29.91 4.50 30.58 10.2 0.0 0.0 Grass 116 150 82 3 Or
P B - -21.08 10.65 1782.49 29.77 8.00 32.48 23.7 0.0 0.0 Grass 116 150 82 3 Or
P B - -18.11 14.15 1801.16 29.74 8.00 30.07 80.7 0.0 0.0 Grass 116 150 82 3 Or
P B - -17.79 17.65 1820.96 29.76 8.00 31.29 60.9 0.0 0.0 Grass 176 168 108 3 Or
P B - -18.40 19.40 1838.25 27.10 4.50 24.55 58.7 0.0 0.0 Grass 200 186 128 3 Or
P B - -19.80 21.15 1857.68 26.72 8.00 27.13 28.1 0.0 0.0 Grass 176 168 108 3 Or
P B - -18.01 21.15 1879.36 28.01 8.00 25.29 19.1 0.0 0.0 Grass 200 186 128 3 Or
P B - -17.72 21.15 1902.19 28.27 8.00 26.03 83.9 0.0 0.0 Grass 188 176 118 3 Or
P B - -22.14 19.40 1921.38 27.03 4.50 25.11 6.6 0.0 0.0 Grass 188 176 118 3 Or
P B - -18.65 17.65 1941.08 30.01 8.00 27.38 4.0 0.0 0.0 Grass 200 186 128 3 Or
P B - -22.25 14.15 1957.55 30.35 8.00 30.07 41.0 0.0 0.0 Grass 116 150 82 3 Or
P B - -18.23 10.65 1982.05 28.20 8.00 27.01 26.9 0.0 0.0 Grass 116 150 82 3 Or
P B - 1.59 10.65 1758.92 26.15 8.00 27.84 7.1 0.0 0.0 Grass 116 150 82 3 Or
P B - -0.42 15.90 1779.19 25.92 4.50 27.42 54.9 0.0 0.0 Grass 110 146 78 3 Or
P B - -1.84 19.40 1800.56 29.20 4.50 30.01 48.5 0.0 0.0 Grass 200 186 128 3 Or
P B - 0.45 22.90 1820.07 26.74 4.50 28.69 46.4 0.0 0.0 Grass 166 160 100 3 Or
P B - 0.71 24.65 1839.04 28.00 8.00 26.14 63.5 0.0 0.0 Grass 188 176 118 3 Or
P B - 1.67 26.40 1859.93 27.18 4.50 26.24 81.9 0.0 0.0 Grass 188 176 118 3 Or
P B - 1.77 28.15 1880.92 29.01 8.00 31.28 64.0 0.0 0.0 Grass 200 186 128 3 Or
P B - 0.51 28.15 1898.86 30.59 8.00 28.01 11.5 0.0 0.0 Grass 176 168 108 3 Or
P B - 1.47 24.65 1920.79 28.69 8.00 28.97 58.8 0.0 0.0 Grass 166 160 100 3 Or
P B - 1.62 24.65 1940.40 29.01 8.00 31.49 14.3 0.0 0.0 Grass 166 160 100 3 Or
P B - 2.10 21.15 1958.74 26.16 8.00 26.96 33.7 0.0 0.0 Grass 166 160 100 3 Or
P B - 0.16 17.65 1977.67 28.72 8.00 27.28 40.9 0.0 0.0 Grass 176 168 108 3 Or
P B - 1.05 10.65 1998.70 27.32 8.00 26.68 8.4 0.0 0.0 Grass 110 146 78 3 Or
P B - 20.95 8.90 1737.60 27.97 4.50 26.28 40.5 0.0 0.0 Grass 110 146 78 3 Or
P B - 21.35 14.15 1761.92 27.51 8.00 28.93 1.4 0.0 0.0 Grass 116 150 82 3 Or
P B - 21.61 19.40 1777.92 28.85 4.50 27.67 59.9 0.0 0.0 Grass 166 160 100 3 Or
P B - 18.59 24.65 1801.99 29.25 8.00 31.69 53.8 0.0 0.0 Grass 176 168 108 3 Or
P B - 20.02 28.15 1817.69 27.91 8.00 27.70 31.9 0.0 0.0 Grass 166 160 100 3 Or
P B - 22.31 29.90 1840.22 29.72 4.50 28.42 55.0 0.0 0.0 Grass 188 176 118 3 Or
P B - 20.80 31.65 1859.75 27.32 8.00 26.21 7.2 0.0 0.0 Grass 188 176 118 3 Or
P B - 21.69 33.40 1879.86 26.30 4.50 27.34 75.0 0.0 0.0 Grass 188 176 118 3 Or
P B - 18.72 33.40 1898.48 28.88 4.50 26.20 47.9 0.0 0.0 Grass 166 160 100 3 Or
P B - 21.32 31.65 1921.33 27.98 8.00 27.61 44.9 0.0 0.0 Grass 200 186 128 3 Or
P B - 22.33 29.90 1941.00 27.95 4.50 27.06 15.8 0.0 0.0 Grass 166 160 100 3 Or
P B - 20.78 26.40 1960.03 27.04 4.50 26.51 77.6 0.0 0.0 Grass 166 160 100 3 Or
P B - 20.08 22.90 1981.66 26.63 4.50 27.65 17.7 0.0 0.0 Grass 188 176 118 3 Or
P B - 19.72 17.65 1998.29 25.72 8.00 27.32 68.0 0.0 0.0 Grass 188 176 118 3 Or
P B - 17.54 10.65 2019.25 28.26 8.00 28.67 33.3 0.0 0.0 Grass 110 146 78 3 Or
P B - 37.83 10.65 1742.19 30.42 8.00 28.70 66.6 0.0 0.0 Grass 110 146 78 3 Or
P B - 41.32 17.65 1758.59 27.71 8.00 30.13 81.3 0.0 0.0 Grass 176 168 108 3 Or
P B - 40.32 24.65 1781.44 26.80 8.00 25.10 17.1 0.0 0.0 Grass 188 176 118 3 Or
P B - 38.15 29.90 1797.64 27.54 4.50 28.33 76.6 0.0 0.0 Grass 188 176 118 3 Or
P B - 38.35 33.40 1821.22 28.18 4.50 29.93 68.9 0.0 0.0 Grass 166 160 100 3 Or
P B - 40.59 35.15 1842.28 28.02 8.00 28.73 43.4 0.0 0.0 Grass 200 186 128 3 Or
P B - 38.82 36.90 1860.70 30.15 4.50 28.05 11.8 0.0 0.0 Grass 176 168 108 3 Or
P B - 41.72 38.65 1877.60 27.52 8.00 26.96 5.3 0.0 0.0 Grass 200 186 128 3 Or
P B - 42.24 38.65 1901.10 29.76 8.00 27.17 68.8 0.0 0.0 Grass 200 186 128 3 Or
P B - 40.15 36.90 1917.94 27.25 4.50 28.18 20.4 0.0 0.0 Grass 200 186 128 3 Or
P B - 42.04 35.15 1937.99 29.73 8.00 31.44 3.7 0.0 0.0 Grass 176 168 108 3 Or
P B - 40.38 31.65 1959.89 26.88 8.00 25.57 53.6 0.0 0.0 Grass 166 160 100 3 Or
P B - 41.59 26.40 1981.96 29.14 4.50 31.34 31.4 0.0 0.0 Grass 176 168 108 3 Or
P B - 40.72 22.90 1999.64 28.22 4.50 26.32 43.7 0.0 0.0 Grass 176 168 108 3 Or
P B - 38.95 17.65 2018.98 26.73 8.00 24.77 82.2 0.0 0.0 Grass 188 176 118 3 Or
P B - 40.50 10.65 2040.99 27.09 8.00 28.22 51.1 0.0 0.0 Grass 116 150 82 3 Or
P B - 59.83 8.90 1719.75 29.22 4.50 26.71 12.2 0.0 0.0 Grass 116 150 82 3 Or
P B - 58.80 14.15 1737.84 28.60 8.00 26.18 9.8 0.0 0.0 Grass 116 150 82 3 Or
P B - 58.06 21.15 1759.30 28.43 8.00 29.16 87.9 0.0 0.0 Grass 188 176 118 3 Or
P B - 57.60 26.40 1781.28 25.67 4.50 25.20 47.5 0.0 0.0 Grass 200 186 128 3 Or
P B - 58.15 31.65 1800.36 26.15 8.00 25.79 1.1 0.0 0.0 Grass 200 186 128 3 Or
P B - 61.80 36.90 1819.05 25.67 4.50 27.66 81.8 0.0 0.0 Grass 200 186 128 3 Or
P B - 58.73 40.40 1837.63 28.30 4.50 30.19 53.8 0.0 0.0 Grass 166 160 100 3 Or
P B - 61.80 42.15 1858.94 28.70 8.00 27.37 51.9 0.0 0.0 Grass 176 168 108 3 Or
P B - 60.13 43.90 1881.56 28.68 4.50 28.85 40.7 0.0 0.0 Grass 166 160 100 3 Or
P B - 59.53 43.90 1898.82 27.10 4.50 27.52 2.0 0.0 0.0 Grass 176 168 108 3 Or
P B - 58.02 42.15 1922.04 28.04 8.00 26.26 49.0 0.0 0.0 Grass 166 160 100 3 Or
P B - 60.68 40.40 1940.21 29.21 4.50 28.46 82.5 0.0 0.0 Grass 176 168 108 3 Or
P B - 59.67 36.90 1958.86 28.09 4.50 25.36 40.7 0.0 0.0 Grass 166 160 100 3 Or
P B - 59.65 31.65 1978.64 29.81 8.00 30.92 34.3 0.0 0.0 Grass 200 186 128 3 Or
P B - 61.18 26.40 1999.12 30.00 4.50 30.09 45.4 0.0 0.0 Grass 176 168 108 3 Or
P B - 60.05 21.15 2017.93 29.15 8.00 31.72 61.7 0.0 0.0 Grass 188 176 118 3 Or
P B - 60.70 14.15 2041.85 26.99 8.00 26.77 89.6 0.0 0.0 Grass 116 150 82 3 Or
P B - 61.54 8.90 2058.05 26.14 4.50 25.76 29.4 0.0 0.0 Grass 110 146 78 3 Or
P B - 78.09 10.65 1722.49 29.91 8.00 32.38 69.8 0.0 0.0 Grass 110 146 78 3 Or
P B - 79.50 17.65 1742.28 27.78 8.00 29.57 23.6 0.0 0.0 Grass 176 168 108 3 Or
P B - 79.15 24.65 1759.51 30.10 8.00 30.85 18.4 0.0 0.0 Grass 176 168 108 3 Or
P B - 77.60 29.90 1777.69 29.44 4.50 29.48 80.0 0.0 0.0 Grass 200 186 128 3 Or
P B - 78.95 35.15 1798.86 30.06 8.00 31.25 38.6 0.0 0.0 Grass 188 176 118 3 Or
P B - 81.60 40.40 1820.88 28.18 4.50 30.97 33.6 0.0 0.0 Grass 176 168 108 3 Or
P B - 78.94 43.90 1839.74 29.62 4.50 27.05 20.5 0.0 0.0 Grass 200 186 128 3 Or
P B - 78.64 47.40 1859.31 29.67 4.50 27.04 89.6 0.0 0.0 Grass 166 160 100 3 Or
P B - 80.66 47.40 1878.37 26.20 4.50 27.09 22.1 0.0 0.0 Grass 176 168 108 3 Or
P B - 82.22 47.40 1901.02 25.80 4.50 23.31 15.1 0.0 0.0 Grass 188 176 118 3 Or
P B - 81.98 47.40 1920.91 30.58 4.50 30.79 32.2 0.0 0.0 Grass 176 168 108 3 Or
P B - 80.25 43.90 1940.36 27.55 4.50 29.52 69.6 0.0 0.0 Grass 166 160 100 3 Or
P B - 78.94 40.40 1959.01 28.76 4.50 31.44 57.9 0.0 0.0 Grass 200 186 128 3 Or
P B - 79.18 35.15 1978.45 26.59 8.00 28.18 12.8 0.0 0.0 Grass 176 168 108 3 Or
P B - 79.33 29.90 1998.34 28.04 4.50 29.72 9.8 0.0 0.0 Grass 200 186 128 3 Or
P B - 78.07 24.65 2020.34 29.28 8.00 29.58 54.3 0.0 0.0 Grass 188 176 118 3 Or
P B - 81.28 17.65 2041.04 27.30 8.00 28.30 25.2 0.0 0.0 Grass 166 160 100 3 Or
P B - 81.93 10.65 2060.65 29.02 8.00 31.03 28.1 0.0 0.0 Grass 110 146 78 3 Or
P B - 98.04 10.65 1720.19 28.51 8.00 27.64 26.4 0.0 0.0 Grass 110 146 78 3 Or
P B - 99.21 17.65 1739.59 29.65 8.00 29.98 80.6 0.0 0.0 Grass 166 160 100 3 Or
P B - 100.98 24.65 1762.48 30.19 8.00 31.42 61.6 0.0 0.0 Grass 188 176 118 3 Or
P B - 99.23 31.65 1782.08 29.65 8.00 30.58 40.0 0.0 0.0 Grass 188 176 118 3 Or
P B - 102.47 36.90 1798.83 28.77 4.50 30.57 40.8 0.0 0.0 Grass 188 176 118 3 Or
P B - 101.74 42.15 1821.82 27.73 8.00 26.57 7.5 0.0 0.0 Grass 166 160 100 3 Or
P B - 99.83 47.40 1838.12 27.22 4.50 27.78 15.1 0.0 0.0 Grass 200 186 128 3 Or
P B - 101.16 50.90 1858.67 27.78 4.50 27.45 15.2 0.0 0.0 Grass 166 160 100 3 Or
P B - 99.41 52.65 1878.92 29.86 8.00 30.12 38.8 0.0 0.0 Grass 166 160 100 3 Or
P B - 101.59 52.65 1898.11 27.26 8.00 28.13 11.7 0.0 0.0 Grass 166 160 100 3 Or
P B - 97.69 50.90 1920.01 29.05 4.50 28.01 87.7 0.0 0.0 Grass 200 186 128 3 Or
P B - 101.32 47.40 1938.87 27.77 4.50 30.22 48.2 0.0 0.0 Grass 166 160 100 3 Or
P B - 99.40 43.90 1959.15 28.09 4.50 26.96 45.0 0.0 0.0 Grass 200 186 128 3 Or
P B - 101.76 38.65 1978.83 26.35 8.00 28.26 57.2 0.0 0.0 Grass 166 160 100 3 Or
P B - 99.60 33.40 2001.00 26.79 4.50 27.24 72.9 0.0 0.0 Grass 176 168 108 3 Or
P B - 97.78 28.15 2021.83 26.78 8.00 24.56 54.0 0.0 0.0 Grass 176 168 108 3 Or
P B - 101.07 21.15 2042.12 29.89 8.00 29.53 67.5 0.0 0.0 Grass 176 168 108 3 Or
P B - 99.02 12.40 2059.82 28.86 11.50 29.46 57.0 0.0 0.0 Grass 110 146 78 3 Or
P B - 120.37 10.65 1720.79 30.25 8.00 27.93 83.7 0.0 0.0 Grass 116 150 82 3 Or
P B - 120.64 17.65 1740.33 27.90 8.00 27.13 26.5 0.0 0.0 Grass 200 186 128 3 Or
P B - 118.03 24.65 1761.10 29.01 8.00 29.12 17.8 0.0 0.0 Grass 188 176 118 3 Or
P B - 119.83 31.65 1778.71 30.26 8.00 30.64 71.1 0.0 0.0 Grass 166 160 100 3 Or
P B - 119.63 38.65 1799.29 30.51 8.00 30.00 56.1 0.0 0.0 Grass 166 160 100 3 Or
P B - 119.61 43.90 1820.90 27.84 4.50 27.82 42.2 0.0 0.0 Grass 188 176 118 3 Or
P B - 119.99 49.15 1838.82 27.39 8.00 26.70 11.3 0.0 0.0 Grass 188 176 118 3 Or
P B - 118.50 54.40 1858.23 28.87 4.50 27.92 41.9 0.0 0.0 Grass 166 160 100 3 Or
P B - 117.83 57.90 1878.16 27.94 4.50 29.31 59.8 0.0 0.0 Grass 188 176 118 3 Or
P B - 118.56 57.90 1900.31 26.32 4.50 28.64 14.3 0.0 0.0 Grass 200 186 128 3 Or
P B - 119.69 56.15 1919.62 29.46 8.00 31.93 40.7 0.0 0.0 Grass 166 160 100 3 Or
P B - 120.88 50.90 1941.89 25.72 4.50 26.03 41.0 0.0 0.0 Grass 188 176 118 3 Or
P B - 120.41 47.40 1961.59 30.08 4.50 32.14 59.4 0.0 0.0 Grass 188 176 118 3 Or
P B - 119.53 42.15 1980.30 26.72 8.00 26.78 69.5 0.0 0.0 Grass 200 186 128 3 Or
P B - 121.49 35.15 1997.82 28.32 8.00 26.61 31.1 0.0 0.0 Grass 200 186 128 3 Or
P B - 121.16 29.90 2022.42 27.77 4.50 30.52 49.3 0.0 0.0 Grass 188 176 118 3 Or
P B - 121.08 24.65 2040.32 25.79 8.00 27.46 77.1 0.0 0.0 Grass 176 168 108 3 Or
P B - 120.39 15.90 2059.88 28.71 11.50 26.96 65.3 0.0 0.0 Grass 200 186 128 3 Or
P B - 121.54 8.90 2080.60 25.99 4.50 27.28 21.4 0.0 0.0 Grass 110 146 78 3 Or
P B - 138.24 10.65 1719.27 29.17 8.00 29.65 74.9 0.0 0.0 Grass 116 150 82 3 Or
P B - 140.38 17.65 1740.01 27.46 8.00 28.03 59.0 0.0 0.0 Grass 188 176 118 3 Or
P B - 139.41 24.65 1758.42 29.43 8.00 28.07 74.2 0.0 0.0 Grass 188 176 118 3 Or
P B - 140.15 31.65 1778.73 26.50 8.00 23.85 48.0 0.0 0.0 Grass 166 160 100 3 Or
P B - 138.92 38.65 1801.44 30.54 8.00 28.23 1.4 0.0 0.0 Grass 166 160 100 3 Or
P B - 140.53 45.65 1819.32 30.30 8.00 33.12 71.7 0.0 0.0 Grass 176 168 108 3 Or
P B - 140.33 50.90 1842.22 25.65 4.50 26.03 67.9 0.0 0.0 Grass 176 168 108 3 Or
P B - 139.21 56.15 1857.51 28.29 8.00 27.75 46.0 0.0 0.0 Grass 200 186 128 3 Or
P B - 139.72 61.40 1880.80 28.77 4.50 28.94 4.9 0.0 0.0 Grass 188 176 118 3 Or
P B - 137.53 61.40 1900.80 30.45 4.50 32.09 16.0 0.0 0.0 Grass 200 186 128 3 Or
P B - 140.32 59.65 1919.62 28.24 8.00 25.55 14.7 0.0 0.0 Grass 200 186 128 3 Or
P B - 140.02 54.40 1940.78 25.77 4.50 25.28 78.9 0.0 0.0 Grass 188 176 118 3 Or
P B - 142.15 49.15 1959.35 29.62 8.00 28.19 57.9 0.0 0.0 Grass 200 186 128 3 Or
P B - 141.11 43.90 1982.29 27.99 4.50 29.98 32.4 0.0 0.0 Grass 188 176 118 3 Or
P B - 140.80 38.65 2000.39 28.17 8.00 28.37 18.5 0.0 0.0 Grass 200 186 128 3 Or
P B - 141.40 31.65 2018.69 27.69 8.00 28.15 47.2 0.0 0.0 Grass 188 176 118 3 Or
P B - 141.89 24.65 2042.08 26.90 8.00 28.50 66.7 0.0 0.0 Grass 176 168 108 3 Or
P B - 139.00 17.65 2057.52 25.68 8.00 26.20 38.7 0.0 0.0 Grass 166 160 100 3 Or
P B - 140.72 10.65 2078.00 25.97 8.00 27.73 55.5 0.0 0.0 Grass 116 150 82 3 Or
P B - 159.43 10.65 1721.98 27.42 8.00 28.89 72.7 0.0 0.0 Grass 110 146 78 3 Or
P B - 158.79 17.65 1737.66 25.91 8.00 27.80 45.5 0.0 0.0 Grass 176 168 108 3 Or
P B - 158.71 24.65 1759.99 25.73 8.00 24.36 56.4 0.0 0.0 Grass 200 186 128 3 Or
P B - 161.49 31.65 1782.35 26.06 8.00 27.73 60.7 0.0 0.0 Grass 200 186 128 3 Or
P B - 162.37 38.65 1799.68 29.15 8.00 26.35 11.9 0.0 0.0 Grass 166 160 100 3 Or
P B - 158.46 45.65 1818.21 30.23 8.00 31.99 75.7 0.0 0.0 Grass 166 160 100 3 Or
P B - 159.92 50.90 1837.99 27.29 4.50 24.86 62.8 0.0 0.0 Grass 188 176 118 3 Or
P B - 157.55 56.15 1860.36 27.75 8.00 27.53 48.1 0.0 0.0 Grass 176 168 108 3 Or
P B - 158.70 61.40 1879.94 29.99 4.50 31.50 17.1 0.0 0.0 Grass 166 160 100 3 Or
P B - 160.70 66.65 1898.21 27.44 8.00 29.38 6.8 0.0 0.0 Grass 188 176 118 3 Or
P B - 160.79 61.40 1918.16 29.18 4.50 31.74 33.3 0.0 0.0 Grass 200 186 128 3 Or
P B - 162.32 56.15 1939.48 30.11 8.00 32.74 44.2 0.0 0.0 Grass 166 160 100 3 Or
P B - 160.59 50.90 1958.85 27.79 4.50 28.71 19.0 0.0 0.0 Grass 188 176 118 3 Or
P B - 158.10 45.65 1979.58 28.71 8.00 26.79 38.1 0.0 0.0 Grass 166 160 100 3 Or
P B - 159.69 38.65 2002.14 27.06 8.00 26.40 7.5 0.0 0.0 Grass 176 168 108 3 Or
P B - 160.21 31.65 2019.57 27.02 8.00 24.86 84.3 0.0 0.0 Grass 166 160 100 3 Or
P B - 158.48 24.65 2039.96 27.73 8.00 26.67 73.9 0.0 0.0 Grass 176 168 108 3 Or
P B - 160.86 17.65 2057.99 26.76 8.00 25.31 1.5 0.0 0.0 Grass 188 176 118 3 Or
P B - 158.13 10.65 2080.60 26.83 8.00 28.05 20.2 0.0 0.0 Grass 110 146 78 3 Or
P B - 178.96 10.65 1718.85 30.05 8.00 28.57 0.7 0.0 0.0 Grass 116 150 82 3 Or
P B - 181.02 17.65 1738.67 27.48 8.00 30.05 53.9 0.0 0.0 Grass 188 176 118 3 Or
P B - 178.96 24.65 1759.52 26.62 8.00 26.78 3.1 0.0 0.0 Grass 188 176 118 3 Or
P B - 182.02 31.65 1778.66 26.97 8.00 25.53 30.6 0.0 0.0 Grass 166 160 100 3 Or
P B - 177.82 38.65 1798.18 26.35 8.00 28.06 89.8 0.0 0.0 Grass 188 176 118 3 Or
P B - 180.76 43.90 1818.74 27.63 4.50 27.54 29.1 0.0 0.0 Grass 166 160 100 3 Or
P B - 177.88 49.15 1840.63 27.03 8.00 25.45 13.3 0.0 0.0 Grass 200 186 128 3 Or
P B - 180.98 54.40 1860.44 25.76 4.50 27.52 76.5 0.0 0.0 Grass 176 168 108 3 Or
P B - 180.19 59.65 1880.23 27.26 8.00 28.79 10.2 0.0 0.0 Grass 188 176 118 3 Or
P B - 179.22 61.40 1901.12 30.53 4.50 28.72 86.2 0.0 0.0 Grass 176 168 108 3 Or
P B - 180.59 61.40 1921.77 27.91 4.50 28.35 36.8 0.0 0.0 Grass 176 168 108 3 Or
P B - 181.05 56.15 1942.07 29.72 8.00 29.18 62.4 0.0 0.0 Grass 188 176 118 3 Or
P B - 180.88 50.90 1958.96 29.80 4.50 31.06 72.7 0.0 0.0 Grass 176 168 108 3 Or
P B - 180.83 45.65 1979.11 26.30 8.00 24.23 36.8 0.0 0.0 Grass 166 160 100 3 Or
P B - 180.73 38.65 1999.91 29.93 8.00 27.97 40.7 0.0 0.0 Grass 176 168 108 3 Or
P B - 177.68 31.65 2018.34 25.90 8.00 28.26 11.6 0.0 0.0 Grass 166 160 100 3 Or
P B - 179.99 24.65 2039.88 26.99 8.00 26.93 64.8 0.0 0.0 Grass 166 160 100 3 Or
P B - 178.96 17.65 2060.34 26.80 8.00 25.10 66.2 0.0 0.0 Grass 200 186 128 3 Or
P B - 178.46 10.65 2077.85 29.63 8.00 26.90 32.6 0.0 0.0 Grass 110 146 78 3 Or
P B - 197.59 8.90 1721.10 29.86 4.50 32.66 32.6 0.0 0.0 Grass 116 150 82 3 Or
P B - 201.04 15.90 1738.70 30.20 11.50 28.28 10.2 0.0 0.0 Grass 166 160 100 3 Or
P B - 197.93 24.65 1762.17 25.65 8.00 23.26 87.6 0.0 0.0 Grass 166 160 100 3 Or
P B - 198.12 29.90 1779.20 30.52 4.50 31.52 21.7 0.0 0.0 Grass 166 160 100 3 Or
P B - 197.61 35.15 1801.26 29.04 8.00 30.12 45.4 0.0 0.0 Grass 188 176 118 3 Or
P B - 202.43 42.15 1821.30 26.30 8.00 26.07 72.7 0.0 0.0 Grass 188 176 118 3 Or
P B - 197.53 47.40 1838.58 30.08 4.50 30.15 55.2 0.0 0.0 Grass 176 168 108 3 Or
P B - 199.50 50.90 1858.66 25.62 4.50 23.84 77.1 0.0 0.0 Grass 166 160 100 3 Or
P B - 202.17 56.15 1880.86 26.99 8.00 26.20 28.4 0.0 0.0 Grass 188 176 118 3 Or
P B - 201.73 57.90 1899.22 29.72 4.50 29.29 9.5 0.0 0.0 Grass 166 160 100 3 Or
P B - 199.74 57.90 1918.50 29.96 4.50 28.76 44.2 0.0 0.0 Grass 188 176 118 3 Or
P B - 198.28 54.40 1938.78 28.20 4.50 28.59 19.9 0.0 0.0 Grass 200 186 128 3 Or
P B - 200.75 49.15 1960.71 29.13 8.00 31.38 67.5 0.0 0.0 Grass 200 186 128 3 Or
P B - 202.43 43.90 1980.15 30.58 4.50 28.16 64.3 0.0 0.0 Grass 200 186 128 3 Or
P B - 200.82 38.65 1999.25 27.31 8.00 26.72 33.8 0.0 0.0 Grass 176 168 108 3 Or
P B - 202.50 31.65 2018.45 27.93 8.00 28.79 11.9 0.0 0.0 Grass 200 186 128 3 Or
P B - 198.41 24.65 2038.35 28.62 8.00 29.54 70.3 0.0 0.0 Grass 166 160 100 3 Or
P B - 199.07 17.65 2059.92 29.54 8.00 26.98 18.3 0.0 0.0 Grass 188 176 118 3 Or
P B - 198.13 10.65 2078.69 28.75 8.00 27.41 88.6 0.0 0.0 Grass 110 146 78 3 Or
P B - 221.89 12.40 1739.46 29.83 11.50 31.94 23.7 0.0 0.0 Grass 116 150 82 3 Or
P B - 221.09 21.15 1761.40 28.98 8.00 30.81 33.3 0.0 0.0 Grass 166 160 100 3 Or
P B - 218.99 28.15 1778.43 30.40 8.00 30.15 52.5 0.0 0.0 Grass 188 176 118 3 Or
P B - 219.99 33.40 1801.87 26.33 4.50 24.82 17.0 0.0 0.0 Grass 188 176 118 3 Or
P B - 221.96 38.65 1819.42 26.57 8.00 24.99 48.3 0.0 0.0 Grass 166 160 100 3 Or
P B - 218.51 43.90 1841.53 29.73 4.50 27.62 0.3 0.0 0.0 Grass 200 186 128 3 Or
P B - 219.11 47.40 1859.87 26.31 4.50 26.07 39.8 0.0 0.0 Grass 200 186 128 3 Or
P B - 219.86 50.90 1878.75 28.96 4.50 26.65 26.2 0.0 0.0 Grass 176 168 108 3 Or
P B - 220.46 52.65 1900.21 28.03 8.00 29.16 21.9 0.0 0.0 Grass 166 160 100 3 Or
P B - 219.98 52.65 1918.02 26.75 8.00 27.65 49.6 0.0 0.0 Grass 200 186 128 3 Or
P B - 219.58 50.90 1942.37 29.56 4.50 28.30 55.3 0.0 0.0 Grass 166 160 100 3 Or
P B - 221.81 47.40 1961.51 27.80 4.50 25.77 3.7 0.0 0.0 Grass 176 168 108 3 Or
P B - 218.18 42.15 1979.63 28.38 8.00 30.02 87.2 0.0 0.0 Grass 200 186 128 3 Or
P B - 220.62 36.90 1999.64 30.28 4.50 30.20 78.8 0.0 0.0 Grass 200 186 128 3 Or
P B - 221.43 31.65 2021.27 27.06 8.00 25.05 71.7 0.0 0.0 Grass 188 176 118 3 Or
P B - 222.21 24.65 2040.48 27.07 8.00 26.16 23.1 0.0 0.0 Grass 188 176 118 3 Or
P B - 219.01 17.65 2061.05 26.64 8.00 28.54 65.0 0.0 0.0 Grass 176 168 108 3 Or
P B - 218.25 10.65 2081.02 29.72 8.00 30.21 7.2 0.0 0.0 Grass 110 146 78 3 Or
P B - 239.93 14.15 1759.67 26.35 15.00 23.72 41.9 0.0 0.0 Grass 176 168 108 3 Or
P B - 238.52 24.65 1779.78 27.53 8.00 29.75 57.4 0.0 0.0 Grass 166 160 100 3 Or
P B - 241.96 29.90 1801.87 26.28 4.50 23.72 39.1 0.0 0.0 Grass 176 168 108 3 Or
P B - 237.57 22.90 1818.15 27.54 32.50 27.59 72.7 0.0 0.0 Grass 200 186 128 3 Or
P B - 241.36 40.40 1837.73 25.76 4.50 28.12 15.9 0.0 0.0 Grass 176 168 108 3 Or
P B - 239.51 43.90 1859.64 27.99 4.50 25.96 37.8 0.0 0.0 Grass 188 176 118 3 Or
P B - 238.53 47.40 1879.35 27.07 4.50 26.15 89.3 0.0 0.0 Grass 176 168 108 3 Or
P B - 237.50 47.40 1899.52 25.87 4.50 26.10 35.5 0.0 0.0 Grass 166 160 100 3 Or
P B - 241.24 47.40 1918.63 27.84 4.50 25.59 18.0 0.0 0.0 Grass 188 176 118 3 Or
P B - 238.13 47.40 1941.76 28.50 4.50 29.07 64.5 0.0 0.0 Grass 188 176 118 3 Or
P B - 240.47 43.90 1960.13 25.77 4.50 23.19 42.5 0.0 0.0 Grass 188 176 118 3 Or
P B - 241.68 40.40 1979.75 26.83 4.50 29.35 69.2 0.0 0.0 Grass 188 176 118 3 Or
P B - 238.97 35.15 2001.39 29.76 8.00 29.86 81.1 0.0 0.0 Grass 176 168 108 3 Or
P B - 238.77 29.90 2018.25 28.01 4.50 28.29 3.8 0.0 0.0 Grass 176 168 108 3 Or
P B - 242.19 24.65 2041.75 26.67 8.00 27.35 62.7 0.0 0.0 Grass 200 186 128 3 Or
P B - 237.52 17.65 2059.31 27.35 8.00 26.74 76.9 0.0 0.0 Grass 176 168 108 3 Or
P B - 241.57 10.65 2081.16 26.71 8.00 27.66 89.8 0.0 0.0 Grass 110 146 78 3 Or
P B - 257.61 8.90 1741.32 27.57 4.50 26.72 80.3 0.0 0.0 Grass 116 150 82 3 Or
P B - 258.95 15.90 1779.20 26.52 18.50 27.20 28.3 0.0 0.0 Grass 176 168 108 3 Or
P B - 258.64 17.65 1799.29 27.32 22.00 29.48 79.0 0.0 0.0 Grass 176 168 108 3 Or
P B - 260.25 22.90 1838.80 29.54 32.50 26.77 55.2 0.0 0.0 Grass 200 186 128 3 Or
P B - 262.27 40.40 1859.45 26.54 4.50 28.50 2.1 0.0 0.0 Grass 200 186 128 3 Or
P B - 259.43 42.15 1879.96 30.57 8.00 30.88 33.7 0.0 0.0 Grass 176 168 108 3 Or
P B - 261.25 43.90 1897.84 26.27 4.50 27.20 5.8 0.0 0.0 Grass 166 160 100 3 Or
P B - 260.20 43.90 1920.16 28.54 4.50 26.01 63.2 0.0 0.0 Grass 200 186 128 3 Or
P B - 259.64 42.15 1941.98 26.13 8.00 25.39 73.4 0.0 0.0 Grass 176 168 108 3 Or
P B - 262.43 40.40 1958.88 30.53 4.50 30.29 73.2 0.0 0.0 Grass 188 176 118 3 Or
P B - 260.32 36.90 1979.25 29.41 4.50 31.31 63.5 0.0 0.0 Grass 176 168 108 3 Or
P B - 262.21 31.65 1998.82 29.77 8.00 28.99 29.4 0.0 0.0 Grass 166 160 100 3 Or
P B - 261.77 26.40 2020.13 28.29 4.50 29.67 2.2 0.0 0.0 Grass 200 186 128 3 Or
P B - 258.02 21.15 2040.04 26.79 8.00 26.50 89.6 0.0 0.0 Grass 200 186 128 3 Or
P B - 260.31 14.15 2060.27 29.69 8.00 28.98 63.9 0.0 0.0 Grass 116 150 82 3 Or
P B - 259.97 8.90 2081.78 28.88 4.50 30.95 19.6 0.0 0.0 Grass 116 150 82 3 Or
P B - 279.07 10.65 1758.20 28.23 8.00 25.70 49.3 0.0 0.0 Grass 110 146 78 3 Or
P B - 282.43 17.65 1818.17 29.19 22.00 27.75 36.3 0.0 0.0 Grass 188 176 118 3 Or
P B - 278.32 31.65 1838.15 30.23 8.00 28.97 66.9 0.0 0.0 Grass 188 176 118 3 Or
P B - 279.26 35.15 1860.97 30.33 8.00 32.39 50.6 0.0 0.0 Grass 166 160 100 3 Or
P B - 279.81 36.90 1877.84 28.05 4.50 29.80 73.2 0.0 0.0 Grass 188 176 118 3 Or
P B - 281.53 38.65 1898.01 27.04 8.00 29.37 66.6 0.0 0.0 Grass 188 176 118 3 Or
P B - 280.53 38.65 1918.97 28.29 8.00 26.99 25.9 0.0 0.0 Grass 176 168 108 3 Or
P B - 278.53 36.90 1941.17 30.59 4.50 33.40 55.4 0.0 0.0 Grass 166 160 100 3 Or
P B - 279.91 35.15 1960.30 28.52 8.00 26.85 69.5 0.0 0.0 Grass 200 186 128 3 Or
P B - 279.53 33.40 1982.45 26.62 4.50 25.50 54.3 0.0 0.0 Grass 176 168 108 3 Or
P B - 280.33 29.90 1998.81 30.51 4.50 28.77 0.3 0.0 0.0 Grass 200 186 128 3 Or
P B - 281.65 24.65 2019.75 27.08 8.00 24.97 36.2 0.0 0.0 Grass 166 160 100 3 Or
P B - 281.68 17.65 2039.44 26.11 8.00 25.81 65.9 0.0 0.0 Grass 176 168 108 3 Or
P B - 281.18 10.65 2058.95 30.23 8.00 30.62 16.9 0.0 0.0 Grass 110 146 78 3 Or
P B - 301.35 10.65 1778.70 28.95 8.00 26.75 30.5 0.0 0.0 Grass 110 146 78 3 Or
P B - 298.51 14.15 1800.38 30.02 15.00 32.99 41.8 0.0 0.0 Grass 176 168 108 3 Or
P B - 300.66 22.90 1820.23 28.01 4.50 28.52 14.8 0.0 0.0 Grass 188 176 118 3 Or
P B - 301.42 26.40 1837.81 27.52 4.50 29.50 52.3 0.0 0.0 Grass 166 160 100 3 Or
P B - 302.12 29.90 1857.86 28.04 4.50 25.50 78.2 0.0 0.0 Grass 166 160 100 3 Or
P B - 299.81 31.65 1880.04 27.82 8.00 29.79 52.6 0.0 0.0 Grass 200 186 128 3 Or
P B - 301.47 33.40 1897.75 29.72 4.50 31.36 16.1 0.0 0.0 Grass 188 176 118 3 Or
P B - 302.42 33.40 1920.80 29.00 4.50 28.76 69.9 0.0 0.0 Grass 188 176 118 3 Or
P B - 299.40 31.65 1940.49 28.00 8.00 30.71 42.5 0.0 0.0 Grass 188 176 118 3 Or
P B - 300.66 29.90 1960.42 28.80 4.50 31.21 19.8 0.0 0.0 Grass 188 176 118 3 Or
P B - 298.95 28.15 1981.21 27.81 8.00 27.73 53.9 0.0 0.0 Grass 166 160 100 3 Or
P B - 298.54 24.65 2000.62 29.62 8.00 32.39 63.2 0.0 0.0 Grass 166 160 100 3 Or
P B - 302.09 19.40 2020.15 27.54 4.50 28.94 19.0 0.0 0.0 Grass 200 186 128 3 Or
P B - 299.05 14.15 2042.34 25.91 8.00 24.75 39.7 0.0 0.0 Grass 110 146 78 3 Or
P B - 297.59 8.90 2058.33 27.40 4.50 28.86 83.4 0.0 0.0 Grass 116 150 82 3 Or
P B - 318.86 10.65 1801.41 29.46 8.00 31.13 59.9 0.0 0.0 Grass 116 150 82 3 Or
P B - 321.18 17.65 1820.50 26.03 8.00 24.26 6.6 0.0 0.0 Grass 188 176 118 3 Or
P B - 322.21 21.15 1839.27 28.83 8.00 31.34 68.1 0.0 0.0 Grass 176 168 108 3 Or
P B - 319.04 24.65 1862.38 28.52 8.00 29.17 41.2 0.0 0.0 Grass 200 186 128 3 Or
P B - 321.06 24.65 1877.85 26.47 8.00 24.57 23.5 0.0 0.0 Grass 188 176 118 3 Or
P B - 322.25 28.15 1901.45 27.10 8.00 27.23 55.1 0.0 0.0 Grass 176 168 108 3 Or
P B - 322.03 28.15 1922.46 26.94 8.00 26.11 74.8 0.0 0.0 Grass 188 176 118 3 Or
P B - 317.57 26.40 1938.94 27.67 4.50 28.11 6.2 0.0 0.0 Grass 176 168 108 3 Or
P B - 320.47 24.65 1959.15 29.36 8.00 28.03 88.1 0.0 0.0 Grass 176 168 108 3 Or
P B - 319.47 22.90 1979.28 28.37 4.50 30.94 33.4 0.0 0.0 Grass 200 186 128 3 Or
P B - 320.08 19.40 2000.21 28.96 4.50 29.53 1.6 0.0 0.0 Grass 176 168 108 3 Or
P B - 320.26 15.90 2022.29 30.48 4.50 30.99 89.9 0.0 0.0 Grass 116 150 82 3 Or
P B - 318.57 10.65 2039.25 28.15 8.00 27.31 56.7 0.0 0.0 Grass 110 146 78 3 Or
P B - 338.03 10.65 1817.92 28.24 8.00 30.18 88.2 0.0 0.0 Grass 110 146 78 3 Or
P B - 337.79 14.15 1839.69 25.69 8.00 23.55 35.8 0.0 0.0 Grass 110 146 78 3 Or
P B - 338.62 17.65 1858.94 29.74 8.00 28.03 68.8 0.0 0.0 Grass 166 160 100 3 Or
P B - 342.21 19.40 1880.56 27.48 4.50 25.62 75.7 0.0 0.0 Grass 200 186 128 3 Or
P B - 341.04 21.15 1901.99 29.72 8.00 31.25 69.2 0.0 0.0 Grass 166 160 100 3 Or
P B - 342.49 21.15 1921.45 28.84 8.00 28.49 42.7 0.0 0.0 Grass 200 186 128 3 Or
P B - 341.62 21.15 1940.94 29.16 8.00 27.29 51.0 0.0 0.0 Grass 188 176 118 3 Or
P B - 342.02 19.40 1960.51 26.58 4.50 26.91 18.1 0.0 0.0 Grass 188 176 118 3 Or
P B - 338.03 17.65 1981.73 26.65 8.00 24.47 84.3 0.0 0.0 Grass 200 186 128 3 Or
P B - 338.60 14.15 2000.02 28.46 8.00 26.88 75.6 0.0 0.0 Grass 116 150 82 3 Or
P B - 339.31 10.65 2019.89 30.54 8.00 31.50 87.9 0.0 0.0 Grass 116 150 82 3 Or
P B - 360.18 8.90 1838.77 25.65 4.50 25.02 75.8 0.0 0.0 Grass 116 150 82 3 Or
P B - 358.78 10.65 1858.21 26.29 8.00 24.03 82.9 0.0 0.0 Grass 110 146 78 3 Or
P B - 361.19 12.40 1877.62 28.99 11.50 29.37 46.5 0.0 0.0 Grass 110 146 78 3 Or
P B - 359.39 14.15 1899.97 25.90 8.00 27.06 45.6 0.0 0.0 Grass 110 146 78 3 Or
P B - 362.21 14.15 1920.18 27.17 8.00 27.62 17.2 0.0 0.0 Grass 116 150 82 3 Or
P B - 359.61 14.15 1938.56 30.56 8.00 28.36 62.6 0.0 0.0 Grass 110 146 78 3 Or
P B - 357.95 12.40 1959.40 30.12 11.50 28.56 75.5 0.0 0.0 Grass 116 150 82 3 Or
P B - 358.85 10.65 1981.00 29.98 8.00 27.56 7.5 0.0 0.0 Grass 110 146 78 3 Or
P B - 361.48 8.90 1999.29 30.03 4.50 31.34 58.1 0.0 0.0 Grass 116 150 82 3 Or
P B - 378.24 8.90 1901.24 26.35 4.50 26.13 71.6 0.0 0.0 Grass 116 150 82 3 Or
P B - 379.04 8.90 1921.59 29.54 4.50 29.64 20.0 0.0 0.0 Grass 110 146 78 3 Or
P B - 378.38 8.90 1940.35 28.78 4.50 28.09 58.9 0.0 0.0 Grass 116 150 82 3 Or
G 4 오름/아부오름
P B - 659.22 7.66 1651.65 27.90 4.50 26.66 65.4 0.0 0.0 Grass 112 150 78 4 Or
P B - 658.36 7.66 1669.25 29.76 4.50 30.50 11.8 0.0 0.0 Grass 112 150 78 4 Or
P B - 662.06 7.66 1691.01 29.15 4.50 31.99 80.3 0.0 0.0 Grass 104 142 74 4 Or
P B - 662.27 7.66 1708.95 27.55 4.50 29.71 12.0 0.0 0.0 Grass 126 160 90 4 Or
P B - 661.20 7.66 1727.81 26.24 4.50 25.92 60.3 0.0 0.0 Grass 104 142 74 4 Or
P B - 677.56 7.66 1607.56 27.07 4.50 28.39 49.5 0.0 0.0 Grass 112 150 78 4 Or
P B - 680.84 7.66 1627.72 28.28 4.50 29.71 52.9 0.0 0.0 Grass 126 160 90 4 Or
P B - 680.21 11.16 1650.51 26.86 4.50 28.49 37.9 0.0 0.0 Grass 104 142 74 4 Or
P B - 679.07 11.16 1669.11 29.34 4.50 29.14 11.2 0.0 0.0 Grass 104 142 74 4 Or
P B - 678.36 11.16 1687.87 29.65 4.50 31.46 9.4 0.0 0.0 Grass 126 160 90 4 Or
P B - 678.60 11.16 1707.53 27.52 4.50 30.13 32.4 0.0 0.0 Grass 112 150 78 4 Or
P B - 681.20 11.16 1730.54 25.93 4.50 23.61 4.8 0.0 0.0 Grass 104 142 74 4 Or
P B - 682.06 7.66 1748.51 26.55 4.50 28.28 10.3 0.0 0.0 Grass 126 160 90 4 Or
P B - 678.33 7.66 1768.28 25.65 4.50 27.47 31.9 0.0 0.0 Grass 120 156 84 4 Or
P B - 699.38 7.66 1591.49 28.07 4.50 26.21 16.6 0.0 0.0 Grass 112 150 78 4 Or
P B - 700.41 11.16 1611.46 29.07 4.50 30.65 41.3 0.0 0.0 Grass 104 142 74 4 Or
P B - 698.57 12.91 1628.08 26.25 8.00 27.64 5.5 0.0 0.0 Grass 126 160 90 4 Or
P B - 700.56 14.66 1650.08 29.24 4.50 28.08 67.6 0.0 0.0 Grass 112 150 78 4 Or
P B - 702.03 14.66 1669.15 30.56 4.50 31.20 49.5 0.0 0.0 Grass 126 160 90 4 Or
P B - 702.37 16.41 1691.80 30.57 8.00 31.92 76.7 0.0 0.0 Grass 112 150 78 4 Or
P B - 702.18 14.66 1711.51 30.26 4.50 29.73 14.5 0.0 0.0 Grass 112 150 78 4 Or
P B - 698.46 14.66 1732.16 25.80 4.50 25.26 5.5 0.0 0.0 Grass 104 142 74 4 Or
P B - 698.07 12.91 1747.63 30.37 8.00 30.88 86.7 0.0 0.0 Grass 112 150 78 4 Or
P B - 698.22 11.16 1769.28 30.28 4.50 29.34 81.4 0.0 0.0 Grass 104 142 74 4 Or
P B - 698.93 7.66 1791.22 27.42 4.50 26.03 41.6 0.0 0.0 Grass 112 150 78 4 Or
P B - 720.31 7.66 1570.67 29.18 4.50 31.48 34.2 0.0 0.0 Grass 104 142 74 4 Or
P B - 718.30 11.16 1589.77 26.63 4.50 24.85 77.5 0.0 0.0 Grass 120 156 84 4 Or
P B - 720.11 14.66 1610.24 30.44 4.50 27.65 53.0 0.0 0.0 Grass 126 160 90 4 Or
P B - 720.62 18.16 1627.56 29.15 4.50 27.55 80.2 0.0 0.0 Grass 104 142 74 4 Or
P B - 720.42 18.16 1649.14 28.77 4.50 30.42 80.8 0.0 0.0 Grass 120 156 84 4 Or
P B - 718.87 19.91 1669.99 29.31 8.00 30.61 5.9 0.0 0.0 Grass 120 156 84 4 Or
P B - 720.96 21.66 1692.20 27.02 4.50 27.01 69.4 0.0 0.0 Grass 104 142 74 4 Or
P B - 718.00 19.91 1711.59 28.35 8.00 26.52 60.6 0.0 0.0 Grass 126 160 90 4 Or
P B - 717.73 18.16 1729.91 29.11 4.50 31.03 86.5 0.0 0.0 Grass 120 156 84 4 Or
P B - 720.45 18.16 1751.50 26.27 4.50 25.23 53.1 0.0 0.0 Grass 120 156 84 4 Or
P B - 720.52 14.66 1768.39 28.72 4.50 26.43 17.7 0.0 0.0 Grass 126 160 90 4 Or
P B - 720.91 11.16 1790.91 27.14 4.50 26.31 46.6 0.0 0.0 Grass 120 156 84 4 Or
P B - 720.28 7.66 1811.78 26.39 4.50 26.67 45.1 0.0 0.0 Grass 112 150 78 4 Or
P B - 742.11 9.41 1570.73 26.15 8.00 24.71 12.1 0.0 0.0 Grass 126 160 90 4 Or
P B - 737.74 14.66 1590.46 27.71 4.50 26.93 48.4 0.0 0.0 Grass 126 160 90 4 Or
P B - 741.90 18.16 1612.35 28.60 4.50 29.61 79.9 0.0 0.0 Grass 126 160 90 4 Or
P B - 738.45 21.66 1627.91 29.66 4.50 30.62 65.3 0.0 0.0 Grass 126 160 90 4 Or
P B - 738.09 21.66 1647.59 28.96 4.50 31.18 36.5 0.0 0.0 Grass 112 150 78 4 Or
P B - 737.86 23.41 1669.73 30.54 8.00 31.81 76.5 0.0 0.0 Grass 104 142 74 4 Or
P B - 741.14 23.41 1690.15 28.63 8.00 30.36 43.0 0.0 0.0 Grass 120 156 84 4 Or
P B - 739.37 23.41 1709.62 28.56 8.00 29.09 27.6 0.0 0.0 Grass 120 156 84 4 Or
P B - 741.90 21.66 1730.91 27.97 4.50 25.54 15.6 0.0 0.0 Grass 120 156 84 4 Or
P B - 738.95 21.66 1749.88 26.55 4.50 26.12 34.6 0.0 0.0 Grass 112 150 78 4 Or
P B - 741.72 18.16 1767.90 27.88 4.50 26.48 16.9 0.0 0.0 Grass 120 156 84 4 Or
P B - 739.11 14.66 1789.19 26.55 4.50 25.64 77.5 0.0 0.0 Grass 126 160 90 4 Or
P B - 737.99 9.41 1811.55 28.92 8.00 27.23 68.6 0.0 0.0 Grass 104 142 74 4 Or
P B - 759.71 7.66 1550.75 30.50 4.50 29.41 61.5 0.0 0.0 Grass 120 156 84 4 Or
P B - 760.87 11.16 1588.44 26.67 11.50 26.94 68.6 0.0 0.0 Grass 112 150 78 4 Or
P B - 759.45 19.91 1610.16 26.68 8.00 26.02 23.7 0.0 0.0 Grass 104 142 74 4 Or
P B - 762.18 25.16 1630.83 27.10 4.50 28.78 68.6 0.0 0.0 Grass 104 142 74 4 Or
P B - 759.52 21.66 1648.48 30.49 4.50 29.63 88.2 0.0 0.0 Grass 104 142 74 4 Or
P B - 758.61 18.16 1668.41 30.22 4.50 32.86 50.2 0.0 0.0 Grass 104 142 74 4 Or
P B - 759.59 18.16 1687.57 27.04 4.50 29.26 1.1 0.0 0.0 Grass 120 156 84 4 Or
P B - 758.06 18.16 1710.27 28.63 4.50 27.78 66.6 0.0 0.0 Grass 112 150 78 4 Or
P B - 758.78 21.66 1727.56 26.49 4.50 24.66 61.0 0.0 0.0 Grass 112 150 78 4 Or
P B - 758.49 25.16 1750.88 27.11 4.50 29.09 3.5 0.0 0.0 Grass 112 150 78 4 Or
P B - 759.88 19.91 1767.52 30.18 8.00 30.45 32.8 0.0 0.0 Grass 120 156 84 4 Or
P B - 758.15 14.66 1792.27 26.00 4.50 24.29 53.0 0.0 0.0 Grass 120 156 84 4 Or
P B - 761.52 11.16 1810.18 30.52 4.50 29.63 50.7 0.0 0.0 Grass 120 156 84 4 Or
P B - 762.22 7.66 1832.13 26.28 4.50 25.03 24.1 0.0 0.0 Grass 112 150 78 4 Or
P B - 780.58 7.66 1549.00 28.13 4.50 26.21 85.8 0.0 0.0 Grass 126 160 90 4 Or
P B - 781.39 11.16 1569.97 28.79 11.50 29.64 87.8 0.0 0.0 Grass 112 150 78 4 Or
P B - 780.99 12.91 1591.39 26.88 15.00 28.66 6.1 0.0 0.0 Grass 112 150 78 4 Or
P B - 781.04 21.66 1609.76 27.54 4.50 28.05 39.6 0.0 0.0 Grass 112 150 78 4 Or
P B - 781.44 23.41 1631.20 30.36 8.00 27.48 79.7 0.0 0.0 Grass 104 142 74 4 Or
P B - 778.25 18.16 1648.72 30.22 4.50 28.20 8.0 0.0 0.0 Grass 104 142 74 4 Or
P B - 779.04 14.66 1671.19 28.19 4.50 26.64 32.5 0.0 0.0 Grass 120 156 84 4 Or
P B - 780.10 14.66 1692.11 28.01 4.50 28.68 83.6 0.0 0.0 Grass 112 150 78 4 Or
P B - 781.52 14.66 1709.74 27.79 4.50 25.60 51.9 0.0 0.0 Grass 126 160 90 4 Or
P B - 778.10 18.16 1727.96 30.08 4.50 28.57 66.5 0.0 0.0 Grass 120 156 84 4 Or
P B - 782.43 23.41 1751.50 27.19 8.00 27.12 14.6 0.0 0.0 Grass 120 156 84 4 Or
P B - 778.59 21.66 1771.44 29.13 4.50 26.55 64.3 0.0 0.0 Grass 120 156 84 4 Or
P B - 782.10 18.16 1790.10 27.24 4.50 28.86 61.1 0.0 0.0 Grass 126 160 90 4 Or
P B - 781.71 12.91 1811.87 27.51 8.00 27.73 72.7 0.0 0.0 Grass 126 160 90 4 Or
P B - 780.53 7.66 1828.10 28.69 4.50 29.52 15.3 0.0 0.0 Grass 112 150 78 4 Or
P B - 798.91 9.41 1549.81 26.19 8.00 25.16 40.6 0.0 0.0 Grass 104 142 74 4 Or
P B - 801.62 11.16 1571.09 27.50 11.50 28.65 55.1 0.0 0.0 Grass 112 150 78 4 Or
P B - 798.93 16.41 1612.05 28.56 22.00 28.81 2.2 0.0 0.0 Grass 126 160 90 4 Or
P B - 800.21 19.91 1630.36 27.81 8.00 27.34 47.9 0.0 0.0 Grass 126 160 90 4 Or
P B - 797.60 14.66 1648.33 28.58 4.50 29.56 12.3 0.0 0.0 Grass 120 156 84 4 Or
P B - 800.87 12.91 1671.88 25.83 1.00 24.88 82.5 0.0 0.0 Grass 126 160 90 4 Or
P B - 797.81 12.91 1688.17 26.98 1.00 25.69 14.4 0.0 0.0 Grass 120 156 84 4 Or
P B - 799.22 12.91 1711.75 29.51 1.00 28.21 18.5 0.0 0.0 Grass 112 150 78 4 Or
P B - 798.40 14.66 1730.51 28.72 4.50 30.10 40.5 0.0 0.0 Grass 104 142 74 4 Or
P B - 798.69 19.91 1749.80 28.95 8.00 30.57 22.4 0.0 0.0 Grass 104 142 74 4 Or
P B - 800.86 23.41 1767.65 27.01 8.00 29.50 20.3 0.0 0.0 Grass 104 142 74 4 Or
P B - 800.83 18.16 1790.89 30.35 4.50 30.05 84.7 0.0 0.0 Grass 104 142 74 4 Or
P B - 801.37 14.66 1811.68 26.70 4.50 25.64 41.6 0.0 0.0 Grass 120 156 84 4 Or
P B - 798.01 9.41 1828.48 26.96 8.00 28.03 27.6 0.0 0.0 Grass 104 142 74 4 Or
P B - 819.52 9.41 1548.08 26.83 8.00 25.65 13.2 0.0 0.0 Grass 104 142 74 4 Or
P B - 821.81 14.66 1571.49 26.89 4.50 27.75 13.0 0.0 0.0 Grass 126 160 90 4 Or
P B - 819.84 12.91 1591.10 29.66 15.00 31.23 76.2 0.0 0.0 Grass 104 142 74 4 Or
P B - 820.75 23.41 1608.89 26.70 8.00 26.40 45.4 0.0 0.0 Grass 126 160 90 4 Or
P B - 817.77 18.16 1628.79 28.34 4.50 25.59 6.5 0.0 0.0 Grass 104 142 74 4 Or
P B - 818.14 14.66 1652.18 27.81 4.50 27.03 56.7 0.0 0.0 Grass 112 150 78 4 Or
P B - 820.41 12.91 1670.85 26.89 1.00 28.39 55.6 0.0 0.0 Grass 126 160 90 4 Or
P B - 817.89 12.91 1688.63 30.10 1.00 31.82 31.0 0.0 0.0 Grass 126 160 90 4 Or
P B - 819.53 12.91 1708.09 26.78 1.00 26.27 84.6 0.0 0.0 Grass 112 150 78 4 Or
P B - 818.33 14.66 1731.52 25.72 4.50 24.88 30.2 0.0 0.0 Grass 126 160 90 4 Or
P B - 817.77 18.16 1751.05 27.74 4.50 26.32 25.7 0.0 0.0 Grass 120 156 84 4 Or
P B - 820.04 23.41 1770.03 27.43 8.00 26.00 36.2 0.0 0.0 Grass 104 142 74 4 Or
P B - 822.02 18.16 1789.60 29.58 4.50 31.98 53.5 0.0 0.0 Grass 126 160 90 4 Or
P B - 821.52 14.66 1810.83 28.49 4.50 25.82 58.5 0.0 0.0 Grass 104 142 74 4 Or
P B - 817.69 9.41 1828.91 26.61 8.00 29.14 50.0 0.0 0.0 Grass 126 160 90 4 Or
P B - 837.88 9.41 1552.26 28.20 8.00 27.29 88.8 0.0 0.0 Grass 112 150 78 4 Or
P B - 841.16 14.66 1569.84 27.19 4.50 29.06 86.4 0.0 0.0 Grass 104 142 74 4 Or
P B - 841.01 18.16 1588.50 27.46 4.50 29.78 73.7 0.0 0.0 Grass 112 150 78 4 Or
P B - 840.20 23.41 1609.48 28.67 8.00 29.87 55.3 0.0 0.0 Grass 112 150 78 4 Or
P B - 839.23 19.91 1628.89 28.93 8.00 27.62 76.0 0.0 0.0 Grass 126 160 90 4 Or
P B - 839.47 14.66 1651.08 30.40 4.50 29.26 55.6 0.0 0.0 Grass 112 150 78 4 Or
P B - 841.76 12.91 1671.06 25.90 1.00 25.24 32.7 0.0 0.0 Grass 126 160 90 4 Or
P B - 837.89 12.91 1691.23 29.52 1.00 29.06 43.6 0.0 0.0 Grass 120 156 84 4 Or
P B - 842.07 12.91 1707.82 25.92 1.00 28.12 28.4 0.0 0.0 Grass 104 142 74 4 Or
P B - 841.65 14.66 1731.13 29.86 4.50 27.82 41.3 0.0 0.0 Grass 104 142 74 4 Or
P B - 842.04 19.91 1750.98 29.72 8.00 29.83 47.4 0.0 0.0 Grass 126 160 90 4 Or
P B - 841.66 23.41 1768.37 27.01 8.00 26.99 23.5 0.0 0.0 Grass 126 160 90 4 Or
P B - 838.28 18.16 1791.13 27.81 4.50 30.31 52.4 0.0 0.0 Grass 112 150 78 4 Or
P B - 839.29 14.66 1808.97 27.87 4.50 28.96 53.5 0.0 0.0 Grass 104 142 74 4 Or
P B - 841.59 9.41 1828.54 28.50 8.00 30.68 49.3 0.0 0.0 Grass 112 150 78 4 Or
P B - 860.83 7.66 1548.05 30.31 4.50 32.78 67.4 0.0 0.0 Grass 120 156 84 4 Or
P B - 858.42 12.91 1569.38 26.60 8.00 28.82 75.9 0.0 0.0 Grass 104 142 74 4 Or
P B - 860.46 18.16 1591.52 28.52 4.50 29.36 70.1 0.0 0.0 Grass 126 160 90 4 Or
P B - 857.53 21.66 1607.67 26.32 4.50 24.78 40.8 0.0 0.0 Grass 112 150 78 4 Or
P B - 858.92 23.41 1632.46 29.80 8.00 30.87 2.0 0.0 0.0 Grass 104 142 74 4 Or
P B - 862.20 18.16 1651.15 28.34 4.50 29.84 15.3 0.0 0.0 Grass 104 142 74 4 Or
P B - 861.01 14.66 1668.44 26.46 4.50 24.29 67.2 0.0 0.0 Grass 112 150 78 4 Or
P B - 861.68 14.66 1688.52 25.66 4.50 25.46 33.4 0.0 0.0 Grass 104 142 74 4 Or
P B - 859.09 14.66 1709.36 30.02 4.50 27.20 34.9 0.0 0.0 Grass 104 142 74 4 Or
P B - 860.20 18.16 1727.92 26.46 4.50 28.25 41.6 0.0 0.0 Grass 126 160 90 4 Or
P B - 857.66 23.41 1749.54 30.36 8.00 28.69 79.8 0.0 0.0 Grass 104 142 74 4 Or
P B - 860.99 21.66 1769.19 26.60 4.50 26.37 77.4 0.0 0.0 Grass 112 150 78 4 Or
P B - 860.86 18.16 1788.89 28.83 4.50 27.76 25.9 0.0 0.0 Grass 104 142 74 4 Or
P B - 860.92 12.91 1807.62 25.83 8.00 23.41 28.8 0.0 0.0 Grass 126 160 90 4 Or
P B - 861.49 7.66 1830.31 26.14 4.50 27.74 87.6 0.0 0.0 Grass 120 156 84 4 Or
P B - 879.83 7.66 1552.49 28.09 4.50 26.58 64.0 0.0 0.0 Grass 126 160 90 4 Or
P B - 881.87 11.16 1569.53 27.91 4.50 25.27 29.1 0.0 0.0 Grass 104 142 74 4 Or
P B - 880.48 14.66 1588.07 30.26 4.50 32.51 39.6 0.0 0.0 Grass 126 160 90 4 Or
P B - 882.35 19.91 1610.59 27.65 8.00 29.38 19.0 0.0 0.0 Grass 120 156 84 4 Or
P B - 881.28 25.16 1628.67 27.89 4.50 26.26 51.2 0.0 0.0 Grass 120 156 84 4 Or
P B - 880.68 21.66 1648.75 27.85 4.50 26.18 4.3 0.0 0.0 Grass 120 156 84 4 Or
P B - 878.26 18.16 1671.27 30.00 4.50 31.28 33.1 0.0 0.0 Grass 126 160 90 4 Or
P B - 877.53 18.16 1690.93 29.12 4.50 28.96 7.2 0.0 0.0 Grass 112 150 78 4 Or
P B - 882.20 18.16 1711.99 25.62 4.50 25.65 9.0 0.0 0.0 Grass 126 160 90 4 Or
P B - 879.43 21.66 1729.49 27.51 4.50 24.81 6.7 0.0 0.0 Grass 120 156 84 4 Or
P B - 881.84 25.16 1749.86 28.06 4.50 25.55 18.4 0.0 0.0 Grass 120 156 84 4 Or
P B - 880.90 19.91 1772.24 28.95 8.00 26.32 27.1 0.0 0.0 Grass 126 160 90 4 Or
P B - 878.03 14.66 1791.96 30.08 4.50 29.45 46.0 0.0 0.0 Grass 112 150 78 4 Or
P B - 880.69 11.16 1811.38 26.53 4.50 28.90 9.5 0.0 0.0 Grass 126 160 90 4 Or
P B - 878.22 7.66 1828.96 27.69 4.50 27.05 77.8 0.0 0.0 Grass 120 156 84 4 Or
P B - 901.33 9.41 1569.30 25.86 8.00 24.68 59.8 0.0 0.0 Grass 104 142 74 4 Or
P B - 901.31 14.66 1587.52 26.19 4.50 24.02 12.6 0.0 0.0 Grass 126 160 90 4 Or
P B - 901.42 18.16 1611.68 26.00 4.50 24.17 38.1 0.0 0.0 Grass 126 160 90 4 Or
P B - 900.20 21.66 1627.54 29.84 4.50 31.81 89.5 0.0 0.0 Grass 120 156 84 4 Or
P B - 901.60 21.66 1651.80 29.18 4.50 27.89 37.4 0.0 0.0 Grass 120 156 84 4 Or
P B - 901.74 23.41 1669.38 30.54 8.00 31.25 46.1 0.0 0.0 Grass 126 160 90 4 Or
P B - 897.89 23.41 1687.51 26.09 8.00 24.36 11.5 0.0 0.0 Grass 112 150 78 4 Or
P B - 899.43 23.41 1712.03 29.20 8.00 28.99 39.6 0.0 0.0 Grass 120 156 84 4 Or
P B - 901.96 21.66 1729.16 30.16 4.50 30.09 19.0 0.0 0.0 Grass 126 160 90 4 Or
P B - 898.69 21.66 1747.99 30.07 4.50 31.27 83.7 0.0 0.0 Grass 126 160 90 4 Or
P B - 901.51 18.16 1771.90 26.50 4.50 26.40 64.7 0.0 0.0 Grass 120 156 84 4 Or
P B - 901.57 14.66 1789.66 25.67 4.50 23.80 20.4 0.0 0.0 Grass 112 150 78 4 Or
P B - 901.16 9.41 1807.73 29.77 8.00 30.92 0.5 0.0 0.0 Grass 120 156 84 4 Or
P B - 921.32 7.66 1570.07 28.84 4.50 26.50 82.4 0.0 0.0 Grass 126 160 90 4 Or
P B - 920.73 11.16 1591.88 26.13 4.50 25.06 75.6 0.0 0.0 Grass 112 150 78 4 Or
P B - 917.96 14.66 1610.68 26.94 4.50 25.41 6.8 0.0 0.0 Grass 126 160 90 4 Or
P B - 918.06 18.16 1631.34 30.51 4.50 32.97 28.1 0.0 0.0 Grass 112 150 78 4 Or
P B - 918.67 18.16 1648.92 28.28 4.50 29.69 87.1 0.0 0.0 Grass 104 142 74 4 Or
P B - 922.16 19.91 1670.96 27.81 8.00 25.34 19.8 0.0 0.0 Grass 126 160 90 4 Or
P B - 921.14 21.66 1689.43 29.19 4.50 26.30 73.2 0.0 0.0 Grass 126 160 90 4 Or
P B - 918.06 19.91 1710.40 28.38 8.00 28.65 84.3 0.0 0.0 Grass 112 150 78 4 Or
P B - 919.18 18.16 1729.47 27.91 4.50 28.16 21.7 0.0 0.0 Grass 120 156 84 4 Or
P B - 917.65 18.16 1747.73 26.67 4.50 26.25 26.5 0.0 0.0 Grass 120 156 84 4 Or
P B - 922.08 14.66 1770.55 26.13 4.50 26.87 80.2 0.0 0.0 Grass 120 156 84 4 Or
P B - 921.53 11.16 1787.79 26.26 4.50 28.53 70.4 0.0 0.0 Grass 120 156 84 4 Or
P B - 921.04 7.66 1808.76 26.36 4.50 26.78 68.3 0.0 0.0 Grass 112 150 78 4 Or
P B - 942.20 7.66 1587.81 29.06 4.50 27.11 8.1 0.0 0.0 Grass 112 150 78 4 Or
P B - 941.54 11.16 1609.76 29.23 4.50 31.17 78.9 0.0 0.0 Grass 126 160 90 4 Or
P B - 938.53 12.91 1630.63 29.70 8.00 28.82 56.8 0.0 0.0 Grass 120 156 84 4 Or
P B - 940.31 14.66 1649.03 27.22 4.50 25.64 11.3 0.0 0.0 Grass 112 150 78 4 Or
P B - 940.47 14.66 1668.18 25.61 4.50 26.58 65.0 0.0 0.0 Grass 112 150 78 4 Or
P B - 939.95 16.41 1692.20 29.83 8.00 31.97 56.8 0.0 0.0 Grass 112 150 78 4 Or
P B - 939.64 14.66 1707.87 28.23 4.50 30.12 65.2 0.0 0.0 Grass 126 160 90 4 Or
P B - 938.20 14.66 1727.77 26.05 4.50 28.12 65.7 0.0 0.0 Grass 126 160 90 4 Or
P B - 937.72 12.91 1749.60 26.06 8.00 25.54 42.9 0.0 0.0 Grass 126 160 90 4 Or
P B - 941.49 11.16 1768.97 27.23 4.50 27.98 65.4 0.0 0.0 Grass 120 156 84 4 Or
P B - 939.22 7.66 1792.16 26.95 4.50 24.27 47.0 0.0 0.0 Grass 120 156 84 4 Or
P B - 961.63 7.66 1609.15 25.60 4.50 27.17 75.1 0.0 0.0 Grass 112 150 78 4 Or
P B - 958.80 7.66 1632.31 27.17 4.50 26.73 7.9 0.0 0.0 Grass 126 160 90 4 Or
P B - 958.99 11.16 1651.30 29.57 4.50 27.90 0.5 0.0 0.0 Grass 104 142 74 4 Or
P B - 960.37 11.16 1670.42 26.04 4.50 23.67 49.2 0.0 0.0 Grass 120 156 84 4 Or
P B - 961.67 11.16 1688.07 28.92 4.50 29.13 43.8 0.0 0.0 Grass 104 142 74 4 Or
P B - 958.14 11.16 1709.30 29.91 4.50 28.69 20.7 0.0 0.0 Grass 112 150 78 4 Or
P B - 960.99 11.16 1729.17 28.63 4.50 26.52 52.3 0.0 0.0 Grass 126 160 90 4 Or
P B - 959.26 7.66 1748.61 26.44 4.50 24.11 31.3 0.0 0.0 Grass 104 142 74 4 Or
P B - 961.26 7.66 1770.74 27.78 4.50 25.94 13.6 0.0 0.0 Grass 120 156 84 4 Or
P B - 977.77 7.66 1648.34 26.61 4.50 29.18 89.6 0.0 0.0 Grass 120 156 84 4 Or
P B - 982.35 7.66 1667.85 29.56 4.50 30.76 68.0 0.0 0.0 Grass 120 156 84 4 Or
P B - 981.66 7.66 1689.09 29.45 4.50 31.52 28.7 0.0 0.0 Grass 126 160 90 4 Or
P B - 977.70 7.66 1708.39 27.53 4.50 29.57 68.5 0.0 0.0 Grass 112 150 78 4 Or
P B - 977.97 7.66 1732.43 26.75 4.50 28.03 25.6 0.0 0.0 Grass 104 142 74 4 Or
G 5 오름/봉수오름
P B - -459.19 6.50 1617.55 27.91 4.50 27.86 49.4 0.0 0.0 Grass 126 160 90 5 Or
P B - -461.64 8.25 1639.95 26.38 8.00 28.25 51.5 0.0 0.0 Grass 104 142 74 5 Or
P B - -460.12 8.25 1662.15 29.48 8.00 27.93 10.9 0.0 0.0 Grass 120 156 84 5 Or
P B - -461.14 6.50 1681.27 27.45 4.50 29.43 25.2 0.0 0.0 Grass 104 142 74 5 Or
P B - -437.92 6.50 1581.66 29.76 4.50 29.84 71.9 0.0 0.0 Grass 112 150 78 5 Or
P B - -438.18 8.25 1599.45 28.40 8.00 27.78 60.0 0.0 0.0 Grass 112 150 78 5 Or
P B - -440.50 11.75 1621.66 29.88 8.00 27.71 25.8 0.0 0.0 Grass 112 150 78 5 Or
P B - -439.69 13.50 1640.43 27.35 4.50 28.44 67.2 0.0 0.0 Grass 112 150 78 5 Or
P B - -440.90 13.50 1659.51 26.39 4.50 28.72 84.6 0.0 0.0 Grass 104 142 74 5 Or
P B - -441.10 11.75 1680.62 27.12 8.00 29.14 4.9 0.0 0.0 Grass 104 142 74 5 Or
P B - -437.88 8.25 1698.79 29.58 8.00 31.56 77.7 0.0 0.0 Grass 126 160 90 5 Or
P B - -417.53 8.25 1579.60 26.46 8.00 24.81 86.5 0.0 0.0 Grass 120 156 84 5 Or
P B - -418.02 15.25 1601.95 30.16 8.00 29.67 63.9 0.0 0.0 Grass 126 160 90 5 Or
P B - -418.41 18.75 1618.59 29.43 8.00 31.06 58.8 0.0 0.0 Grass 104 142 74 5 Or
P B - -419.75 18.75 1638.77 28.61 8.00 29.54 54.7 0.0 0.0 Grass 104 142 74 5 Or
P B - -419.62 18.75 1658.46 30.42 8.00 28.78 1.4 0.0 0.0 Grass 120 156 84 5 Or
P B - -420.82 17.00 1682.40 28.80 4.50 28.80 22.4 0.0 0.0 Grass 104 142 74 5 Or
P B - -420.05 13.50 1699.71 25.88 4.50 26.36 83.5 0.0 0.0 Grass 126 160 90 5 Or
P B - -418.07 8.25 1720.25 27.54 8.00 25.78 48.1 0.0 0.0 Grass 112 150 78 5 Or
P B - -400.88 8.25 1559.66 27.12 8.00 25.53 8.6 0.0 0.0 Grass 120 156 84 5 Or
P B - -401.15 15.25 1579.43 30.55 8.00 29.08 69.2 0.0 0.0 Grass 120 156 84 5 Or
P B - -398.77 20.50 1602.14 28.94 4.50 30.87 24.0 0.0 0.0 Grass 120 156 84 5 Or
P B - -398.15 24.00 1617.70 26.63 4.50 27.32 29.5 0.0 0.0 Grass 120 156 84 5 Or
P B - -399.36 24.00 1641.99 25.81 4.50 27.16 34.9 0.0 0.0 Grass 104 142 74 5 Or
P B - -399.63 24.00 1659.67 28.89 4.50 29.91 25.0 0.0 0.0 Grass 120 156 84 5 Or
P B - -400.95 20.50 1677.60 29.03 4.50 27.72 41.9 0.0 0.0 Grass 126 160 90 5 Or
P B - -400.97 17.00 1698.23 27.60 4.50 29.17 49.4 0.0 0.0 Grass 120 156 84 5 Or
P B - -401.73 10.00 1722.46 26.84 11.50 26.15 0.0 0.0 0.0 Grass 120 156 84 5 Or
P B - -378.14 10.00 1557.72 26.99 11.50 26.68 8.9 0.0 0.0 Grass 104 142 74 5 Or
P B - -380.28 17.00 1581.58 27.19 4.50 28.05 77.2 0.0 0.0 Grass 104 142 74 5 Or
P B - -378.17 22.25 1598.49 27.54 8.00 26.58 29.6 0.0 0.0 Grass 104 142 74 5 Or
P B - -380.93 27.50 1617.56 27.28 4.50 26.01 17.0 0.0 0.0 Grass 112 150 78 5 Or
P B - -377.83 27.50 1638.08 27.90 4.50 26.98 10.2 0.0 0.0 Grass 126 160 90 5 Or
P B - -380.19 27.50 1657.93 27.97 4.50 28.80 2.9 0.0 0.0 Grass 120 156 84 5 Or
P B - -379.03 24.00 1681.55 28.38 4.50 29.54 4.9 0.0 0.0 Grass 120 156 84 5 Or
P B - -381.41 18.75 1701.63 26.71 8.00 27.35 63.4 0.0 0.0 Grass 126 160 90 5 Or
P B - -380.10 11.75 1719.82 29.05 8.00 31.73 56.0 0.0 0.0 Grass 120 156 84 5 Or
P B - -379.42 6.50 1738.09 29.16 4.50 31.54 65.5 0.0 0.0 Grass 126 160 90 5 Or
P B - -360.25 6.50 1541.65 27.70 4.50 28.32 71.8 0.0 0.0 Grass 120 156 84 5 Or
P B - -360.81 11.75 1561.09 26.98 8.00 27.02 53.1 0.0 0.0 Grass 104 142 74 5 Or
P B - -358.38 18.75 1579.12 26.51 8.00 28.71 53.6 0.0 0.0 Grass 120 156 84 5 Or
P B - -361.95 24.00 1602.17 28.90 4.50 31.44 74.6 0.0 0.0 Grass 104 142 74 5 Or
P B - -360.28 27.50 1618.93 27.69 4.50 28.55 15.8 0.0 0.0 Grass 104 142 74 5 Or
P B - -357.53 20.50 1641.43 28.57 32.50 30.76 12.3 0.0 0.0 Grass 120 156 84 5 Or
P B - -357.59 27.50 1658.73 27.88 4.50 26.44 27.4 0.0 0.0 Grass 104 142 74 5 Or
P B - -359.34 24.00 1678.62 28.67 4.50 26.30 58.8 0.0 0.0 Grass 112 150 78 5 Or
P B - -360.64 18.75 1699.15 27.20 8.00 28.99 1.4 0.0 0.0 Grass 104 142 74 5 Or
P B - -357.69 11.75 1721.82 28.51 8.00 31.32 70.2 0.0 0.0 Grass 120 156 84 5 Or
P B - -361.45 6.50 1737.85 26.55 4.50 23.92 29.6 0.0 0.0 Grass 126 160 90 5 Or
P B - -340.94 6.50 1539.46 29.24 4.50 28.44 71.2 0.0 0.0 Grass 104 142 74 5 Or
P B - -339.34 11.75 1560.69 26.96 8.00 24.59 25.8 0.0 0.0 Grass 120 156 84 5 Or
P B - -339.07 18.75 1581.06 29.90 8.00 28.79 51.2 0.0 0.0 Grass 126 160 90 5 Or
P B - -341.84 24.00 1600.08 28.20 4.50 29.33 68.8 0.0 0.0 Grass 126 160 90 5 Or
P B - -338.60 17.00 1618.45 26.08 25.50 24.12 20.9 0.0 0.0 Grass 104 142 74 5 Or
P B - -341.57 17.00 1661.93 27.19 25.50 24.47 20.7 0.0 0.0 Grass 120 156 84 5 Or
P B - -338.00 22.25 1680.67 30.45 8.00 31.40 22.3 0.0 0.0 Grass 120 156 84 5 Or
P B - -339.66 17.00 1699.58 28.60 4.50 29.85 40.9 0.0 0.0 Grass 104 142 74 5 Or
P B - -340.48 10.00 1718.95 28.41 11.50 30.06 14.9 0.0 0.0 Grass 112 150 78 5 Or
P B - -319.17 10.00 1561.87 29.93 11.50 32.13 73.6 0.0 0.0 Grass 120 156 84 5 Or
P B - -321.46 17.00 1579.45 27.17 4.50 26.45 39.1 0.0 0.0 Grass 126 160 90 5 Or
P B - -322.15 20.50 1601.98 28.78 4.50 26.05 39.9 0.0 0.0 Grass 112 150 78 5 Or
P B - -321.15 15.25 1620.46 30.12 22.00 28.51 21.2 0.0 0.0 Grass 112 150 78 5 Or
P B - -317.58 15.25 1658.88 26.09 22.00 27.06 1.1 0.0 0.0 Grass 126 160 90 5 Or
P B - -322.44 20.50 1678.10 29.19 4.50 28.16 31.7 0.0 0.0 Grass 112 150 78 5 Or
P B - -320.31 15.25 1699.43 28.63 8.00 25.89 61.6 0.0 0.0 Grass 104 142 74 5 Or
P B - -320.01 8.25 1721.85 27.60 8.00 26.15 47.5 0.0 0.0 Grass 120 156 84 5 Or
P B - -299.66 8.25 1561.83 29.17 8.00 26.25 77.0 0.0 0.0 Grass 112 150 78 5 Or
P B - -300.10 13.50 1579.50 28.88 4.50 30.57 32.3 0.0 0.0 Grass 112 150 78 5 Or
P B - -299.18 17.00 1598.85 27.05 4.50 25.09 82.2 0.0 0.0 Grass 126 160 90 5 Or
P B - -300.43 13.50 1621.35 30.26 18.50 29.56 74.4 0.0 0.0 Grass 104 142 74 5 Or
P B - -298.28 13.50 1658.97 27.49 18.50 27.95 54.1 0.0 0.0 Grass 104 142 74 5 Or
P B - -302.04 15.25 1682.03 28.61 8.00 29.12 52.8 0.0 0.0 Grass 120 156 84 5 Or
P B - -302.15 8.25 1699.15 27.72 8.00 28.62 26.2 0.0 0.0 Grass 126 160 90 5 Or
P B - -281.61 8.25 1580.17 29.36 8.00 32.12 71.3 0.0 0.0 Grass 112 150 78 5 Or
P B - -278.61 11.75 1598.66 25.77 8.00 27.09 2.3 0.0 0.0 Grass 104 142 74 5 Or
P B - -279.72 13.50 1619.92 26.77 4.50 24.78 22.2 0.0 0.0 Grass 126 160 90 5 Or
P B - -279.79 10.00 1640.48 28.53 11.50 28.33 26.3 0.0 0.0 Grass 120 156 84 5 Or
P B - -281.03 11.75 1659.58 25.75 8.00 26.96 22.7 0.0 0.0 Grass 126 160 90 5 Or
P B - -280.51 8.25 1679.76 29.02 8.00 29.83 19.3 0.0 0.0 Grass 112 150 78 5 Or
P B - -278.27 6.50 1697.57 29.92 4.50 28.60 76.6 0.0 0.0 Grass 104 142 74 5 Or
P B - -260.77 6.50 1599.03 30.49 4.50 31.69 70.5 0.0 0.0 Grass 120 156 84 5 Or
P B - -258.29 8.25 1620.18 27.51 8.00 27.76 81.1 0.0 0.0 Grass 120 156 84 5 Or
P B - -262.27 8.25 1641.11 27.94 8.00 25.83 45.0 0.0 0.0 Grass 120 156 84 5 Or
P B - -262.13 6.50 1662.07 28.59 4.50 30.93 20.3 0.0 0.0 Grass 126 160 90 5 Or
G 6 오름/송악오름
P B - 988.94 9.49 2037.75 27.19 4.50 24.79 89.0 0.0 0.0 Grass 116 150 82 6 Or
P B - 991.58 11.24 2060.55 28.64 8.00 29.73 73.2 0.0 0.0 Grass 110 146 78 6 Or
P B - 987.90 11.24 2081.21 27.41 8.00 27.27 43.9 0.0 0.0 Grass 110 146 78 6 Or
P B - 988.68 9.49 2100.45 26.58 4.50 24.69 81.7 0.0 0.0 Grass 110 146 78 6 Or
P B - 1007.72 9.49 1998.04 27.58 4.50 25.20 13.0 0.0 0.0 Grass 116 150 82 6 Or
P B - 1009.24 12.99 2019.48 26.04 11.50 26.60 63.9 0.0 0.0 Grass 200 186 128 6 Or
P B - 1010.81 18.24 2041.38 26.15 15.00 27.89 71.7 0.0 0.0 Grass 188 176 118 6 Or
P B - 1007.73 16.49 2059.09 28.71 18.50 26.58 65.2 0.0 0.0 Grass 200 186 128 6 Or
P B - 1007.73 19.99 2077.85 28.11 11.50 30.37 9.3 0.0 0.0 Grass 188 176 118 6 Or
P B - 1008.93 18.24 2098.84 29.00 15.00 27.60 68.2 0.0 0.0 Grass 200 186 128 6 Or
P B - 1007.61 14.74 2120.77 29.17 15.00 26.80 13.4 0.0 0.0 Grass 188 176 118 6 Or
P B - 1007.90 11.24 2138.87 25.91 8.00 25.52 10.6 0.0 0.0 Grass 116 150 82 6 Or
P B - 1030.67 9.49 1982.25 30.15 4.50 32.53 78.4 0.0 0.0 Grass 116 150 82 6 Or
P B - 1028.26 16.49 2001.65 25.60 11.50 23.15 72.3 0.0 0.0 Grass 176 168 108 6 Or
P B - 1032.09 23.49 2020.43 26.55 11.50 28.82 11.3 0.0 0.0 Grass 176 168 108 6 Or
P B - 1028.09 19.99 2040.66 30.12 25.50 29.30 48.6 0.0 0.0 Grass 200 186 128 6 Or
P B - 1029.04 19.99 2080.57 26.27 25.50 27.68 25.2 0.0 0.0 Grass 176 168 108 6 Or
P B - 1028.56 28.74 2098.17 26.77 8.00 28.90 5.1 0.0 0.0 Grass 166 160 100 6 Or
P B - 1031.95 25.24 2118.20 26.87 8.00 25.18 38.3 0.0 0.0 Grass 200 186 128 6 Or
P B - 1027.50 19.99 2138.99 29.27 11.50 26.40 0.1 0.0 0.0 Grass 166 160 100 6 Or
P B - 1030.40 11.24 2159.55 30.41 8.00 29.40 80.0 0.0 0.0 Grass 200 186 128 6 Or
P B - 1048.28 12.99 1979.27 30.51 11.50 33.46 82.3 0.0 0.0 Grass 200 186 128 6 Or
P B - 1049.82 23.49 1998.09 28.44 11.50 28.40 35.0 0.0 0.0 Grass 166 160 100 6 Or
P B - 1047.61 30.49 2018.60 30.38 4.50 28.92 15.0 0.0 0.0 Grass 176 168 108 6 Or
P B - 1051.88 33.99 2039.00 26.36 4.50 26.08 62.5 0.0 0.0 Grass 188 176 118 6 Or
P B - 1049.95 23.49 2061.03 30.57 32.50 32.55 79.4 0.0 0.0 Grass 188 176 118 6 Or
P B - 1050.38 35.74 2080.99 29.70 8.00 27.53 78.9 0.0 0.0 Grass 188 176 118 6 Or
P B - 1048.44 35.74 2101.57 29.22 8.00 31.55 74.3 0.0 0.0 Grass 200 186 128 6 Or
P B - 1047.78 32.24 2120.89 27.25 8.00 29.78 73.6 0.0 0.0 Grass 176 168 108 6 Or
P B - 1049.34 28.74 2139.80 28.40 8.00 26.17 87.8 0.0 0.0 Grass 166 160 100 6 Or
P B - 1047.94 19.99 2159.93 29.32 11.50 29.49 87.2 0.0 0.0 Grass 176 168 108 6 Or
P B - 1048.25 11.24 2181.98 29.10 8.00 26.71 48.1 0.0 0.0 Grass 116 150 82 6 Or
P B - 1069.51 9.49 1958.51 26.14 4.50 28.25 57.4 0.0 0.0 Grass 116 150 82 6 Or
P B - 1071.56 16.49 1982.28 27.44 11.50 26.73 59.8 0.0 0.0 Grass 188 176 118 6 Or
P B - 1070.64 26.99 2002.45 29.34 11.50 29.37 52.6 0.0 0.0 Grass 176 168 108 6 Or
P B - 1072.12 33.99 2019.05 28.62 4.50 27.12 42.5 0.0 0.0 Grass 176 168 108 6 Or
P B - 1069.67 39.24 2037.60 30.14 8.00 30.51 85.0 0.0 0.0 Grass 176 168 108 6 Or
P B - 1070.39 35.74 2061.36 26.48 8.00 28.78 30.6 0.0 0.0 Grass 188 176 118 6 Or
P B - 1070.99 33.99 2077.54 28.86 11.50 26.61 48.1 0.0 0.0 Grass 188 176 118 6 Or
P B - 1071.78 37.49 2099.29 27.58 11.50 26.99 84.8 0.0 0.0 Grass 188 176 118 6 Or
P B - 1068.06 37.49 2121.50 25.75 4.50 26.36 60.5 0.0 0.0 Grass 188 176 118 6 Or
P B - 1070.26 32.24 2139.20 30.32 8.00 32.20 4.5 0.0 0.0 Grass 200 186 128 6 Or
P B - 1069.44 25.24 2158.29 29.92 8.00 32.17 51.5 0.0 0.0 Grass 166 160 100 6 Or
P B - 1069.80 14.74 2180.65 29.70 15.00 32.05 55.6 0.0 0.0 Grass 166 160 100 6 Or
P B - 1091.81 11.24 1959.98 26.91 8.00 26.00 39.5 0.0 0.0 Grass 116 150 82 6 Or
P B - 1090.29 19.99 1980.59 28.64 11.50 27.58 72.7 0.0 0.0 Grass 176 168 108 6 Or
P B - 1090.79 28.74 2001.10 30.13 8.00 33.14 66.2 0.0 0.0 Grass 176 168 108 6 Or
P B - 1091.88 35.74 2021.73 28.69 8.00 26.27 40.4 0.0 0.0 Grass 166 160 100 6 Or
P B - 1088.66 35.74 2042.06 28.46 8.00 30.37 16.4 0.0 0.0 Grass 188 176 118 6 Or
P B - 1090.78 30.49 2062.06 27.29 4.50 26.98 48.3 0.0 0.0 Grass 200 186 128 6 Or
P B - 1088.71 26.99 2081.68 29.49 4.50 28.42 82.5 0.0 0.0 Grass 176 168 108 6 Or
P B - 1091.82 30.49 2100.07 27.34 4.50 28.77 4.9 0.0 0.0 Grass 166 160 100 6 Or
P B - 1087.89 37.49 2121.41 27.86 11.50 27.06 56.0 0.0 0.0 Grass 166 160 100 6 Or
P B - 1088.33 35.74 2142.41 30.29 8.00 29.67 49.4 0.0 0.0 Grass 176 168 108 6 Or
P B - 1090.99 28.74 2160.14 26.83 8.00 24.82 75.7 0.0 0.0 Grass 200 186 128 6 Or
P B - 1092.47 18.24 2177.97 27.90 15.00 28.38 50.4 0.0 0.0 Grass 200 186 128 6 Or
P B - 1089.75 9.49 2201.62 28.85 4.50 28.33 3.5 0.0 0.0 Grass 110 146 78 6 Or
P B - 1110.86 11.24 1960.63 29.81 8.00 31.89 35.6 0.0 0.0 Grass 110 146 78 6 Or
P B - 1111.32 19.99 1982.45 25.98 11.50 24.50 88.8 0.0 0.0 Grass 188 176 118 6 Or
P B - 1110.51 28.74 1999.36 29.62 8.00 31.40 49.1 0.0 0.0 Grass 200 186 128 6 Or
P B - 1110.00 35.74 2020.71 29.22 8.00 30.23 62.8 0.0 0.0 Grass 176 168 108 6 Or
P B - 1107.71 33.99 2040.95 29.84 11.50 27.04 35.1 0.0 0.0 Grass 166 160 100 6 Or
P B - 1111.89 26.99 2059.83 30.37 4.50 31.83 75.7 0.0 0.0 Grass 176 168 108 6 Or
P B - 1111.75 25.24 2079.79 26.23 1.00 27.03 77.6 0.0 0.0 Grass 176 168 108 6 Or
P B - 1111.17 26.99 2099.81 29.86 4.50 28.13 37.0 0.0 0.0 Grass 176 168 108 6 Or
P B - 1112.19 33.99 2118.23 29.26 11.50 31.60 25.4 0.0 0.0 Grass 166 160 100 6 Or
P B - 1107.62 35.74 2138.09 25.70 8.00 26.37 59.1 0.0 0.0 Grass 166 160 100 6 Or
P B - 1109.17 28.74 2157.69 29.42 8.00 28.74 89.1 0.0 0.0 Grass 176 168 108 6 Or
P B - 1110.39 19.99 2177.96 29.39 11.50 29.86 48.4 0.0 0.0 Grass 200 186 128 6 Or
P B - 1109.73 11.24 2201.65 25.64 8.00 25.83 26.8 0.0 0.0 Grass 116 150 82 6 Or
P B - 1129.31 9.49 1961.59 29.02 4.50 31.19 12.3 0.0 0.0 Grass 110 146 78 6 Or
P B - 1131.46 18.24 1982.12 29.77 15.00 27.30 48.0 0.0 0.0 Grass 200 186 128 6 Or
P B - 1129.18 28.74 2002.13 29.58 8.00 31.29 82.3 0.0 0.0 Grass 176 168 108 6 Or
P B - 1128.07 35.74 2018.79 28.09 8.00 27.45 70.2 0.0 0.0 Grass 188 176 118 6 Or
P B - 1130.58 37.49 2039.67 27.23 11.50 29.93 38.9 0.0 0.0 Grass 200 186 128 6 Or
P B - 1127.78 30.49 2059.51 30.45 4.50 28.11 42.1 0.0 0.0 Grass 188 176 118 6 Or
P B - 1132.26 26.99 2078.93 28.85 4.50 30.01 1.9 0.0 0.0 Grass 188 176 118 6 Or
P B - 1131.85 30.49 2098.40 27.06 4.50 29.48 8.9 0.0 0.0 Grass 166 160 100 6 Or
P B - 1127.80 35.74 2119.99 27.95 8.00 25.70 4.0 0.0 0.0 Grass 188 176 118 6 Or
P B - 1131.64 35.74 2139.24 27.68 8.00 27.18 79.8 0.0 0.0 Grass 188 176 118 6 Or
P B - 1128.25 28.74 2161.86 29.17 8.00 29.36 7.3 0.0 0.0 Grass 166 160 100 6 Or
P B - 1128.75 19.99 2177.73 29.12 11.50 31.94 23.0 0.0 0.0 Grass 166 160 100 6 Or
P B - 1127.53 11.24 2197.58 27.10 8.00 26.58 80.8 0.0 0.0 Grass 116 150 82 6 Or
P B - 1148.50 14.74 1977.68 26.03 15.00 26.69 33.5 0.0 0.0 Grass 188 176 118 6 Or
P B - 1150.14 25.24 2000.84 26.46 8.00 27.25 82.7 0.0 0.0 Grass 176 168 108 6 Or
P B - 1151.18 32.24 2018.45 30.12 8.00 30.76 43.3 0.0 0.0 Grass 200 186 128 6 Or
P B - 1149.69 37.49 2040.01 29.90 4.50 29.86 53.4 0.0 0.0 Grass 200 186 128 6 Or
P B - 1147.75 37.49 2061.73 25.90 11.50 27.29 77.5 0.0 0.0 Grass 166 160 100 6 Or
P B - 1151.60 33.99 2081.38 27.84 11.50 29.59 24.0 0.0 0.0 Grass 176 168 108 6 Or
P B - 1151.01 35.74 2098.54 27.71 8.00 27.34 63.2 0.0 0.0 Grass 188 176 118 6 Or
P B - 1151.11 39.24 2121.72 29.72 8.00 29.60 7.4 0.0 0.0 Grass 188 176 118 6 Or
P B - 1149.35 33.99 2140.91 28.22 4.50 30.15 42.8 0.0 0.0 Grass 166 160 100 6 Or
P B - 1148.19 26.99 2158.58 29.41 11.50 26.59 88.3 0.0 0.0 Grass 200 186 128 6 Or
P B - 1149.07 16.49 2179.18 26.39 11.50 26.78 81.6 0.0 0.0 Grass 200 186 128 6 Or
P B - 1147.80 9.49 2199.29 29.74 4.50 28.47 0.7 0.0 0.0 Grass 116 150 82 6 Or
P B - 1171.96 11.24 1980.88 30.49 8.00 30.69 65.2 0.0 0.0 Grass 110 146 78 6 Or
P B - 1167.67 19.99 1998.76 26.97 11.50 25.62 48.7 0.0 0.0 Grass 188 176 118 6 Or
P B - 1168.22 28.74 2020.34 29.43 8.00 27.57 82.0 0.0 0.0 Grass 200 186 128 6 Or
P B - 1169.33 32.24 2039.51 27.15 8.00 24.53 24.4 0.0 0.0 Grass 200 186 128 6 Or
P B - 1170.78 35.74 2059.45 28.10 8.00 30.74 60.5 0.0 0.0 Grass 188 176 118 6 Or
P B - 1168.05 35.74 2078.12 27.99 8.00 27.30 53.4 0.0 0.0 Grass 188 176 118 6 Or
P B - 1168.96 35.74 2099.77 26.90 8.00 24.47 67.5 0.0 0.0 Grass 200 186 128 6 Or
P B - 1171.40 33.99 2118.87 30.04 4.50 31.50 17.5 0.0 0.0 Grass 200 186 128 6 Or
P B - 1168.69 30.49 2137.76 29.04 4.50 28.40 74.7 0.0 0.0 Grass 176 168 108 6 Or
P B - 1172.09 23.49 2159.17 29.20 11.50 31.61 54.3 0.0 0.0 Grass 200 186 128 6 Or
P B - 1170.15 12.99 2178.46 28.54 11.50 27.06 45.3 0.0 0.0 Grass 188 176 118 6 Or
P B - 1192.39 11.24 1997.52 25.61 8.00 24.77 79.8 0.0 0.0 Grass 176 168 108 6 Or
P B - 1191.64 19.99 2020.24 27.49 11.50 25.78 20.2 0.0 0.0 Grass 188 176 118 6 Or
P B - 1187.61 25.24 2037.70 28.88 8.00 31.25 43.2 0.0 0.0 Grass 176 168 108 6 Or
P B - 1190.81 28.74 2060.91 27.95 8.00 26.43 6.3 0.0 0.0 Grass 166 160 100 6 Or
P B - 1191.53 28.74 2079.99 27.25 8.00 29.28 84.1 0.0 0.0 Grass 166 160 100 6 Or
P B - 1188.16 28.74 2098.15 28.38 8.00 28.23 88.6 0.0 0.0 Grass 166 160 100 6 Or
P B - 1187.97 28.74 2121.04 28.42 8.00 25.72 64.4 0.0 0.0 Grass 200 186 128 6 Or
P B - 1191.59 23.49 2142.42 28.02 11.50 25.34 20.0 0.0 0.0 Grass 200 186 128 6 Or
P B - 1187.91 16.49 2158.75 26.43 11.50 25.86 71.3 0.0 0.0 Grass 200 186 128 6 Or
P B - 1189.27 9.49 2179.04 26.30 4.50 27.60 39.2 0.0 0.0 Grass 110 146 78 6 Or
G 7 오름/송악오름_벼랑
P B - 1189.27 -9.88 2179.04 25.25 34.24 25.25 39.2 0.0 0.0 Rock 70 66 62 7 Cliff
P B - 1210.92 11.24 2021.32 30.26 8.00 28.04 78.6 0.0 0.0 Grass 110 146 78 6 Or
P B - 1209.31 14.74 2042.50 26.04 15.00 24.38 79.6 0.0 0.0 Grass 166 160 100 6 Or
P B - 1209.46 18.24 2059.40 26.12 15.00 25.52 26.5 0.0 0.0 Grass 188 176 118 6 Or
P B - 1209.53 19.99 2082.50 29.42 11.50 30.07 3.5 0.0 0.0 Grass 200 186 128 6 Or
P B - 1211.36 19.99 2102.47 28.89 11.50 29.08 46.8 0.0 0.0 Grass 188 176 118 6 Or
P B - 1210.32 18.24 2122.36 26.73 15.00 28.70 25.3 0.0 0.0 Grass 188 176 118 6 Or
P B - 1210.28 12.99 2141.32 26.52 11.50 29.01 50.3 0.0 0.0 Grass 166 160 100 6 Or
P B - 1209.36 9.49 2162.20 27.78 4.50 30.41 89.2 0.0 0.0 Grass 110 146 78 6 Or
P B - 1209.36 -9.88 2162.20 26.67 34.24 26.67 89.2 0.0 0.0 Rock 70 66 62 7 Cliff
P B - 1227.77 9.49 2061.03 30.54 4.50 29.49 9.9 0.0 0.0 Grass 116 150 82 6 Or
P B - 1231.91 11.24 2078.63 28.01 8.00 26.93 5.3 0.0 0.0 Grass 110 146 78 6 Or
P B - 1231.50 11.24 2100.21 28.36 8.00 29.00 0.8 0.0 0.0 Grass 110 146 78 6 Or
P B - 1231.78 9.49 2120.99 30.15 4.50 29.89 78.0 0.0 0.0 Grass 116 150 82 6 Or
P B - 1231.78 -9.88 2120.99 28.94 34.24 28.94 78.0 0.0 0.0 Rock 70 66 62 7 Cliff
G 8 오름/서쪽동산
P B - -390.01 5.65 1287.83 29.36 4.50 31.77 17.5 0.0 0.0 Grass 104 142 74 8 Or
P B - -390.86 5.65 1309.59 29.99 4.50 32.06 68.7 0.0 0.0 Grass 126 160 90 8 Or
P B - -390.80 5.65 1330.92 26.19 4.50 25.84 28.1 0.0 0.0 Grass 120 156 84 8 Or
P B - -388.79 5.65 1350.05 30.02 4.50 27.38 36.4 0.0 0.0 Grass 126 160 90 8 Or
P B - -371.80 5.65 1268.29 30.31 4.50 33.03 57.0 0.0 0.0 Grass 120 156 84 8 Or
P B - -371.96 7.40 1289.47 26.11 1.00 23.74 9.3 0.0 0.0 Grass 104 142 74 8 Or
P B - -371.18 7.40 1310.67 26.57 1.00 28.95 8.6 0.0 0.0 Grass 126 160 90 8 Or
P B - -370.37 7.40 1330.74 29.09 1.00 30.51 35.2 0.0 0.0 Grass 104 142 74 8 Or
P B - -367.67 7.40 1348.19 29.56 1.00 27.21 8.5 0.0 0.0 Grass 126 160 90 8 Or
P B - -370.50 5.65 1368.74 29.13 4.50 28.81 4.6 0.0 0.0 Grass 120 156 84 8 Or
P B - -349.90 5.65 1271.21 26.83 4.50 24.78 9.9 0.0 0.0 Grass 112 150 78 8 Or
P B - -350.19 7.40 1288.07 26.14 1.00 26.27 61.7 0.0 0.0 Grass 104 142 74 8 Or
P B - -350.38 9.15 1308.39 26.38 4.50 27.48 51.4 0.0 0.0 Grass 120 156 84 8 Or
P B - -351.47 9.15 1328.88 25.97 4.50 25.15 32.0 0.0 0.0 Grass 104 142 74 8 Or
P B - -351.78 9.15 1348.78 26.98 4.50 25.74 80.8 0.0 0.0 Grass 104 142 74 8 Or
P B - -348.41 7.40 1368.21 30.51 1.00 32.21 85.3 0.0 0.0 Grass 120 156 84 8 Or
P B - -351.58 5.65 1389.19 29.25 4.50 30.63 83.3 0.0 0.0 Grass 126 160 90 8 Or
P B - -331.91 5.65 1268.66 26.04 4.50 28.03 51.7 0.0 0.0 Grass 112 150 78 8 Or
P B - -332.47 7.40 1288.99 27.04 1.00 26.92 80.3 0.0 0.0 Grass 104 142 74 8 Or
P B - -327.87 9.15 1307.87 29.68 4.50 27.30 52.3 0.0 0.0 Grass 104 142 74 8 Or
P B - -331.61 12.65 1332.12 26.46 4.50 27.64 28.3 0.0 0.0 Grass 126 160 90 8 Or
P B - -332.42 9.15 1348.64 25.67 4.50 23.53 86.8 0.0 0.0 Grass 104 142 74 8 Or
P B - -329.26 7.40 1371.96 29.72 1.00 30.08 5.8 0.0 0.0 Grass 126 160 90 8 Or
P B - -328.39 5.65 1391.33 26.04 4.50 26.42 74.4 0.0 0.0 Grass 126 160 90 8 Or
P B - -309.86 5.65 1271.67 28.68 4.50 26.99 34.5 0.0 0.0 Grass 120 156 84 8 Or
P B - -308.53 7.40 1292.11 30.17 1.00 28.36 0.6 0.0 0.0 Grass 104 142 74 8 Or
P B - -312.43 9.15 1308.82 28.89 4.50 26.31 4.2 0.0 0.0 Grass 104 142 74 8 Or
P B - -308.96 9.15 1328.84 25.88 4.50 24.76 82.7 0.0 0.0 Grass 120 156 84 8 Or
P B - -308.41 9.15 1349.46 26.04 4.50 27.91 49.7 0.0 0.0 Grass 104 142 74 8 Or
P B - -311.42 7.40 1371.92 27.32 1.00 29.88 5.0 0.0 0.0 Grass 126 160 90 8 Or
P B - -309.63 5.65 1390.82 28.07 4.50 26.23 26.4 0.0 0.0 Grass 104 142 74 8 Or
P B - -291.14 5.65 1290.79 29.84 4.50 28.60 76.6 0.0 0.0 Grass 126 160 90 8 Or
P B - -291.74 7.40 1310.37 26.60 1.00 27.13 13.0 0.0 0.0 Grass 112 150 78 8 Or
P B - -289.92 7.40 1329.53 29.53 1.00 29.87 59.7 0.0 0.0 Grass 104 142 74 8 Or
P B - -289.55 7.40 1347.96 29.56 1.00 28.95 54.1 0.0 0.0 Grass 120 156 84 8 Or
P B - -289.13 7.40 1371.98 26.62 1.00 25.40 43.9 0.0 0.0 Grass 120 156 84 8 Or
P B - -290.29 5.65 1390.69 30.05 4.50 32.91 41.9 0.0 0.0 Grass 120 156 84 8 Or
P B - -267.64 5.65 1308.05 29.97 4.50 32.23 76.9 0.0 0.0 Grass 112 150 78 8 Or
P B - -272.24 5.65 1331.53 27.34 4.50 25.71 33.8 0.0 0.0 Grass 112 150 78 8 Or
P B - -269.00 5.65 1348.39 25.93 4.50 23.51 32.5 0.0 0.0 Grass 126 160 90 8 Or
P B - -269.91 5.65 1369.34 27.36 4.50 29.45 84.5 0.0 0.0 Grass 112 150 78 8 Or
G 9 오름/동쪽동산
P B - 940.50 7.63 1241.90 30.55 4.50 31.90 67.9 0.0 0.0 Grass 112 150 78 9 Or
P B - 937.77 7.63 1262.29 26.37 4.50 27.27 58.2 0.0 0.0 Grass 126 160 90 9 Or
P B - 941.42 7.63 1281.23 26.33 4.50 26.42 35.6 0.0 0.0 Grass 112 150 78 9 Or
P B - 942.02 7.63 1302.46 26.67 4.50 24.62 43.8 0.0 0.0 Grass 126 160 90 9 Or
P B - 961.88 7.63 1219.67 28.42 4.50 27.88 65.8 0.0 0.0 Grass 112 150 78 9 Or
P B - 958.05 9.38 1240.42 26.08 1.00 26.79 42.0 0.0 0.0 Grass 120 156 84 9 Or
P B - 961.98 9.38 1258.65 29.00 1.00 26.75 47.4 0.0 0.0 Grass 112 150 78 9 Or
P B - 961.72 9.38 1279.41 28.22 1.00 27.47 56.2 0.0 0.0 Grass 120 156 84 9 Or
P B - 962.13 9.38 1299.81 29.48 1.00 29.89 16.1 0.0 0.0 Grass 104 142 74 9 Or
P B - 959.77 7.63 1317.88 26.23 4.50 23.88 26.6 0.0 0.0 Grass 126 160 90 9 Or
P B - 978.76 7.63 1220.08 27.64 4.50 26.32 51.2 0.0 0.0 Grass 126 160 90 9 Or
P B - 982.04 9.38 1238.89 26.27 1.00 26.65 53.9 0.0 0.0 Grass 112 150 78 9 Or
P B - 979.12 11.13 1261.53 27.74 4.50 28.12 10.2 0.0 0.0 Grass 120 156 84 9 Or
P B - 978.95 11.13 1281.62 29.70 4.50 31.30 44.7 0.0 0.0 Grass 120 156 84 9 Or
P B - 981.64 9.38 1300.48 30.14 1.00 30.37 84.1 0.0 0.0 Grass 112 150 78 9 Or
P B - 978.36 7.63 1317.96 28.37 4.50 26.64 3.1 0.0 0.0 Grass 126 160 90 9 Or
P B - 998.68 7.63 1200.05 30.42 4.50 27.84 82.9 0.0 0.0 Grass 126 160 90 9 Or
P B - 999.35 9.38 1219.12 29.00 1.00 28.73 75.7 0.0 0.0 Grass 112 150 78 9 Or
P B - 1001.82 11.13 1237.79 28.46 4.50 28.31 0.4 0.0 0.0 Grass 112 150 78 9 Or
P B - 1001.97 14.63 1258.67 29.21 4.50 32.03 13.8 0.0 0.0 Grass 112 150 78 9 Or
P B - 998.60 12.88 1279.83 28.74 1.00 26.46 35.1 0.0 0.0 Grass 112 150 78 9 Or
P B - 999.45 11.13 1297.83 30.03 4.50 31.37 9.7 0.0 0.0 Grass 120 156 84 9 Or
P B - 999.39 7.63 1321.60 27.31 4.50 25.96 68.0 0.0 0.0 Grass 112 150 78 9 Or
P B - 1017.95 7.63 1199.86 29.07 4.50 31.59 25.5 0.0 0.0 Grass 112 150 78 9 Or
P B - 1020.45 11.13 1221.58 28.16 4.50 25.59 48.8 0.0 0.0 Grass 120 156 84 9 Or
P B - 1021.12 12.88 1239.60 26.11 1.00 25.69 42.3 0.0 0.0 Grass 126 160 90 9 Or
P B - 1019.27 14.63 1257.75 28.18 4.50 30.41 51.7 0.0 0.0 Grass 104 142 74 9 Or
P B - 1021.85 12.88 1278.17 27.86 1.00 25.10 48.4 0.0 0.0 Grass 104 142 74 9 Or
P B - 1019.05 11.13 1301.21 27.04 4.50 28.33 7.4 0.0 0.0 Grass 126 160 90 9 Or
P B - 1022.36 7.63 1319.07 29.16 4.50 27.31 14.6 0.0 0.0 Grass 126 160 90 9 Or
P B - 1041.09 7.63 1198.24 26.28 4.50 26.15 53.9 0.0 0.0 Grass 120 156 84 9 Or
P B - 1037.59 11.13 1218.68 28.65 4.50 25.79 20.5 0.0 0.0 Grass 126 160 90 9 Or
P B - 1038.80 12.88 1240.03 30.11 1.00 32.96 73.8 0.0 0.0 Grass 120 156 84 9 Or
P B - 1039.03 14.63 1259.85 26.43 4.50 27.83 87.9 0.0 0.0 Grass 120 156 84 9 Or
P B - 1038.63 11.13 1278.58 26.92 4.50 26.14 19.4 0.0 0.0 Grass 126 160 90 9 Or
P B - 1038.70 9.38 1299.13 26.85 1.00 26.60 37.0 0.0 0.0 Grass 104 142 74 9 Or
P B - 1039.08 7.63 1322.02 29.16 4.50 30.57 47.4 0.0 0.0 Grass 126 160 90 9 Or
P B - 1058.63 7.63 1199.07 28.62 4.50 30.67 15.1 0.0 0.0 Grass 112 150 78 9 Or
P B - 1059.42 9.38 1218.10 30.26 1.00 28.76 58.3 0.0 0.0 Grass 126 160 90 9 Or
P B - 1059.79 11.13 1242.47 26.25 4.50 28.12 35.8 0.0 0.0 Grass 112 150 78 9 Or
P B - 1060.52 11.13 1257.79 27.73 4.50 27.61 32.3 0.0 0.0 Grass 126 160 90 9 Or
P B - 1060.88 9.38 1281.42 30.05 1.00 27.61 22.4 0.0 0.0 Grass 112 150 78 9 Or
P B - 1061.23 7.63 1301.16 26.88 4.50 28.70 45.8 0.0 0.0 Grass 104 142 74 9 Or
P B - 1082.40 7.63 1200.37 28.99 4.50 27.30 28.0 0.0 0.0 Grass 112 150 78 9 Or
P B - 1078.15 9.38 1221.06 29.07 1.00 29.71 79.2 0.0 0.0 Grass 120 156 84 9 Or
P B - 1079.53 9.38 1239.53 30.29 1.00 32.18 40.2 0.0 0.0 Grass 120 156 84 9 Or
P B - 1078.08 9.38 1260.38 27.71 1.00 26.60 20.2 0.0 0.0 Grass 126 160 90 9 Or
P B - 1081.62 9.38 1281.94 27.89 1.00 27.85 33.0 0.0 0.0 Grass 112 150 78 9 Or
P B - 1082.14 7.63 1299.79 26.03 4.50 25.62 64.7 0.0 0.0 Grass 104 142 74 9 Or
P B - 1099.47 7.63 1217.82 27.49 4.50 28.29 14.7 0.0 0.0 Grass 112 150 78 9 Or
P B - 1101.49 7.63 1239.56 27.17 4.50 26.26 43.1 0.0 0.0 Grass 104 142 74 9 Or
P B - 1097.56 7.63 1260.76 26.40 4.50 24.99 24.2 0.0 0.0 Grass 120 156 84 9 Or
P B - 1101.76 7.63 1279.66 28.12 4.50 30.02 68.0 0.0 0.0 Grass 104 142 74 9 Or
G 10 오름/바닷가동산
P B - -141.39 5.12 2251.94 27.61 4.50 28.12 38.4 0.0 0.0 Grass 112 150 78 10 Or
P B - -137.66 5.12 2268.72 26.64 4.50 24.16 17.5 0.0 0.0 Grass 120 156 84 10 Or
P B - -139.38 5.12 2288.14 27.46 4.50 26.89 6.2 0.0 0.0 Grass 126 160 90 10 Or
P B - -121.67 5.12 2229.72 29.70 4.50 31.79 88.5 0.0 0.0 Grass 120 156 84 10 Or
P B - -120.85 6.87 2249.91 27.81 1.00 29.14 7.9 0.0 0.0 Grass 120 156 84 10 Or
P B - -118.07 8.62 2268.70 27.69 4.50 29.12 45.6 0.0 0.0 Grass 120 156 84 10 Or
P B - -121.30 6.87 2292.32 27.78 1.00 29.21 33.5 0.0 0.0 Grass 104 142 74 10 Or
P B - -120.94 5.12 2307.95 28.88 4.50 31.24 58.4 0.0 0.0 Grass 120 156 84 10 Or
P B - -100.67 5.12 2229.64 25.67 4.50 27.24 78.7 0.0 0.0 Grass 104 142 74 10 Or
P B - -101.28 6.87 2251.73 28.17 1.00 28.79 52.6 0.0 0.0 Grass 112 150 78 10 Or
P B - -100.27 8.62 2271.05 27.72 4.50 25.02 62.4 0.0 0.0 Grass 104 142 74 10 Or
P B - -100.13 6.87 2288.79 26.91 1.00 28.34 78.2 0.0 0.0 Grass 120 156 84 10 Or
P B - -101.10 5.12 2308.67 29.18 4.50 31.19 84.1 0.0 0.0 Grass 112 150 78 10 Or
P B - -79.09 5.12 2231.66 30.50 4.50 30.65 50.4 0.0 0.0 Grass 112 150 78 10 Or
P B - -78.72 6.87 2249.25 26.72 1.00 24.51 35.7 0.0 0.0 Grass 112 150 78 10 Or
P B - -81.92 8.62 2269.35 26.54 4.50 25.14 79.5 0.0 0.0 Grass 120 156 84 10 Or
P B - -81.06 6.87 2289.40 26.87 1.00 25.29 13.7 0.0 0.0 Grass 126 160 90 10 Or
P B - -80.29 5.12 2307.65 29.23 4.50 28.15 84.3 0.0 0.0 Grass 104 142 74 10 Or
P B - -60.99 5.12 2250.40 30.16 4.50 31.22 0.8 0.0 0.0 Grass 120 156 84 10 Or
P B - -61.29 5.12 2270.08 26.83 4.50 29.46 61.9 0.0 0.0 Grass 120 156 84 10 Or
P B - -59.82 5.12 2291.37 26.80 4.50 25.87 28.2 0.0 0.0 Grass 112 150 78 10 Or
G 11 오름/송악앞동산
P B - 1090.55 7.45 1479.64 30.39 4.50 31.40 73.8 0.0 0.0 Grass 126 160 90 11 Or
P B - 1091.86 7.45 1498.95 29.67 4.50 28.65 73.6 0.0 0.0 Grass 126 160 90 11 Or
P B - 1092.15 7.45 1517.86 28.38 4.50 26.84 10.7 0.0 0.0 Grass 112 150 78 11 Or
P B - 1088.41 7.45 1537.64 30.21 4.50 27.56 41.4 0.0 0.0 Grass 120 156 84 11 Or
P B - 1112.26 7.45 1480.86 29.82 4.50 31.15 39.8 0.0 0.0 Grass 126 160 90 11 Or
P B - 1109.94 10.95 1498.70 27.52 4.50 26.97 31.3 0.0 0.0 Grass 112 150 78 11 Or
P B - 1111.82 10.95 1518.98 27.98 4.50 26.08 39.9 0.0 0.0 Grass 104 142 74 11 Or
P B - 1111.63 9.20 1539.19 26.25 1.00 25.04 3.0 0.0 0.0 Grass 112 150 78 11 Or
P B - 1108.19 7.45 1558.10 26.41 4.50 28.41 71.2 0.0 0.0 Grass 120 156 84 11 Or
P B - 1130.34 7.45 1459.12 27.84 4.50 28.73 6.2 0.0 0.0 Grass 112 150 78 11 Or
P B - 1127.88 10.95 1479.52 26.15 4.50 27.72 51.0 0.0 0.0 Grass 126 160 90 11 Or
P B - 1129.20 12.70 1502.32 29.49 1.00 28.59 54.3 0.0 0.0 Grass 112 150 78 11 Or
P B - 1128.69 14.45 1518.38 26.48 4.50 26.79 41.7 0.0 0.0 Grass 126 160 90 11 Or
P B - 1131.02 10.95 1540.55 28.98 4.50 31.17 41.5 0.0 0.0 Grass 126 160 90 11 Or
P B - 1127.87 7.45 1560.72 27.23 4.50 27.91 89.9 0.0 0.0 Grass 120 156 84 11 Or
P B - 1149.92 7.45 1458.86 30.54 4.50 30.87 6.8 0.0 0.0 Grass 104 142 74 11 Or
P B - 1149.12 10.95 1479.98 26.97 4.50 24.84 85.7 0.0 0.0 Grass 104 142 74 11 Or
P B - 1148.16 14.45 1498.87 27.62 4.50 26.97 56.6 0.0 0.0 Grass 112 150 78 11 Or
P B - 1150.39 17.95 1521.27 29.32 4.50 29.99 14.2 0.0 0.0 Grass 126 160 90 11 Or
P B - 1152.32 14.45 1542.12 27.24 4.50 25.78 74.3 0.0 0.0 Grass 126 160 90 11 Or
P B - 1148.62 10.95 1559.90 30.31 4.50 29.37 19.5 0.0 0.0 Grass 120 156 84 11 Or
P B - 1147.98 7.45 1577.93 26.61 4.50 28.85 42.7 0.0 0.0 Grass 104 142 74 11 Or
P B - 1167.92 7.45 1481.76 26.48 4.50 24.42 7.4 0.0 0.0 Grass 112 150 78 11 Or
P B - 1171.22 10.95 1501.43 30.47 4.50 30.36 5.5 0.0 0.0 Grass 104 142 74 11 Or
P B - 1170.16 14.45 1517.59 28.71 4.50 25.89 83.8 0.0 0.0 Grass 126 160 90 11 Or
P B - 1171.14 12.70 1540.43 29.90 1.00 30.93 53.3 0.0 0.0 Grass 126 160 90 11 Or
P B - 1168.91 10.95 1559.23 29.25 4.50 26.99 73.4 0.0 0.0 Grass 120 156 84 11 Or
P B - 1169.21 7.45 1578.46 27.39 4.50 29.58 79.6 0.0 0.0 Grass 104 142 74 11 Or
P B - 1191.76 7.45 1480.26 26.77 4.50 28.60 57.0 0.0 0.0 Grass 112 150 78 11 Or
P B - 1188.97 9.20 1497.86 30.09 1.00 27.32 77.8 0.0 0.0 Grass 126 160 90 11 Or
P B - 1190.60 10.95 1520.89 28.89 4.50 30.35 78.7 0.0 0.0 Grass 112 150 78 11 Or
P B - 1190.63 10.95 1541.93 28.01 4.50 30.40 66.5 0.0 0.0 Grass 112 150 78 11 Or
P B - 1188.80 7.45 1559.27 25.97 4.50 28.36 1.5 0.0 0.0 Grass 112 150 78 11 Or
P B - 1211.47 7.45 1500.12 25.93 4.50 24.33 83.3 0.0 0.0 Grass 126 160 90 11 Or
P B - 1207.94 7.45 1519.33 27.04 4.50 25.19 21.4 0.0 0.0 Grass 112 150 78 11 Or
P B - 1211.93 7.45 1541.70 29.42 4.50 31.62 55.8 0.0 0.0 Grass 120 156 84 11 Or
P B - 1211.22 7.45 1557.75 30.03 4.50 28.00 71.3 0.0 0.0 Grass 112 150 78 11 Or
G 12 오름/목장뒤동산
P B - 500.02 7.78 1880.97 30.01 4.50 31.54 12.3 0.0 0.0 Grass 104 142 74 12 Or
P B - 522.22 7.78 1838.34 29.43 4.50 31.43 47.6 0.0 0.0 Grass 126 160 90 12 Or
P B - 522.49 7.78 1860.77 29.70 4.50 28.28 16.8 0.0 0.0 Grass 112 150 78 12 Or
P B - 521.07 9.53 1881.64 27.25 1.00 25.66 81.6 0.0 0.0 Grass 112 150 78 12 Or
P B - 521.66 7.78 1902.34 25.97 4.50 26.22 59.6 0.0 0.0 Grass 120 156 84 12 Or
P B - 518.21 7.78 1922.46 26.07 4.50 24.79 58.9 0.0 0.0 Grass 126 160 90 12 Or
P B - 541.39 7.78 1841.25 28.60 4.50 28.67 72.3 0.0 0.0 Grass 120 156 84 12 Or
P B - 540.87 9.53 1859.69 27.97 1.00 25.54 75.9 0.0 0.0 Grass 126 160 90 12 Or
P B - 539.58 11.28 1877.75 28.99 4.50 26.31 70.7 0.0 0.0 Grass 112 150 78 12 Or
P B - 537.85 9.53 1897.83 27.42 1.00 29.44 61.8 0.0 0.0 Grass 112 150 78 12 Or
P B - 539.13 7.78 1922.25 29.62 4.50 28.34 16.2 0.0 0.0 Grass 120 156 84 12 Or
P B - 558.47 7.78 1838.05 28.45 4.50 26.52 12.3 0.0 0.0 Grass 104 142 74 12 Or
P B - 558.13 11.28 1859.00 26.14 4.50 25.59 31.4 0.0 0.0 Grass 126 160 90 12 Or
P B - 559.58 14.78 1878.19 29.02 4.50 27.40 54.4 0.0 0.0 Grass 126 160 90 12 Or
P B - 558.34 11.28 1899.04 29.27 4.50 27.82 74.8 0.0 0.0 Grass 120 156 84 12 Or
P B - 561.10 7.78 1920.63 28.42 4.50 30.26 20.3 0.0 0.0 Grass 104 142 74 12 Or
P B - 578.13 7.78 1840.83 26.29 4.50 27.90 65.1 0.0 0.0 Grass 104 142 74 12 Or
P B - 582.40 9.53 1859.13 27.51 1.00 24.85 88.3 0.0 0.0 Grass 126 160 90 12 Or
P B - 582.37 11.28 1881.48 30.50 4.50 32.25 72.7 0.0 0.0 Grass 126 160 90 12 Or
P B - 579.74 9.53 1900.83 30.15 1.00 32.18 18.9 0.0 0.0 Grass 126 160 90 12 Or
P B - 579.00 7.78 1921.10 28.85 4.50 31.26 31.6 0.0 0.0 Grass 104 142 74 12 Or
P B - 599.13 7.78 1839.39 29.85 4.50 27.34 46.1 0.0 0.0 Grass 104 142 74 12 Or
P B - 602.38 7.78 1862.07 26.05 4.50 27.17 22.6 0.0 0.0 Grass 120 156 84 12 Or
P B - 597.51 9.53 1880.75 30.30 1.00 32.21 71.5 0.0 0.0 Grass 120 156 84 12 Or
P B - 601.59 7.78 1900.55 29.04 4.50 29.90 61.7 0.0 0.0 Grass 120 156 84 12 Or
P B - 602.35 7.78 1919.18 30.23 4.50 30.32 16.1 0.0 0.0 Grass 126 160 90 12 Or
P B - 621.42 7.78 1881.49 30.48 4.50 30.17 85.3 0.0 0.0 Grass 126 160 90 12 Or
G 13 길/새별_계단
P B - 230.86 9.74 1735.86 2.70 9.03 6.10 -45.0 0.0 0.0 Ground 118 96 68 13 StepFill
P B - 230.86 14.65 1735.86 2.60 0.80 4.50 -45.0 0.0 0.0 WoodPlanks 128 96 62 13 Step
P B - 228.95 16.75 1737.77 0.50 3.40 0.50 0.0 0.0 0.0 Wood 96 70 44 13 RopePost
P B - 232.77 16.75 1733.95 0.50 3.40 0.50 0.0 0.0 0.0 Wood 96 70 44 13 RopePost
P B - 232.58 9.75 1737.58 2.70 9.00 6.10 -45.0 0.0 0.0 Ground 118 96 68 13 StepFill
P B - 232.58 14.65 1737.58 2.60 0.80 4.50 -45.0 0.0 0.0 WoodPlanks 128 96 62 13 Step
P B - 234.30 9.77 1739.30 2.70 8.97 6.10 -45.0 0.0 0.0 Ground 118 96 68 13 StepFill
P B - 234.30 14.65 1739.30 2.60 0.80 4.50 -45.0 0.0 0.0 WoodPlanks 128 96 62 13 Step
P B - 236.02 9.78 1741.02 2.70 8.95 6.10 -45.0 0.0 0.0 Ground 118 96 68 13 StepFill
P B - 236.02 14.65 1741.02 2.60 0.80 4.50 -45.0 0.0 0.0 WoodPlanks 128 96 62 13 Step
P B - 237.73 9.79 1742.73 2.70 8.92 6.10 -45.0 0.0 0.0 Ground 118 96 68 13 StepFill
P B - 237.73 14.65 1742.73 2.60 0.80 4.50 -45.0 0.0 0.0 WoodPlanks 128 96 62 13 Step
P B - 239.45 9.81 1744.45 2.70 8.89 6.10 -45.0 0.0 0.0 Ground 118 96 68 13 StepFill
P B - 239.45 14.65 1744.45 2.60 0.80 4.50 -45.0 0.0 0.0 WoodPlanks 128 96 62 13 Step
P B - 241.17 11.57 1746.17 2.70 12.36 6.10 -45.0 0.0 0.0 Ground 118 96 68 13 StepFill
P B - 241.17 18.15 1746.17 2.60 0.80 4.50 -45.0 0.0 0.0 WoodPlanks 128 96 62 13 Step
P B - 239.26 20.25 1748.08 0.50 3.40 0.50 0.0 0.0 0.0 Wood 96 70 44 13 RopePost
P B - 243.08 20.25 1744.26 0.50 3.40 0.50 0.0 0.0 0.0 Wood 96 70 44 13 RopePost
P B - 242.89 11.58 1747.89 2.70 12.34 6.10 -45.0 0.0 0.0 Ground 118 96 68 13 StepFill
P B - 242.89 18.15 1747.89 2.60 0.80 4.50 -45.0 0.0 0.0 WoodPlanks 128 96 62 13 Step
P B - 244.61 11.60 1749.61 2.70 12.31 6.10 -45.0 0.0 0.0 Ground 118 96 68 13 StepFill
P B - 244.61 18.15 1749.61 2.60 0.80 4.50 -45.0 0.0 0.0 WoodPlanks 128 96 62 13 Step
P B - 246.33 11.61 1751.33 2.70 12.28 6.10 -45.0 0.0 0.0 Ground 118 96 68 13 StepFill
P B - 246.33 18.15 1751.33 2.60 0.80 4.50 -45.0 0.0 0.0 WoodPlanks 128 96 62 13 Step
P B - 248.05 11.62 1753.05 2.70 12.26 6.10 -45.0 0.0 0.0 Ground 118 96 68 13 StepFill
P B - 248.05 18.15 1753.05 2.60 0.80 4.50 -45.0 0.0 0.0 WoodPlanks 128 96 62 13 Step
P B - 249.77 11.64 1754.77 2.70 12.23 6.10 -45.0 0.0 0.0 Ground 118 96 68 13 StepFill
P B - 249.77 18.15 1754.77 2.60 0.80 4.50 -45.0 0.0 0.0 WoodPlanks 128 96 62 13 Step
P B - 251.48 11.65 1756.48 2.70 12.21 6.10 -45.0 0.0 0.0 Ground 118 96 68 13 StepFill
P B - 251.48 18.15 1756.48 2.60 0.80 4.50 -45.0 0.0 0.0 WoodPlanks 128 96 62 13 Step
P B - 249.58 20.25 1758.39 0.50 3.40 0.50 0.0 0.0 0.0 Wood 96 70 44 13 RopePost
P B - 253.39 20.25 1754.58 0.50 3.40 0.50 0.0 0.0 0.0 Wood 96 70 44 13 RopePost
P B - 253.20 11.66 1758.20 2.70 12.18 6.10 -45.0 0.0 0.0 Ground 118 96 68 13 StepFill
P B - 253.20 18.15 1758.20 2.60 0.80 4.50 -45.0 0.0 0.0 WoodPlanks 128 96 62 13 Step
P B - 254.92 11.67 1759.92 2.70 12.16 6.10 -45.0 0.0 0.0 Ground 118 96 68 13 StepFill
P B - 254.92 18.15 1759.92 2.60 0.80 4.50 -45.0 0.0 0.0 WoodPlanks 128 96 62 13 Step
P B - 256.64 11.69 1761.64 2.70 12.13 6.10 -45.0 0.0 0.0 Ground 118 96 68 13 StepFill
P B - 256.64 18.15 1761.64 2.60 0.80 4.50 -45.0 0.0 0.0 WoodPlanks 128 96 62 13 Step
P B - 258.36 11.70 1763.36 2.70 12.11 6.10 -45.0 0.0 0.0 Ground 118 96 68 13 StepFill
P B - 258.36 18.15 1763.36 2.60 0.80 4.50 -45.0 0.0 0.0 WoodPlanks 128 96 62 13 Step
P B - 260.08 11.71 1765.08 2.70 12.08 6.10 -45.0 0.0 0.0 Ground 118 96 68 13 StepFill
P B - 260.08 18.15 1765.08 2.60 0.80 4.50 -45.0 0.0 0.0 WoodPlanks 128 96 62 13 Step
P B - 261.80 11.72 1766.80 2.70 12.06 6.10 -45.0 0.0 0.0 Ground 118 96 68 13 StepFill
P B - 261.80 18.15 1766.80 2.60 0.80 4.50 -45.0 0.0 0.0 WoodPlanks 128 96 62 13 Step
P B - 259.89 20.25 1768.71 0.50 3.40 0.50 0.0 0.0 0.0 Wood 96 70 44 13 RopePost
P B - 263.71 20.25 1764.89 0.50 3.40 0.50 0.0 0.0 0.0 Wood 96 70 44 13 RopePost
P B - 263.52 13.48 1768.52 2.70 15.54 6.10 -45.0 0.0 0.0 Ground 118 96 68 13 StepFill
P B - 263.52 21.65 1768.52 2.60 0.80 4.50 -45.0 0.0 0.0 WoodPlanks 128 96 62 13 Step
P B - 265.23 13.50 1770.23 2.70 15.51 6.10 -45.0 0.0 0.0 Ground 118 96 68 13 StepFill
P B - 265.23 21.65 1770.23 2.60 0.80 4.50 -45.0 0.0 0.0 WoodPlanks 128 96 62 13 Step
P B - 266.95 13.51 1771.95 2.70 15.49 6.10 -45.0 0.0 0.0 Ground 118 96 68 13 StepFill
P B - 266.95 21.65 1771.95 2.60 0.80 4.50 -45.0 0.0 0.0 WoodPlanks 128 96 62 13 Step
P B - 268.67 13.52 1773.67 2.70 15.47 6.10 -45.0 0.0 0.0 Ground 118 96 68 13 StepFill
P B - 268.67 21.65 1773.67 2.60 0.80 4.50 -45.0 0.0 0.0 WoodPlanks 128 96 62 13 Step
P B - 270.39 13.53 1775.39 2.70 15.44 6.10 -45.0 0.0 0.0 Ground 118 96 68 13 StepFill
P B - 270.39 21.65 1775.39 2.60 0.80 4.50 -45.0 0.0 0.0 WoodPlanks 128 96 62 13 Step
P B - 272.11 13.54 1777.11 2.70 15.42 6.10 -45.0 0.0 0.0 Ground 118 96 68 13 StepFill
P B - 272.11 21.65 1777.11 2.60 0.80 4.50 -45.0 0.0 0.0 WoodPlanks 128 96 62 13 Step
P B - 270.20 23.75 1779.02 0.50 3.40 0.50 0.0 0.0 0.0 Wood 96 70 44 13 RopePost
P B - 274.02 23.75 1775.20 0.50 3.40 0.50 0.0 0.0 0.0 Wood 96 70 44 13 RopePost
P B - 273.83 13.55 1778.83 2.70 15.40 6.10 -45.0 0.0 0.0 Ground 118 96 68 13 StepFill
P B - 273.83 21.65 1778.83 2.60 0.80 4.50 -45.0 0.0 0.0 WoodPlanks 128 96 62 13 Step
P B - 275.55 13.56 1780.55 2.70 15.38 6.10 -45.0 0.0 0.0 Ground 118 96 68 13 StepFill
P B - 275.55 21.65 1780.55 2.60 0.80 4.50 -45.0 0.0 0.0 WoodPlanks 128 96 62 13 Step
P B - 277.27 13.57 1782.27 2.70 15.36 6.10 -45.0 0.0 0.0 Ground 118 96 68 13 StepFill
P B - 277.27 21.65 1782.27 2.60 0.80 4.50 -45.0 0.0 0.0 WoodPlanks 128 96 62 13 Step
P B - 278.98 13.58 1783.98 2.70 15.34 6.10 -45.0 0.0 0.0 Ground 118 96 68 13 StepFill
P B - 278.98 21.65 1783.98 2.60 0.80 4.50 -45.0 0.0 0.0 WoodPlanks 128 96 62 13 Step
P B - 280.70 13.59 1785.70 2.70 15.32 6.10 -45.0 0.0 0.0 Ground 118 96 68 13 StepFill
P B - 280.70 21.65 1785.70 2.60 0.80 4.50 -45.0 0.0 0.0 WoodPlanks 128 96 62 13 Step
P B - 282.42 13.60 1787.42 2.70 15.30 6.10 -45.0 0.0 0.0 Ground 118 96 68 13 StepFill
P B - 282.42 21.65 1787.42 2.60 0.80 4.50 -45.0 0.0 0.0 WoodPlanks 128 96 62 13 Step
P B - 280.51 23.75 1789.33 0.50 3.40 0.50 0.0 0.0 0.0 Wood 96 70 44 13 RopePost
P B - 284.33 23.75 1785.51 0.50 3.40 0.50 0.0 0.0 0.0 Wood 96 70 44 13 RopePost
P B - 284.14 13.61 1789.14 2.70 15.28 6.10 -45.0 0.0 0.0 Ground 118 96 68 13 StepFill
P B - 284.14 21.65 1789.14 2.60 0.80 4.50 -45.0 0.0 0.0 WoodPlanks 128 96 62 13 Step
P B - 284.13 13.62 1790.87 2.70 15.26 6.10 -135.0 0.0 0.0 Ground 118 96 68 13 StepFill
P B - 284.13 21.65 1790.87 2.60 0.80 4.50 -135.0 0.0 0.0 WoodPlanks 128 96 62 13 Step
P B - 282.23 23.75 1788.96 0.50 3.40 0.50 0.0 0.0 0.0 Wood 96 70 44 13 RopePost
P B - 286.04 23.75 1792.77 0.50 3.40 0.50 0.0 0.0 0.0 Wood 96 70 44 13 RopePost
P B - 282.40 13.63 1792.60 2.70 15.24 6.10 -135.0 0.0 0.0 Ground 118 96 68 13 StepFill
P B - 282.40 21.65 1792.60 2.60 0.80 4.50 -135.0 0.0 0.0 WoodPlanks 128 96 62 13 Step
P B - 280.67 15.40 1794.33 2.70 18.71 6.10 -135.0 0.0 0.0 Ground 118 96 68 13 StepFill
P B - 280.67 25.15 1794.33 2.60 0.80 4.50 -135.0 0.0 0.0 WoodPlanks 128 96 62 13 Step
P B - 278.94 15.41 1796.06 2.70 18.69 6.10 -135.0 0.0 0.0 Ground 118 96 68 13 StepFill
P B - 278.94 25.15 1796.06 2.60 0.80 4.50 -135.0 0.0 0.0 WoodPlanks 128 96 62 13 Step
P B - 277.21 15.42 1797.79 2.70 18.66 6.10 -135.0 0.0 0.0 Ground 118 96 68 13 StepFill
P B - 277.21 25.15 1797.79 2.60 0.80 4.50 -135.0 0.0 0.0 WoodPlanks 128 96 62 13 Step
P B - 275.48 15.43 1799.52 2.70 18.64 6.10 -135.0 0.0 0.0 Ground 118 96 68 13 StepFill
P B - 275.48 25.15 1799.52 2.60 0.80 4.50 -135.0 0.0 0.0 WoodPlanks 128 96 62 13 Step
P B - 273.75 17.19 1801.25 2.70 22.11 6.10 -135.0 0.0 0.0 Ground 118 96 68 13 StepFill
P B - 273.75 28.65 1801.25 2.60 0.80 4.50 -135.0 0.0 0.0 WoodPlanks 128 96 62 13 Step
P B - 271.84 30.75 1799.34 0.50 3.40 0.50 0.0 0.0 0.0 Wood 96 70 44 13 RopePost
P B - 275.66 30.75 1803.16 0.50 3.40 0.50 0.0 0.0 0.0 Wood 96 70 44 13 RopePost
P B - 272.02 17.21 1802.98 2.70 22.09 6.10 -135.0 0.0 0.0 Ground 118 96 68 13 StepFill
P B - 272.02 28.65 1802.98 2.60 0.80 4.50 -135.0 0.0 0.0 WoodPlanks 128 96 62 13 Step
P B - 270.29 17.22 1804.71 2.70 22.07 6.10 -135.0 0.0 0.0 Ground 118 96 68 13 StepFill
P B - 270.29 28.65 1804.71 2.60 0.80 4.50 -135.0 0.0 0.0 WoodPlanks 128 96 62 13 Step
P B - 268.56 17.23 1806.44 2.70 22.05 6.10 -135.0 0.0 0.0 Ground 118 96 68 13 StepFill
P B - 268.56 28.65 1806.44 2.60 0.80 4.50 -135.0 0.0 0.0 WoodPlanks 128 96 62 13 Step
P B - 266.83 18.99 1808.17 2.70 25.52 6.10 -135.0 0.0 0.0 Ground 118 96 68 13 StepFill
P B - 266.83 32.15 1808.17 2.60 0.80 4.50 -135.0 0.0 0.0 WoodPlanks 128 96 62 13 Step
P B - 265.10 19.00 1809.90 2.70 25.50 6.10 -135.0 0.0 0.0 Ground 118 96 68 13 StepFill
P B - 265.10 32.15 1809.90 2.60 0.80 4.50 -135.0 0.0 0.0 WoodPlanks 128 96 62 13 Step
P B - 263.37 19.01 1811.63 2.70 25.48 6.10 -135.0 0.0 0.0 Ground 118 96 68 13 StepFill
P B - 263.37 32.15 1811.63 2.60 0.80 4.50 -135.0 0.0 0.0 WoodPlanks 128 96 62 13 Step
P B - 261.46 34.25 1809.73 0.50 3.40 0.50 0.0 0.0 0.0 Wood 96 70 44 13 RopePost
P B - 265.27 34.25 1813.54 0.50 3.40 0.50 0.0 0.0 0.0 Wood 96 70 44 13 RopePost
P B - 261.63 19.02 1813.37 2.70 25.46 6.10 -135.0 0.0 0.0 Ground 118 96 68 13 StepFill
P B - 261.63 32.15 1813.37 2.60 0.80 4.50 -135.0 0.0 0.0 WoodPlanks 128 96 62 13 Step
P B - 259.90 19.03 1815.10 2.70 25.44 6.10 -135.0 0.0 0.0 Ground 118 96 68 13 StepFill
P B - 259.90 32.15 1815.10 2.60 0.80 4.50 -135.0 0.0 0.0 WoodPlanks 128 96 62 13 Step
P B - 258.17 20.79 1816.83 2.70 28.92 6.10 -135.0 0.0 0.0 Ground 118 96 68 13 StepFill
P B - 258.17 35.65 1816.83 2.60 0.80 4.50 -135.0 0.0 0.0 WoodPlanks 128 96 62 13 Step
P B - 256.44 20.80 1818.56 2.70 28.90 6.10 -135.0 0.0 0.0 Ground 118 96 68 13 StepFill
P B - 256.44 35.65 1818.56 2.60 0.80 4.50 -135.0 0.0 0.0 WoodPlanks 128 96 62 13 Step
P B - 254.71 20.81 1820.29 2.70 28.88 6.10 -135.0 0.0 0.0 Ground 118 96 68 13 StepFill
P B - 254.71 35.65 1820.29 2.60 0.80 4.50 -135.0 0.0 0.0 WoodPlanks 128 96 62 13 Step
P B - 252.98 20.82 1822.02 2.70 28.86 6.10 -135.0 0.0 0.0 Ground 118 96 68 13 StepFill
P B - 252.98 35.65 1822.02 2.60 0.80 4.50 -135.0 0.0 0.0 WoodPlanks 128 96 62 13 Step
P B - 251.07 37.75 1820.11 0.50 3.40 0.50 0.0 0.0 0.0 Wood 96 70 44 13 RopePost
P B - 254.89 37.75 1823.93 0.50 3.40 0.50 0.0 0.0 0.0 Wood 96 70 44 13 RopePost
P B - 251.25 22.58 1823.75 2.70 32.34 6.10 -135.0 0.0 0.0 Ground 118 96 68 13 StepFill
P B - 251.25 39.15 1823.75 2.60 0.80 4.50 -135.0 0.0 0.0 WoodPlanks 128 96 62 13 Step
P B - 249.52 22.59 1825.48 2.70 32.32 6.10 -135.0 0.0 0.0 Ground 118 96 68 13 StepFill
P B - 249.52 39.15 1825.48 2.60 0.80 4.50 -135.0 0.0 0.0 WoodPlanks 128 96 62 13 Step
P B - 247.79 22.60 1827.21 2.70 32.30 6.10 -135.0 0.0 0.0 Ground 118 96 68 13 StepFill
P B - 247.79 39.15 1827.21 2.60 0.80 4.50 -135.0 0.0 0.0 WoodPlanks 128 96 62 13 Step
P B - 246.06 22.61 1828.94 2.70 32.28 6.10 -135.0 0.0 0.0 Ground 118 96 68 13 StepFill
P B - 246.06 39.15 1828.94 2.60 0.80 4.50 -135.0 0.0 0.0 WoodPlanks 128 96 62 13 Step
P B - 244.33 22.62 1830.67 2.70 32.27 6.10 -135.0 0.0 0.0 Ground 118 96 68 13 StepFill
P B - 244.33 39.15 1830.67 2.60 0.80 4.50 -135.0 0.0 0.0 WoodPlanks 128 96 62 13 Step
P B - 242.60 24.38 1832.40 2.70 35.75 6.10 -135.0 0.0 0.0 Ground 118 96 68 13 StepFill
P B - 242.60 42.65 1832.40 2.60 0.80 4.50 -135.0 0.0 0.0 WoodPlanks 128 96 62 13 Step
P B - 240.69 44.75 1830.49 0.50 3.40 0.50 0.0 0.0 0.0 Wood 96 70 44 13 RopePost
P B - 244.51 44.75 1834.31 0.50 3.40 0.50 0.0 0.0 0.0 Wood 96 70 44 13 RopePost
P B - 240.87 24.38 1834.13 2.70 35.74 6.10 -135.0 0.0 0.0 Ground 118 96 68 13 StepFill
P B - 240.87 42.65 1834.13 2.60 0.80 4.50 -135.0 0.0 0.0 WoodPlanks 128 96 62 13 Step
P B - 239.09 24.39 1835.80 2.70 35.72 6.10 -138.8 0.0 0.0 Ground 118 96 68 13 StepFill
P B - 239.09 42.65 1835.80 2.60 0.80 4.50 -138.8 0.0 0.0 WoodPlanks 128 96 62 13 Step
P B - 237.31 44.75 1833.76 0.50 3.40 0.50 0.0 0.0 0.0 Wood 96 70 44 13 RopePost
P B - 240.87 44.75 1837.83 0.50 3.40 0.50 0.0 0.0 0.0 Wood 96 70 44 13 RopePost
P B - 237.27 24.40 1837.39 2.70 35.71 6.10 -138.8 0.0 0.0 Ground 118 96 68 13 StepFill
P B - 237.27 42.65 1837.39 2.60 0.80 4.50 -138.8 0.0 0.0 WoodPlanks 128 96 62 13 Step
P B - 235.45 24.41 1838.98 2.70 35.69 6.10 -138.8 0.0 0.0 Ground 118 96 68 13 StepFill
P B - 235.45 42.65 1838.98 2.60 0.80 4.50 -138.8 0.0 0.0 WoodPlanks 128 96 62 13 Step
P B - 233.64 26.16 1840.57 2.70 39.18 6.10 -138.8 0.0 0.0 Ground 118 96 68 13 StepFill
P B - 233.64 46.15 1840.57 2.60 0.80 4.50 -138.8 0.0 0.0 WoodPlanks 128 96 62 13 Step
P B - 231.82 26.17 1842.16 2.70 39.17 6.10 -138.8 0.0 0.0 Ground 118 96 68 13 StepFill
P B - 231.82 46.15 1842.16 2.60 0.80 4.50 -138.8 0.0 0.0 WoodPlanks 128 96 62 13 Step
P B - 230.00 26.17 1843.75 2.70 39.16 6.10 -138.8 0.0 0.0 Ground 118 96 68 13 StepFill
P B - 230.00 46.15 1843.75 2.60 0.80 4.50 -138.8 0.0 0.0 WoodPlanks 128 96 62 13 Step
P B - 228.18 26.18 1845.34 2.70 39.15 6.10 -138.8 0.0 0.0 Ground 118 96 68 13 StepFill
P B - 228.18 46.15 1845.34 2.60 0.80 4.50 -138.8 0.0 0.0 WoodPlanks 128 96 62 13 Step
P B - 226.40 48.25 1843.31 0.50 3.40 0.50 0.0 0.0 0.0 Wood 96 70 44 13 RopePost
P B - 229.96 48.25 1847.37 0.50 3.40 0.50 0.0 0.0 0.0 Wood 96 70 44 13 RopePost
P B - 226.36 26.18 1846.93 2.70 39.14 6.10 -138.8 0.0 0.0 Ground 118 96 68 13 StepFill
P B - 226.36 46.15 1846.93 2.60 0.80 4.50 -138.8 0.0 0.0 WoodPlanks 128 96 62 13 Step
P B - 224.55 27.94 1848.52 2.70 42.63 6.10 -138.8 0.0 0.0 Ground 118 96 68 13 StepFill
P B - 224.55 49.65 1848.52 2.60 0.80 4.50 -138.8 0.0 0.0 WoodPlanks 128 96 62 13 Step
P B - 222.73 27.94 1850.11 2.70 42.62 6.10 -138.8 0.0 0.0 Ground 118 96 68 13 StepFill
P B - 222.73 49.65 1850.11 2.60 0.80 4.50 -138.8 0.0 0.0 WoodPlanks 128 96 62 13 Step
P B - 220.91 27.95 1851.70 2.70 42.61 6.10 -138.8 0.0 0.0 Ground 118 96 68 13 StepFill
P B - 220.91 49.65 1851.70 2.60 0.80 4.50 -138.8 0.0 0.0 WoodPlanks 128 96 62 13 Step
P B - 219.09 27.95 1853.30 2.70 42.60 6.10 -138.8 0.0 0.0 Ground 118 96 68 13 StepFill
P B - 219.09 49.65 1853.30 2.60 0.80 4.50 -138.8 0.0 0.0 WoodPlanks 128 96 62 13 Step
P B - 217.27 27.96 1854.89 2.70 42.59 6.10 -138.8 0.0 0.0 Ground 118 96 68 13 StepFill
P B - 217.27 49.65 1854.89 2.60 0.80 4.50 -138.8 0.0 0.0 WoodPlanks 128 96 62 13 Step
P B - 215.49 51.75 1852.85 0.50 3.40 0.50 0.0 0.0 0.0 Wood 96 70 44 13 RopePost
P B - 219.05 51.75 1856.92 0.50 3.40 0.50 0.0 0.0 0.0 Wood 96 70 44 13 RopePost
P B - 215.45 27.96 1856.48 2.70 42.58 6.10 -138.8 0.0 0.0 Ground 118 96 68 13 StepFill
P B - 215.45 49.65 1856.48 2.60 0.80 4.50 -138.8 0.0 0.0 WoodPlanks 128 96 62 13 Step
P B - 213.64 29.71 1858.07 2.70 46.08 6.10 -138.8 0.0 0.0 Ground 118 96 68 13 StepFill
P B - 213.64 53.15 1858.07 2.60 0.80 4.50 -138.8 0.0 0.0 WoodPlanks 128 96 62 13 Step
P B - 211.82 29.72 1859.66 2.70 46.07 6.10 -138.8 0.0 0.0 Ground 118 96 68 13 StepFill
P B - 211.82 53.15 1859.66 2.60 0.80 4.50 -138.8 0.0 0.0 WoodPlanks 128 96 62 13 Step
P B - 210.00 29.72 1861.25 2.70 46.07 6.10 -138.8 0.0 0.0 Ground 118 96 68 13 StepFill
P B - 210.00 53.15 1861.25 2.60 0.80 4.50 -138.8 0.0 0.0 WoodPlanks 128 96 62 13 Step
P B - 208.18 29.72 1862.84 2.70 46.06 6.10 -138.8 0.0 0.0 Ground 118 96 68 13 StepFill
P B - 208.18 53.15 1862.84 2.60 0.80 4.50 -138.8 0.0 0.0 WoodPlanks 128 96 62 13 Step
P B - 206.36 29.73 1864.43 2.70 46.05 6.10 -138.8 0.0 0.0 Ground 118 96 68 13 StepFill
P B - 206.36 53.15 1864.43 2.60 0.80 4.50 -138.8 0.0 0.0 WoodPlanks 128 96 62 13 Step
P B - 204.59 55.25 1862.40 0.50 3.40 0.50 0.0 0.0 0.0 Wood 96 70 44 13 RopePost
P B - 208.14 55.25 1866.46 0.50 3.40 0.50 0.0 0.0 0.0 Wood 96 70 44 13 RopePost
P B - 204.55 31.48 1866.02 2.70 49.55 6.10 -138.8 0.0 0.0 Ground 118 96 68 13 StepFill
P B - 204.55 56.65 1866.02 2.60 0.80 4.50 -138.8 0.0 0.0 WoodPlanks 128 96 62 13 Step
P B - 202.73 31.48 1867.61 2.70 49.55 6.10 -138.8 0.0 0.0 Ground 118 96 68 13 StepFill
P B - 202.73 56.65 1867.61 2.60 0.80 4.50 -138.8 0.0 0.0 WoodPlanks 128 96 62 13 Step
P B - 200.91 31.48 1869.20 2.70 49.54 6.10 -138.8 0.0 0.0 Ground 118 96 68 13 StepFill
P B - 200.91 56.65 1869.20 2.60 0.80 4.50 -138.8 0.0 0.0 WoodPlanks 128 96 62 13 Step
P B - 199.12 31.48 1870.88 2.70 49.54 6.10 -135.0 0.0 0.0 Ground 118 96 68 13 StepFill
P B - 199.12 56.65 1870.88 2.60 0.80 4.50 -135.0 0.0 0.0 WoodPlanks 128 96 62 13 Step
P B - 197.21 58.75 1868.97 0.50 3.40 0.50 0.0 0.0 0.0 Wood 96 70 44 13 RopePost
P B - 201.03 58.75 1872.79 0.50 3.40 0.50 0.0 0.0 0.0 Wood 96 70 44 13 RopePost
P B - 197.35 31.49 1872.65 2.70 49.53 6.10 -135.0 0.0 0.0 Ground 118 96 68 13 StepFill
P B - 197.35 56.65 1872.65 2.60 0.80 4.50 -135.0 0.0 0.0 WoodPlanks 128 96 62 13 Step
P B - 195.59 33.24 1874.41 2.70 53.03 6.10 -135.0 0.0 0.0 Ground 118 96 68 13 StepFill
P B - 195.59 60.15 1874.41 2.60 0.80 4.50 -135.0 0.0 0.0 WoodPlanks 128 96 62 13 Step
P B - 193.82 33.24 1876.18 2.70 53.03 6.10 -135.0 0.0 0.0 Ground 118 96 68 13 StepFill
P B - 193.82 60.15 1876.18 2.60 0.80 4.50 -135.0 0.0 0.0 WoodPlanks 128 96 62 13 Step
P B - 192.06 33.24 1877.94 2.70 53.03 6.10 -135.0 0.0 0.0 Ground 118 96 68 13 StepFill
P B - 192.06 60.15 1877.94 2.60 0.80 4.50 -135.0 0.0 0.0 WoodPlanks 128 96 62 13 Step
P B - 190.29 33.24 1879.71 2.70 53.02 6.10 -135.0 0.0 0.0 Ground 118 96 68 13 StepFill
P B - 190.29 60.15 1879.71 2.60 0.80 4.50 -135.0 0.0 0.0 WoodPlanks 128 96 62 13 Step
P B - 188.53 33.24 1881.47 2.70 53.02 6.10 -135.0 0.0 0.0 Ground 118 96 68 13 StepFill
P B - 188.53 60.15 1881.47 2.60 0.80 4.50 -135.0 0.0 0.0 WoodPlanks 128 96 62 13 Step
P B - 186.62 62.25 1879.56 0.50 3.40 0.50 0.0 0.0 0.0 Wood 96 70 44 13 RopePost
P B - 190.44 62.25 1883.38 0.50 3.40 0.50 0.0 0.0 0.0 Wood 96 70 44 13 RopePost
P B - 186.76 33.24 1883.24 2.70 53.02 6.10 -135.0 0.0 0.0 Ground 118 96 68 13 StepFill
P B - 186.76 60.15 1883.24 2.60 0.80 4.50 -135.0 0.0 0.0 WoodPlanks 128 96 62 13 Step
P B - 185.00 34.99 1885.00 2.70 56.52 6.10 -135.0 0.0 0.0 Ground 118 96 68 13 StepFill
P B - 185.00 63.65 1885.00 2.60 0.80 4.50 -135.0 0.0 0.0 WoodPlanks 128 96 62 13 Step
P B - 183.24 34.99 1886.76 2.70 56.52 6.10 -135.0 0.0 0.0 Ground 118 96 68 13 StepFill
P B - 183.24 63.65 1886.76 2.60 0.80 4.50 -135.0 0.0 0.0 WoodPlanks 128 96 62 13 Step
P B - 181.47 34.99 1888.53 2.70 56.52 6.10 -135.0 0.0 0.0 Ground 118 96 68 13 StepFill
P B - 181.47 63.65 1888.53 2.60 0.80 4.50 -135.0 0.0 0.0 WoodPlanks 128 96 62 13 Step
P B - 179.71 34.99 1890.29 2.70 56.52 6.10 -135.0 0.0 0.0 Ground 118 96 68 13 StepFill
P B - 179.71 63.65 1890.29 2.60 0.80 4.50 -135.0 0.0 0.0 WoodPlanks 128 96 62 13 Step
P B - 177.94 34.99 1892.06 2.70 56.52 6.10 -135.0 0.0 0.0 Ground 118 96 68 13 StepFill
P B - 177.94 63.65 1892.06 2.60 0.80 4.50 -135.0 0.0 0.0 WoodPlanks 128 96 62 13 Step
P B - 176.03 65.75 1890.15 0.50 3.40 0.50 0.0 0.0 0.0 Wood 96 70 44 13 RopePost
P B - 179.85 65.75 1893.97 0.50 3.40 0.50 0.0 0.0 0.0 Wood 96 70 44 13 RopePost
P B - 176.18 36.74 1893.82 2.70 60.03 6.10 -135.0 0.0 0.0 Ground 118 96 68 13 StepFill
P B - 176.18 67.15 1893.82 2.60 0.80 4.50 -135.0 0.0 0.0 WoodPlanks 128 96 62 13 Step
P B - 174.41 36.74 1895.59 2.70 60.03 6.10 -135.0 0.0 0.0 Ground 118 96 68 13 StepFill
P B - 174.41 67.15 1895.59 2.60 0.80 4.50 -135.0 0.0 0.0 WoodPlanks 128 96 62 13 Step
P B - 172.65 36.74 1897.35 2.70 60.03 6.10 -135.0 0.0 0.0 Ground 118 96 68 13 StepFill
P B - 172.65 67.15 1897.35 2.60 0.80 4.50 -135.0 0.0 0.0 WoodPlanks 128 96 62 13 Step
P B - 170.88 36.74 1899.12 2.70 60.03 6.10 -135.0 0.0 0.0 Ground 118 96 68 13 StepFill
P B - 170.88 67.15 1899.12 2.60 0.80 4.50 -135.0 0.0 0.0 WoodPlanks 128 96 62 13 Step
G 14 길/아부_계단
P B - 761.15 8.69 1570.38 2.70 8.63 6.10 -18.4 0.0 0.0 Ground 118 96 68 14 StepFill
P B - 761.15 13.41 1570.38 2.60 0.80 4.50 -18.4 0.0 0.0 WoodPlanks 128 96 62 14 Step
P B - 760.30 15.51 1572.95 0.50 3.40 0.50 0.0 0.0 0.0 Wood 96 70 44 14 RopePost
P B - 762.01 15.51 1567.82 0.50 3.40 0.50 0.0 0.0 0.0 Wood 96 70 44 14 RopePost
P B - 763.46 8.70 1571.15 2.70 8.61 6.10 -18.4 0.0 0.0 Ground 118 96 68 14 StepFill
P B - 763.46 13.41 1571.15 2.60 0.80 4.50 -18.4 0.0 0.0 WoodPlanks 128 96 62 14 Step
P B - 765.77 10.46 1571.92 2.70 12.09 6.10 -18.4 0.0 0.0 Ground 118 96 68 14 StepFill
P B - 765.77 16.91 1571.92 2.60 0.80 4.50 -18.4 0.0 0.0 WoodPlanks 128 96 62 14 Step
P B - 768.08 10.47 1572.69 2.70 12.07 6.10 -18.4 0.0 0.0 Ground 118 96 68 14 StepFill
P B - 768.08 16.91 1572.69 2.60 0.80 4.50 -18.4 0.0 0.0 WoodPlanks 128 96 62 14 Step
P B - 770.38 10.48 1573.46 2.70 12.05 6.10 -18.4 0.0 0.0 Ground 118 96 68 14 StepFill
P B - 770.38 16.91 1573.46 2.60 0.80 4.50 -18.4 0.0 0.0 WoodPlanks 128 96 62 14 Step
P B - 772.69 10.49 1574.23 2.70 12.03 6.10 -18.4 0.0 0.0 Ground 118 96 68 14 StepFill
P B - 772.69 16.91 1574.23 2.60 0.80 4.50 -18.4 0.0 0.0 WoodPlanks 128 96 62 14 Step
P B - 775.00 10.50 1575.00 2.70 12.01 6.10 -18.4 0.0 0.0 Ground 118 96 68 14 StepFill
P B - 775.00 16.91 1575.00 2.60 0.80 4.50 -18.4 0.0 0.0 WoodPlanks 128 96 62 14 Step
P B - 774.15 19.01 1577.56 0.50 3.40 0.50 0.0 0.0 0.0 Wood 96 70 44 14 RopePost
P B - 775.85 19.01 1572.44 0.50 3.40 0.50 0.0 0.0 0.0 Wood 96 70 44 14 RopePost
P B - 777.31 10.51 1575.77 2.70 11.99 6.10 -18.4 0.0 0.0 Ground 118 96 68 14 StepFill
P B - 777.31 16.91 1575.77 2.60 0.80 4.50 -18.4 0.0 0.0 WoodPlanks 128 96 62 14 Step
P B - 779.62 10.52 1576.54 2.70 11.97 6.10 -18.4 0.0 0.0 Ground 118 96 68 14 StepFill
P B - 779.62 16.91 1576.54 2.60 0.80 4.50 -18.4 0.0 0.0 WoodPlanks 128 96 62 14 Step
P B - 781.92 10.53 1577.31 2.70 11.95 6.10 -18.4 0.0 0.0 Ground 118 96 68 14 StepFill
P B - 781.92 16.91 1577.31 2.60 0.80 4.50 -18.4 0.0 0.0 WoodPlanks 128 96 62 14 Step
P B - 784.23 10.54 1578.08 2.70 11.93 6.10 -18.4 0.0 0.0 Ground 118 96 68 14 StepFill
P B - 784.23 16.91 1578.08 2.60 0.80 4.50 -18.4 0.0 0.0 WoodPlanks 128 96 62 14 Step
P B - 786.54 10.55 1578.85 2.70 11.91 6.10 -18.4 0.0 0.0 Ground 118 96 68 14 StepFill
P B - 786.54 16.91 1578.85 2.60 0.80 4.50 -18.4 0.0 0.0 WoodPlanks 128 96 62 14 Step
P B - 788.85 12.31 1579.62 2.70 15.39 6.10 -18.4 0.0 0.0 Ground 118 96 68 14 StepFill
P B - 788.85 20.41 1579.62 2.60 0.80 4.50 -18.4 0.0 0.0 WoodPlanks 128 96 62 14 Step
P B - 787.99 22.51 1582.18 0.50 3.40 0.50 0.0 0.0 0.0 Wood 96 70 44 14 RopePost
P B - 789.70 22.51 1577.05 0.50 3.40 0.50 0.0 0.0 0.0 Wood 96 70 44 14 RopePost
P B - 790.67 12.32 1581.07 2.70 15.37 6.10 -58.0 0.0 0.0 Ground 118 96 68 14 StepFill
P B - 790.67 20.41 1581.07 2.60 0.80 4.50 -58.0 0.0 0.0 WoodPlanks 128 96 62 14 Step
P B - 788.38 22.51 1582.50 0.50 3.40 0.50 0.0 0.0 0.0 Wood 96 70 44 14 RopePost
P B - 792.96 22.51 1579.64 0.50 3.40 0.50 0.0 0.0 0.0 Wood 96 70 44 14 RopePost
P B - 792.00 12.33 1583.20 2.70 15.36 6.10 -58.0 0.0 0.0 Ground 118 96 68 14 StepFill
P B - 792.00 20.41 1583.20 2.60 0.80 4.50 -58.0 0.0 0.0 WoodPlanks 128 96 62 14 Step
P B - 793.33 12.34 1585.33 2.70 15.34 6.10 -58.0 0.0 0.0 Ground 118 96 68 14 StepFill
P B - 793.33 20.41 1585.33 2.60 0.80 4.50 -58.0 0.0 0.0 WoodPlanks 128 96 62 14 Step
P B - 794.67 12.35 1587.47 2.70 15.32 6.10 -58.0 0.0 0.0 Ground 118 96 68 14 StepFill
P B - 794.67 20.41 1587.47 2.60 0.80 4.50 -58.0 0.0 0.0 WoodPlanks 128 96 62 14 Step
P B - 796.00 12.36 1589.60 2.70 15.30 6.10 -58.0 0.0 0.0 Ground 118 96 68 14 StepFill
P B - 796.00 20.41 1589.60 2.60 0.80 4.50 -58.0 0.0 0.0 WoodPlanks 128 96 62 14 Step
P B - 797.33 12.37 1591.73 2.70 15.28 6.10 -58.0 0.0 0.0 Ground 118 96 68 14 StepFill
P B - 797.33 20.41 1591.73 2.60 0.80 4.50 -58.0 0.0 0.0 WoodPlanks 128 96 62 14 Step
P B - 798.67 14.13 1593.87 2.70 18.76 6.10 -58.0 0.0 0.0 Ground 118 96 68 14 StepFill
P B - 798.67 23.91 1593.87 2.60 0.80 4.50 -58.0 0.0 0.0 WoodPlanks 128 96 62 14 Step
P B - 796.38 26.01 1595.30 0.50 3.40 0.50 0.0 0.0 0.0 Wood 96 70 44 14 RopePost
P B - 800.96 26.01 1592.44 0.50 3.40 0.50 0.0 0.0 0.0 Wood 96 70 44 14 RopePost
P B - 800.00 14.14 1596.00 2.70 18.74 6.10 -58.0 0.0 0.0 Ground 118 96 68 14 StepFill
P B - 800.00 23.91 1596.00 2.60 0.80 4.50 -58.0 0.0 0.0 WoodPlanks 128 96 62 14 Step
P B - 801.33 14.15 1598.13 2.70 18.72 6.10 -58.0 0.0 0.0 Ground 118 96 68 14 StepFill
P B - 801.33 23.91 1598.13 2.60 0.80 4.50 -58.0 0.0 0.0 WoodPlanks 128 96 62 14 Step
P B - 802.67 14.16 1600.27 2.70 18.70 6.10 -58.0 0.0 0.0 Ground 118 96 68 14 StepFill
P B - 802.67 23.91 1600.27 2.60 0.80 4.50 -58.0 0.0 0.0 WoodPlanks 128 96 62 14 Step
P B - 804.00 14.17 1602.40 2.70 18.68 6.10 -58.0 0.0 0.0 Ground 118 96 68 14 StepFill
P B - 804.00 23.91 1602.40 2.60 0.80 4.50 -58.0 0.0 0.0 WoodPlanks 128 96 62 14 Step
P B - 805.33 14.18 1604.53 2.70 18.66 6.10 -58.0 0.0 0.0 Ground 118 96 68 14 StepFill
P B - 805.33 23.91 1604.53 2.60 0.80 4.50 -58.0 0.0 0.0 WoodPlanks 128 96 62 14 Step
P B - 806.67 15.94 1606.67 2.70 22.14 6.10 -58.0 0.0 0.0 Ground 118 96 68 14 StepFill
P B - 806.67 27.41 1606.67 2.60 0.80 4.50 -58.0 0.0 0.0 WoodPlanks 128 96 62 14 Step
P B - 804.38 29.51 1608.10 0.50 3.40 0.50 0.0 0.0 0.0 Wood 96 70 44 14 RopePost
P B - 808.96 29.51 1605.24 0.50 3.40 0.50 0.0 0.0 0.0 Wood 96 70 44 14 RopePost
P B - 808.00 15.95 1608.80 2.70 22.12 6.10 -58.0 0.0 0.0 Ground 118 96 68 14 StepFill
P B - 808.00 27.41 1608.80 2.60 0.80 4.50 -58.0 0.0 0.0 WoodPlanks 128 96 62 14 Step
P B - 809.33 15.96 1610.93 2.70 22.11 6.10 -58.0 0.0 0.0 Ground 118 96 68 14 StepFill
P B - 809.33 27.41 1610.93 2.60 0.80 4.50 -58.0 0.0 0.0 WoodPlanks 128 96 62 14 Step
G 15 길/봉수_계단
P B - -301.25 13.33 1640.00 2.70 18.04 6.10 180.0 0.0 0.0 Ground 118 96 68 15 StepFill
P B - -301.25 22.75 1640.00 2.60 0.80 4.50 180.0 0.0 0.0 WoodPlanks 128 96 62 15 Step
P B - -301.25 24.85 1637.30 0.50 3.40 0.50 0.0 0.0 0.0 Wood 96 70 44 15 RopePost
P B - -301.25 24.85 1642.70 0.50 3.40 0.50 0.0 0.0 0.0 Wood 96 70 44 15 RopePost
P B - -303.75 13.33 1640.00 2.70 18.04 6.10 180.0 0.0 0.0 Ground 118 96 68 15 StepFill
P B - -303.75 22.75 1640.00 2.60 0.80 4.50 180.0 0.0 0.0 WoodPlanks 128 96 62 15 Step
P B - -306.25 13.33 1640.00 2.70 18.04 6.10 180.0 0.0 0.0 Ground 118 96 68 15 StepFill
P B - -306.25 22.75 1640.00 2.60 0.80 4.50 180.0 0.0 0.0 WoodPlanks 128 96 62 15 Step
P B - -308.75 15.08 1640.00 2.70 21.55 6.10 180.0 0.0 0.0 Ground 118 96 68 15 StepFill
P B - -308.75 26.25 1640.00 2.60 0.80 4.50 180.0 0.0 0.0 WoodPlanks 128 96 62 15 Step
P B - -311.25 15.08 1640.00 2.70 21.55 6.10 180.0 0.0 0.0 Ground 118 96 68 15 StepFill
P B - -311.25 26.25 1640.00 2.60 0.80 4.50 180.0 0.0 0.0 WoodPlanks 128 96 62 15 Step
P B - -313.75 15.08 1640.00 2.70 21.55 6.10 180.0 0.0 0.0 Ground 118 96 68 15 StepFill
P B - -313.75 26.25 1640.00 2.60 0.80 4.50 180.0 0.0 0.0 WoodPlanks 128 96 62 15 Step
P B - -316.25 15.07 1640.00 2.70 21.55 6.10 180.0 0.0 0.0 Ground 118 96 68 15 StepFill
P B - -316.25 26.25 1640.00 2.60 0.80 4.50 180.0 0.0 0.0 WoodPlanks 128 96 62 15 Step
P B - -316.25 28.35 1637.30 0.50 3.40 0.50 0.0 0.0 0.0 Wood 96 70 44 15 RopePost
P B - -316.25 28.35 1642.70 0.50 3.40 0.50 0.0 0.0 0.0 Wood 96 70 44 15 RopePost
P B - -318.75 15.07 1640.00 2.70 21.56 6.10 180.0 0.0 0.0 Ground 118 96 68 15 StepFill
P B - -318.75 26.25 1640.00 2.60 0.80 4.50 180.0 0.0 0.0 WoodPlanks 128 96 62 15 Step
P B - -321.25 15.07 1640.00 2.70 21.56 6.10 180.0 0.0 0.0 Ground 118 96 68 15 StepFill
P B - -321.25 26.25 1640.00 2.60 0.80 4.50 180.0 0.0 0.0 WoodPlanks 128 96 62 15 Step
P B - -323.75 15.07 1640.00 2.70 21.56 6.10 180.0 0.0 0.0 Ground 118 96 68 15 StepFill
P B - -323.75 26.25 1640.00 2.60 0.80 4.50 180.0 0.0 0.0 WoodPlanks 128 96 62 15 Step
P B - -326.25 16.82 1640.00 2.70 25.06 6.10 180.0 0.0 0.0 Ground 118 96 68 15 StepFill
P B - -326.25 29.75 1640.00 2.60 0.80 4.50 180.0 0.0 0.0 WoodPlanks 128 96 62 15 Step
P B - -328.75 16.82 1640.00 2.70 25.07 6.10 180.0 0.0 0.0 Ground 118 96 68 15 StepFill
P B - -328.75 29.75 1640.00 2.60 0.80 4.50 180.0 0.0 0.0 WoodPlanks 128 96 62 15 Step
P B - -331.22 16.82 1640.00 2.70 25.07 6.10 180.0 0.0 0.0 Ground 118 96 68 15 StepFill
P B - -331.22 29.75 1640.00 2.60 0.80 4.50 180.0 0.0 0.0 WoodPlanks 128 96 62 15 Step
P B - -331.22 31.85 1637.30 0.50 3.40 0.50 0.0 0.0 0.0 Wood 96 70 44 15 RopePost
P B - -331.22 31.85 1642.70 0.50 3.40 0.50 0.0 0.0 0.0 Wood 96 70 44 15 RopePost
P B - -333.67 16.81 1640.00 2.70 25.07 6.10 180.0 0.0 0.0 Ground 118 96 68 15 StepFill
P B - -333.67 29.75 1640.00 2.60 0.80 4.50 180.0 0.0 0.0 WoodPlanks 128 96 62 15 Step
P B - -336.11 16.81 1640.00 2.70 25.08 6.10 180.0 0.0 0.0 Ground 118 96 68 15 StepFill
P B - -336.11 29.75 1640.00 2.60 0.80 4.50 180.0 0.0 0.0 WoodPlanks 128 96 62 15 Step
P B - -338.56 16.81 1640.00 2.70 25.08 6.10 180.0 0.0 0.0 Ground 118 96 68 15 StepFill
P B - -338.56 29.75 1640.00 2.60 0.80 4.50 180.0 0.0 0.0 WoodPlanks 128 96 62 15 Step
P B - -341.00 18.56 1640.00 2.70 28.58 6.10 180.0 0.0 0.0 Ground 118 96 68 15 StepFill
P B - -341.00 33.25 1640.00 2.60 0.80 4.50 180.0 0.0 0.0 WoodPlanks 128 96 62 15 Step
P B - -343.44 18.56 1640.00 2.70 28.58 6.10 180.0 0.0 0.0 Ground 118 96 68 15 StepFill
P B - -343.44 33.25 1640.00 2.60 0.80 4.50 180.0 0.0 0.0 WoodPlanks 128 96 62 15 Step
P B - -345.89 18.56 1640.00 2.70 28.59 6.10 180.0 0.0 0.0 Ground 118 96 68 15 StepFill
P B - -345.89 33.25 1640.00 2.60 0.80 4.50 180.0 0.0 0.0 WoodPlanks 128 96 62 15 Step
P B - -345.89 35.35 1637.30 0.50 3.40 0.50 0.0 0.0 0.0 Wood 96 70 44 15 RopePost
P B - -345.89 35.35 1642.70 0.50 3.40 0.50 0.0 0.0 0.0 Wood 96 70 44 15 RopePost
P B - -348.33 18.56 1640.00 2.70 28.59 6.10 180.0 0.0 0.0 Ground 118 96 68 15 StepFill
P B - -348.33 33.25 1640.00 2.60 0.80 4.50 180.0 0.0 0.0 WoodPlanks 128 96 62 15 Step
P B - -350.78 18.56 1640.00 2.70 28.59 6.10 180.0 0.0 0.0 Ground 118 96 68 15 StepFill
P B - -350.78 33.25 1640.00 2.60 0.80 4.50 180.0 0.0 0.0 WoodPlanks 128 96 62 15 Step
G 16 길/송악_계단
P B - 1031.15 19.68 2060.38 2.70 25.32 6.10 -18.4 0.0 0.0 Ground 118 96 68 16 StepFill
P B - 1031.15 32.74 2060.38 2.60 0.80 4.50 -18.4 0.0 0.0 WoodPlanks 128 96 62 16 Step
P B - 1030.30 34.84 2062.95 0.50 3.40 0.50 0.0 0.0 0.0 Wood 96 70 44 16 RopePost
P B - 1032.01 34.84 2057.82 0.50 3.40 0.50 0.0 0.0 0.0 Wood 96 70 44 16 RopePost
P B - 1033.46 21.44 2061.15 2.70 28.80 6.10 -18.4 0.0 0.0 Ground 118 96 68 16 StepFill
P B - 1033.46 36.24 2061.15 2.60 0.80 4.50 -18.4 0.0 0.0 WoodPlanks 128 96 62 16 Step
P B - 1035.77 21.45 2061.92 2.70 28.79 6.10 -18.4 0.0 0.0 Ground 118 96 68 16 StepFill
P B - 1035.77 36.24 2061.92 2.60 0.80 4.50 -18.4 0.0 0.0 WoodPlanks 128 96 62 16 Step
P B - 1038.08 21.45 2062.69 2.70 28.78 6.10 -18.4 0.0 0.0 Ground 118 96 68 16 StepFill
P B - 1038.08 36.24 2062.69 2.60 0.80 4.50 -18.4 0.0 0.0 WoodPlanks 128 96 62 16 Step
P B - 1040.38 21.46 2063.46 2.70 28.76 6.10 -18.4 0.0 0.0 Ground 118 96 68 16 StepFill
P B - 1040.38 36.24 2063.46 2.60 0.80 4.50 -18.4 0.0 0.0 WoodPlanks 128 96 62 16 Step
P B - 1042.69 23.21 2064.23 2.70 32.25 6.10 -18.4 0.0 0.0 Ground 118 96 68 16 StepFill
P B - 1042.69 39.74 2064.23 2.60 0.80 4.50 -18.4 0.0 0.0 WoodPlanks 128 96 62 16 Step
P B - 1045.00 23.22 2065.00 2.70 32.24 6.10 -18.4 0.0 0.0 Ground 118 96 68 16 StepFill
P B - 1045.00 39.74 2065.00 2.60 0.80 4.50 -18.4 0.0 0.0 WoodPlanks 128 96 62 16 Step
P B - 1044.15 41.84 2067.56 0.50 3.40 0.50 0.0 0.0 0.0 Wood 96 70 44 16 RopePost
P B - 1045.85 41.84 2062.44 0.50 3.40 0.50 0.0 0.0 0.0 Wood 96 70 44 16 RopePost
P B - 1047.31 23.22 2065.77 2.70 32.23 6.10 -18.4 0.0 0.0 Ground 118 96 68 16 StepFill
P B - 1047.31 39.74 2065.77 2.60 0.80 4.50 -18.4 0.0 0.0 WoodPlanks 128 96 62 16 Step
P B - 1049.62 23.23 2066.54 2.70 32.22 6.10 -18.4 0.0 0.0 Ground 118 96 68 16 StepFill
P B - 1049.62 39.74 2066.54 2.60 0.80 4.50 -18.4 0.0 0.0 WoodPlanks 128 96 62 16 Step
P B - 1051.92 23.23 2067.31 2.70 32.21 6.10 -18.4 0.0 0.0 Ground 118 96 68 16 StepFill
P B - 1051.92 39.74 2067.31 2.60 0.80 4.50 -18.4 0.0 0.0 WoodPlanks 128 96 62 16 Step
P B - 1054.23 24.99 2068.08 2.70 35.71 6.10 -18.4 0.0 0.0 Ground 118 96 68 16 StepFill
P B - 1054.23 43.24 2068.08 2.60 0.80 4.50 -18.4 0.0 0.0 WoodPlanks 128 96 62 16 Step
P B - 1056.54 24.99 2068.85 2.70 35.70 6.10 -18.4 0.0 0.0 Ground 118 96 68 16 StepFill
P B - 1056.54 43.24 2068.85 2.60 0.80 4.50 -18.4 0.0 0.0 WoodPlanks 128 96 62 16 Step
P B - 1058.85 24.99 2069.62 2.70 35.69 6.10 -18.4 0.0 0.0 Ground 118 96 68 16 StepFill
P B - 1058.85 43.24 2069.62 2.60 0.80 4.50 -18.4 0.0 0.0 WoodPlanks 128 96 62 16 Step
P B - 1057.99 45.34 2072.18 0.50 3.40 0.50 0.0 0.0 0.0 Wood 96 70 44 16 RopePost
P B - 1059.70 45.34 2067.05 0.50 3.40 0.50 0.0 0.0 0.0 Wood 96 70 44 16 RopePost
P B - 1061.14 25.00 2070.45 2.70 35.69 6.10 -21.8 0.0 0.0 Ground 118 96 68 16 StepFill
P B - 1061.14 43.24 2070.45 2.60 0.80 4.50 -21.8 0.0 0.0 WoodPlanks 128 96 62 16 Step
P B - 1060.13 45.34 2072.96 0.50 3.40 0.50 0.0 0.0 0.0 Wood 96 70 44 16 RopePost
P B - 1062.14 45.34 2067.95 0.50 3.40 0.50 0.0 0.0 0.0 Wood 96 70 44 16 RopePost
P B - 1063.41 25.00 2071.36 2.70 35.68 6.10 -21.8 0.0 0.0 Ground 118 96 68 16 StepFill
P B - 1063.41 43.24 2071.36 2.60 0.80 4.50 -21.8 0.0 0.0 WoodPlanks 128 96 62 16 Step
P B - 1065.68 23.25 2072.27 2.70 32.18 6.10 -21.8 0.0 0.0 Ground 118 96 68 16 StepFill
P B - 1065.68 39.74 2072.27 2.60 0.80 4.50 -21.8 0.0 0.0 WoodPlanks 128 96 62 16 Step
P B - 1067.95 23.25 2073.18 2.70 32.18 6.10 -21.8 0.0 0.0 Ground 118 96 68 16 StepFill
P B - 1067.95 39.74 2073.18 2.60 0.80 4.50 -21.8 0.0 0.0 WoodPlanks 128 96 62 16 Step
P B - 1070.23 23.25 2074.09 2.70 32.18 6.10 -21.8 0.0 0.0 Ground 118 96 68 16 StepFill
P B - 1070.23 39.74 2074.09 2.60 0.80 4.50 -21.8 0.0 0.0 WoodPlanks 128 96 62 16 Step
P B - 1072.50 21.50 2075.00 2.70 28.68 6.10 -21.8 0.0 0.0 Ground 118 96 68 16 StepFill
P B - 1072.50 36.24 2075.00 2.60 0.80 4.50 -21.8 0.0 0.0 WoodPlanks 128 96 62 16 Step
P B - 1074.77 21.50 2075.91 2.70 28.67 6.10 -21.8 0.0 0.0 Ground 118 96 68 16 StepFill
P B - 1074.77 36.24 2075.91 2.60 0.80 4.50 -21.8 0.0 0.0 WoodPlanks 128 96 62 16 Step
P B - 1073.77 38.34 2078.42 0.50 3.40 0.50 0.0 0.0 0.0 Wood 96 70 44 16 RopePost
P B - 1075.78 38.34 2073.40 0.50 3.40 0.50 0.0 0.0 0.0 Wood 96 70 44 16 RopePost
P B - 1077.05 19.75 2076.82 2.70 25.17 6.10 -21.8 0.0 0.0 Ground 118 96 68 16 StepFill
P B - 1077.05 32.74 2076.82 2.60 0.80 4.50 -21.8 0.0 0.0 WoodPlanks 128 96 62 16 Step
P B - 1079.32 19.75 2077.73 2.70 25.17 6.10 -21.8 0.0 0.0 Ground 118 96 68 16 StepFill
P B - 1079.32 32.74 2077.73 2.60 0.80 4.50 -21.8 0.0 0.0 WoodPlanks 128 96 62 16 Step
P B - 1081.59 19.75 2078.64 2.70 25.18 6.10 -21.8 0.0 0.0 Ground 118 96 68 16 StepFill
P B - 1081.59 32.74 2078.64 2.60 0.80 4.50 -21.8 0.0 0.0 WoodPlanks 128 96 62 16 Step
P B - 1083.86 19.75 2079.55 2.70 25.18 6.10 -21.8 0.0 0.0 Ground 118 96 68 16 StepFill
P B - 1083.86 32.74 2079.55 2.60 0.80 4.50 -21.8 0.0 0.0 WoodPlanks 128 96 62 16 Step
A 1 301.57 1070.09
G 17 돌담
P B 1 301.57 0.67 1070.09 3.45 1.75 2.10 -4.9 0.0 2.1 Basalt 46 44 46 17 Dam
P B 1 301.49 1.90 1070.09 3.08 0.91 1.68 -8.9 -1.8 0.0 Basalt 46 44 46 17 Dam
A 2 304.72 1070.28
P B 2 304.72 0.72 1070.28 3.45 1.84 1.95 -1.9 0.0 -0.7 Basalt 58 56 56 17 Dam
P B 2 304.39 2.08 1070.28 2.30 1.07 1.50 2.8 2.1 0.0 Basalt 38 36 40 17 Dam
A 3 307.87 1070.46
P B 3 307.87 0.88 1070.46 3.45 2.16 2.23 0.4 0.0 -2.9 Basalt 46 44 46 17 Dam
P B 3 307.80 2.52 1070.46 2.53 1.33 1.47 -2.5 3.0 0.0 Basalt 46 44 46 17 Dam
A 4 311.02 1070.65
P B 4 311.02 0.84 1070.65 3.45 2.07 2.18 -5.8 0.0 2.1 Basalt 38 36 40 17 Dam
A 5 314.17 1070.83
P B 5 314.17 0.66 1070.83 3.45 1.71 2.05 -1.5 0.0 0.3 Basalt 52 50 54 17 Dam
P B 5 314.11 2.09 1070.83 2.11 1.34 1.40 -1.8 -1.9 0.0 Basalt 52 50 54 17 Dam
A 6 317.31 1071.02
P B 6 317.31 0.75 1071.02 3.45 1.90 2.14 -2.8 0.0 -1.8 Basalt 38 36 40 17 Dam
P B 6 316.95 2.15 1071.02 3.00 1.11 1.56 6.4 3.9 0.0 Basalt 46 44 46 17 Dam
A 7 320.46 1071.20
P B 7 320.46 0.66 1071.20 3.45 1.72 2.13 0.3 0.0 -2.5 Basalt 52 50 54 17 Dam
A 8 323.61 1071.39
P B 8 323.61 0.79 1071.39 3.45 1.98 1.99 -0.8 0.0 0.0 Basalt 66 62 60 17 Dam
P B 8 323.49 2.19 1071.39 2.44 1.02 1.50 3.4 0.3 0.0 Basalt 52 50 54 17 Dam
A 9 326.76 1071.57
P B 9 326.76 0.72 1071.57 3.45 1.84 1.91 -2.7 0.0 2.1 Basalt 66 62 60 17 Dam
P B 9 326.60 2.11 1071.57 2.70 1.14 1.64 -6.4 0.8 0.0 Basalt 46 44 46 17 Dam
A 10 329.91 1071.76
P B 10 329.91 0.84 1071.76 3.45 2.09 1.96 -0.4 0.0 2.5 Basalt 66 62 60 17 Dam
P B 10 330.18 2.36 1071.76 2.40 1.14 1.61 -4.8 2.0 0.0 Basalt 52 50 54 17 Dam
A 11 333.06 1071.94
P B 11 333.06 0.86 1071.94 3.45 2.12 2.01 -3.8 0.0 0.3 Basalt 52 50 54 17 Dam
P B 11 333.17 2.36 1071.94 2.67 1.08 1.55 1.3 3.0 0.0 Basalt 66 62 60 17 Dam
A 12 336.20 1072.13
P B 12 336.20 0.83 1072.13 3.45 2.07 2.05 -5.8 0.0 1.7 Basalt 66 62 60 17 Dam
A 13 339.35 1072.31
P B 13 339.35 0.88 1072.31 3.45 2.16 2.05 -2.3 0.0 -0.1 Basalt 46 44 46 17 Dam
A 14 342.50 1072.50
P B 14 342.50 0.80 1072.50 3.45 2.00 2.17 -4.0 0.0 0.0 Basalt 38 36 40 17 Dam
P B 14 342.31 2.32 1072.50 2.92 1.24 1.49 -3.1 -1.1 0.0 Basalt 52 50 54 17 Dam
A 15 345.65 1072.69
P B 15 345.65 0.68 1072.69 3.45 1.75 2.16 -6.1 0.0 2.1 Basalt 38 36 40 17 Dam
P B 15 345.99 1.99 1072.69 2.82 1.07 1.52 1.5 4.5 0.0 Basalt 58 56 56 17 Dam
A 16 348.80 1072.87
P B 16 348.80 0.84 1072.87 3.45 2.08 2.10 0.4 0.0 1.8 Basalt 46 44 46 17 Dam
P B 16 348.67 2.35 1072.87 2.63 1.13 1.52 -4.3 -1.6 0.0 Basalt 52 50 54 17 Dam
A 17 351.94 1073.06
P B 17 351.94 0.75 1073.06 3.45 1.90 2.08 -0.4 0.0 -2.9 Basalt 58 56 56 17 Dam
P B 17 351.55 2.12 1073.06 3.03 1.05 1.52 -8.1 4.1 0.0 Basalt 66 62 60 17 Dam
A 18 355.09 1073.24
P B 18 355.09 0.66 1073.24 3.45 1.72 2.09 -5.0 0.0 0.1 Basalt 58 56 56 17 Dam
P B 18 355.21 2.10 1073.24 2.90 1.36 1.65 4.2 -0.1 0.0 Basalt 58 56 56 17 Dam
A 19 358.24 1073.43
P B 19 358.24 0.82 1073.43 3.45 2.04 2.04 -3.7 0.0 -2.5 Basalt 46 44 46 17 Dam
A 20 361.39 1073.61
P B 20 361.39 0.72 1073.61 3.45 1.83 1.90 -0.6 0.0 -1.6 Basalt 52 50 54 17 Dam
P B 20 361.03 2.22 1073.61 2.60 1.38 1.41 -11.3 0.8 0.0 Basalt 46 44 46 17 Dam
A 21 364.54 1073.80
P B 21 364.54 0.89 1073.80 3.45 2.19 2.21 -2.8 0.0 1.8 Basalt 46 44 46 17 Dam
P B 21 364.12 2.42 1073.80 2.70 1.07 1.68 -4.4 -3.1 0.0 Basalt 46 44 46 17 Dam
A 22 367.69 1073.98
P B 22 367.69 0.68 1073.98 3.45 1.77 2.24 -5.0 0.0 1.4 Basalt 52 50 54 17 Dam
P B 22 367.92 2.12 1073.98 2.53 1.29 1.60 5.6 2.4 0.0 Basalt 66 62 60 17 Dam
A 23 370.83 1074.17
P B 23 370.83 0.68 1074.17 3.45 1.77 1.93 -1.5 0.0 1.4 Basalt 38 36 40 17 Dam
A 24 373.98 1074.35
P B 24 373.98 0.87 1074.35 3.45 2.14 2.29 -3.6 0.0 -1.2 Basalt 58 56 56 17 Dam
P B 24 373.93 2.31 1074.35 3.10 0.94 1.61 -3.4 -3.9 0.0 Basalt 38 36 40 17 Dam
A 25 377.13 1074.54
P B 25 377.13 0.79 1074.54 3.45 1.98 2.05 -1.0 0.0 -0.9 Basalt 46 44 46 17 Dam
P B 25 377.25 2.36 1074.54 2.99 1.36 1.69 -13.2 -4.8 0.0 Basalt 66 62 60 17 Dam
A 26 392.87 1075.46
P B 26 392.87 0.72 1075.46 3.45 1.84 2.13 -1.3 0.0 0.9 Basalt 38 36 40 17 Dam
P B 26 393.14 2.13 1075.46 2.68 1.18 1.53 -6.2 -1.4 0.0 Basalt 66 62 60 17 Dam
A 27 396.02 1075.65
P B 27 396.02 0.80 1075.65 3.45 2.00 2.06 -4.9 0.0 0.0 Basalt 38 36 40 17 Dam
P B 27 395.69 2.31 1075.65 2.23 1.22 1.56 -5.4 -0.8 0.0 Basalt 52 50 54 17 Dam
A 28 399.17 1075.83
P B 28 399.17 0.82 1075.83 3.45 2.04 2.19 -5.2 0.0 -2.9 Basalt 66 62 60 17 Dam
P B 28 398.68 2.38 1075.83 2.68 1.28 1.69 -10.1 -0.9 0.0 Basalt 38 36 40 17 Dam
A 29 402.31 1076.02
P B 29 402.31 0.71 1076.02 3.45 1.83 2.08 -6.8 0.0 2.7 Basalt 52 50 54 17 Dam
A 30 405.46 1076.20
P B 30 405.46 0.66 1076.20 3.45 1.72 2.24 -3.0 0.0 -2.5 Basalt 58 56 56 17 Dam
P B 30 405.93 1.91 1076.20 2.59 0.97 1.63 2.9 -1.6 0.0 Basalt 58 56 56 17 Dam
A 31 408.61 1076.39
P B 31 408.61 0.67 1076.39 3.45 1.74 2.06 -3.3 0.0 2.4 Basalt 52 50 54 17 Dam
P B 31 408.35 2.09 1076.39 2.86 1.30 1.44 -7.1 -0.4 0.0 Basalt 66 62 60 17 Dam
A 32 411.76 1076.57
P B 32 411.76 0.76 1076.57 3.45 1.92 2.07 -6.8 0.0 -0.8 Basalt 38 36 40 17 Dam
A 33 414.91 1076.76
P B 33 414.91 0.72 1076.76 3.45 1.84 2.17 -0.8 0.0 2.3 Basalt 38 36 40 17 Dam
P B 33 414.73 2.11 1076.76 2.09 1.15 1.54 5.7 3.7 0.0 Basalt 58 56 56 17 Dam
A 34 418.06 1076.94
P B 34 418.06 0.79 1076.94 3.45 1.97 2.19 -0.4 0.0 -0.0 Basalt 58 56 56 17 Dam
A 35 421.20 1077.13
P B 35 421.20 0.86 1077.13 3.45 2.12 2.13 0.4 0.0 1.9 Basalt 58 56 56 17 Dam
P B 35 421.42 2.44 1077.13 2.35 1.26 1.51 1.6 -4.9 0.0 Basalt 66 62 60 17 Dam
A 36 424.35 1077.31
P B 36 424.35 0.87 1077.31 3.45 2.14 2.06 -4.8 0.0 -2.4 Basalt 46 44 46 17 Dam
P B 36 424.18 2.31 1077.31 2.85 0.93 1.51 5.3 -4.9 0.0 Basalt 58 56 56 17 Dam
A 37 427.50 1077.50
P B 37 427.50 0.67 1077.50 3.45 1.75 2.00 -5.9 0.0 1.2 Basalt 66 62 60 17 Dam
P B 37 427.41 1.93 1077.50 2.36 0.96 1.69 -7.4 -2.2 0.0 Basalt 46 44 46 17 Dam
A 38 430.65 1077.69
P B 38 430.65 0.76 1077.69 3.45 1.93 1.99 -1.7 0.0 -0.6 Basalt 52 50 54 17 Dam
P B 38 430.78 2.19 1077.69 2.28 1.13 1.54 -11.6 -0.9 0.0 Basalt 38 36 40 17 Dam
A 39 433.80 1077.87
P B 39 433.80 0.82 1077.87 3.45 2.03 2.01 -7.0 0.0 -2.9 Basalt 52 50 54 17 Dam
P B 39 434.22 2.24 1077.87 3.03 1.01 1.50 -3.3 0.4 0.0 Basalt 52 50 54 17 Dam
A 40 436.94 1078.06
P B 40 436.94 0.83 1078.06 3.45 2.06 1.98 0.5 0.0 -2.6 Basalt 58 56 56 17 Dam
P B 40 436.97 2.32 1078.06 2.36 1.12 1.63 -11.0 3.6 0.0 Basalt 52 50 54 17 Dam
A 41 440.09 1078.24
P B 41 440.09 0.79 1078.24 3.45 1.98 1.91 -2.0 0.0 0.6 Basalt 58 56 56 17 Dam
P B 41 440.16 2.28 1078.24 2.76 1.20 1.70 -12.8 -0.8 0.0 Basalt 58 56 56 17 Dam
A 42 443.24 1078.43
P B 42 443.24 0.87 1078.43 3.45 2.14 2.05 -1.6 0.0 -1.7 Basalt 66 62 60 17 Dam
P B 42 443.12 2.43 1078.43 2.72 1.18 1.63 -6.4 5.0 0.0 Basalt 58 56 56 17 Dam
A 43 446.39 1078.61
P B 43 446.39 0.73 1078.61 3.45 1.85 2.06 -1.7 0.0 2.0 Basalt 46 44 46 17 Dam
P B 43 446.33 2.20 1078.61 3.00 1.29 1.58 4.7 0.0 0.0 Basalt 66 62 60 17 Dam
A 44 449.54 1078.80
P B 44 449.54 0.75 1078.80 3.45 1.91 1.94 -6.7 0.0 2.1 Basalt 46 44 46 17 Dam
P B 44 449.87 2.21 1078.80 3.04 1.21 1.66 -5.4 2.4 0.0 Basalt 52 50 54 17 Dam
A 45 452.69 1078.98
P B 45 452.69 0.83 1078.98 3.45 2.05 1.99 -0.1 0.0 -0.5 Basalt 66 62 60 17 Dam
P B 45 452.66 2.22 1078.98 2.19 0.93 1.56 -8.1 4.8 0.0 Basalt 58 56 56 17 Dam
A 46 455.83 1079.17
P B 46 455.83 0.65 1079.17 3.45 1.71 2.13 -2.3 0.0 -1.7 Basalt 66 62 60 17 Dam
P B 46 455.50 1.95 1079.17 2.89 1.08 1.69 -4.3 4.8 0.0 Basalt 66 62 60 17 Dam
A 47 458.98 1079.35
P B 47 458.98 0.88 1079.35 3.45 2.15 2.12 0.4 0.0 0.1 Basalt 46 44 46 17 Dam
A 48 462.13 1079.54
P B 48 462.13 0.79 1079.54 3.45 1.98 2.22 -4.0 0.0 1.4 Basalt 58 56 56 17 Dam
A 49 465.28 1079.72
P B 49 465.28 0.89 1079.72 3.45 2.17 2.13 -0.7 0.0 0.3 Basalt 52 50 54 17 Dam
A 50 468.43 1079.91
P B 50 468.43 0.71 1079.91 3.45 1.83 2.14 -5.2 0.0 -1.1 Basalt 58 56 56 17 Dam
P B 50 468.78 2.02 1079.91 2.09 0.98 1.47 5.4 -2.5 0.0 Basalt 38 36 40 17 Dam
A 51 471.55 1079.86
P B 51 471.55 0.69 1079.86 3.40 1.77 2.20 7.1 0.0 -0.5 Basalt 52 50 54 17 Dam
P B 51 471.27 2.10 1079.86 2.82 1.25 1.49 14.1 4.4 0.0 Basalt 38 36 40 17 Dam
A 52 474.64 1079.59
P B 52 474.64 0.83 1079.59 3.40 2.05 2.23 2.6 0.0 0.1 Basalt 38 36 40 17 Dam
P B 52 474.75 2.25 1079.59 2.29 0.98 1.56 -0.8 -3.1 0.0 Basalt 58 56 56 17 Dam
A 53 477.73 1079.32
P B 53 477.73 0.89 1079.32 3.40 2.19 1.93 6.6 0.0 -2.4 Basalt 46 44 46 17 Dam
A 54 480.82 1079.05
P B 54 480.82 0.82 1079.05 3.40 2.03 1.90 1.6 0.0 2.0 Basalt 58 56 56 17 Dam
P B 54 480.62 2.35 1079.05 2.74 1.23 1.46 -4.2 0.1 0.0 Basalt 66 62 60 17 Dam
A 55 483.91 1078.77
P B 55 483.91 0.82 1078.77 3.40 2.04 1.96 8.3 0.0 1.7 Basalt 66 62 60 17 Dam
P B 55 484.16 2.44 1078.77 2.38 1.38 1.58 2.6 2.2 0.0 Basalt 66 62 60 17 Dam
A 56 487.00 1078.50
P B 56 487.00 0.85 1078.50 3.40 2.09 2.08 6.3 0.0 1.8 Basalt 38 36 40 17 Dam
P B 56 486.93 2.42 1078.50 2.89 1.26 1.46 -2.9 -0.8 0.0 Basalt 46 44 46 17 Dam
A 57 490.09 1078.23
P B 57 490.09 0.81 1078.23 3.40 2.02 2.28 7.6 0.0 -1.9 Basalt 52 50 54 17 Dam
P B 57 490.51 2.37 1078.23 2.72 1.29 1.67 14.9 -1.4 0.0 Basalt 66 62 60 17 Dam
A 58 493.18 1077.95
P B 58 493.18 0.85 1077.95 3.40 2.10 1.95 5.6 0.0 -0.2 Basalt 58 56 56 17 Dam
P B 58 492.87 2.33 1077.95 3.00 1.06 1.52 -0.5 -4.7 0.0 Basalt 58 56 56 17 Dam
A 59 496.27 1077.68
P B 59 496.27 0.73 1077.68 3.40 1.87 1.97 2.9 0.0 1.0 Basalt 46 44 46 17 Dam
P B 59 496.40 2.03 1077.68 2.82 0.93 1.62 11.1 -2.3 0.0 Basalt 58 56 56 17 Dam
A 60 499.36 1077.41
P B 60 499.36 0.80 1077.41 3.40 2.00 2.02 7.1 0.0 -1.9 Basalt 58 56 56 17 Dam
P B 60 499.61 2.32 1077.41 2.31 1.25 1.62 7.7 -0.3 0.0 Basalt 52 50 54 17 Dam
A 61 502.45 1077.14
P B 61 502.45 0.89 1077.14 3.40 2.19 2.09 2.7 0.0 2.7 Basalt 66 62 60 17 Dam
P B 61 502.56 2.45 1077.14 3.01 1.13 1.64 9.0 -3.1 0.0 Basalt 52 50 54 17 Dam
A 62 505.55 1076.86
P B 62 505.55 0.78 1076.86 3.40 1.96 2.26 6.8 0.0 2.2 Basalt 66 62 60 17 Dam
P B 62 505.87 2.32 1076.86 3.02 1.33 1.44 14.4 -1.0 0.0 Basalt 46 44 46 17 Dam
A 63 508.64 1076.59
P B 63 508.64 0.78 1076.59 3.40 1.96 2.16 5.9 0.0 1.4 Basalt 46 44 46 17 Dam
P B 63 509.02 2.33 1076.59 2.11 1.34 1.43 4.7 3.4 0.0 Basalt 46 44 46 17 Dam
A 64 511.73 1076.32
P B 64 511.73 0.83 1076.32 3.40 2.06 2.16 3.3 0.0 -1.9 Basalt 52 50 54 17 Dam
A 65 514.82 1076.05
P B 65 514.82 0.69 1076.05 3.40 1.77 2.11 3.6 0.0 1.0 Basalt 46 44 46 17 Dam
A 66 517.91 1075.77
P B 66 517.91 0.81 1075.77 3.40 2.02 1.98 2.0 0.0 -1.4 Basalt 66 62 60 17 Dam
P B 66 517.62 2.27 1075.77 2.88 1.11 1.45 11.7 -3.7 0.0 Basalt 38 36 40 17 Dam
A 67 521.00 1075.50
P B 67 521.00 0.89 1075.50 3.40 2.19 1.95 4.6 0.0 -1.8 Basalt 58 56 56 17 Dam
A 68 524.09 1075.23
P B 68 524.09 0.67 1075.23 3.40 1.75 2.15 2.5 0.0 0.2 Basalt 58 56 56 17 Dam
P B 68 523.97 2.00 1075.23 2.25 1.11 1.43 3.7 -2.4 0.0 Basalt 58 56 56 17 Dam
A 69 527.18 1074.95
P B 69 527.18 0.75 1074.95 3.40 1.90 2.16 6.2 0.0 0.3 Basalt 38 36 40 17 Dam
P B 69 527.49 2.16 1074.95 2.46 1.13 1.54 5.8 1.6 0.0 Basalt 52 50 54 17 Dam
A 70 530.27 1074.68
P B 70 530.27 0.66 1074.68 3.40 1.71 2.12 4.0 0.0 2.8 Basalt 66 62 60 17 Dam
A 71 533.36 1074.41
P B 71 533.36 0.89 1074.41 3.40 2.17 1.92 6.4 0.0 0.4 Basalt 38 36 40 17 Dam
A 72 536.45 1074.14
P B 72 536.45 0.85 1074.14 3.40 2.10 1.93 8.5 0.0 2.4 Basalt 66 62 60 17 Dam
A 73 539.55 1073.86
P B 73 539.55 0.65 1073.86 3.40 1.70 2.27 3.9 0.0 -0.9 Basalt 52 50 54 17 Dam
P B 73 539.79 1.95 1073.86 2.79 1.08 1.43 14.4 4.1 0.0 Basalt 46 44 46 17 Dam
A 74 542.64 1073.59
P B 74 542.64 0.72 1073.59 3.40 1.83 1.97 8.3 0.0 -0.4 Basalt 46 44 46 17 Dam
P B 74 542.84 2.04 1073.59 2.21 1.01 1.63 2.5 -0.9 0.0 Basalt 46 44 46 17 Dam
A 75 545.73 1073.32
P B 75 545.73 0.77 1073.32 3.40 1.95 2.13 3.0 0.0 1.9 Basalt 38 36 40 17 Dam
P B 75 545.53 2.32 1073.32 2.47 1.35 1.63 -0.9 3.6 0.0 Basalt 52 50 54 17 Dam
A 76 548.82 1073.05
P B 76 548.82 0.86 1073.05 3.40 2.12 2.00 3.0 0.0 1.1 Basalt 46 44 46 17 Dam
P B 76 548.50 2.46 1073.05 2.59 1.29 1.51 -4.3 -2.6 0.0 Basalt 58 56 56 17 Dam
A 77 551.91 1072.77
P B 77 551.91 0.76 1072.77 3.40 1.91 2.26 2.0 0.0 -0.7 Basalt 58 56 56 17 Dam
P B 77 551.45 2.28 1072.77 2.67 1.33 1.62 -1.3 3.0 0.0 Basalt 52 50 54 17 Dam
A 78 567.36 1071.41
P B 78 567.36 0.82 1071.41 3.40 2.05 2.10 6.6 0.0 1.3 Basalt 58 56 56 17 Dam
A 79 570.45 1071.14
P B 79 570.45 0.73 1071.14 3.40 1.86 2.24 7.1 0.0 2.7 Basalt 52 50 54 17 Dam
A 80 573.55 1070.86
P B 80 573.55 0.81 1070.86 3.40 2.02 2.16 8.4 0.0 1.5 Basalt 46 44 46 17 Dam
P B 80 573.92 2.32 1070.86 2.49 1.21 1.55 14.7 2.5 0.0 Basalt 38 36 40 17 Dam
A 81 576.64 1070.59
P B 81 576.64 0.66 1070.59 3.40 1.72 1.97 4.9 0.0 -1.4 Basalt 58 56 56 17 Dam
A 82 579.73 1070.32
P B 82 579.73 0.81 1070.32 3.40 2.03 2.08 1.4 0.0 -2.6 Basalt 58 56 56 17 Dam
P B 82 579.95 2.27 1070.32 2.71 1.09 1.65 14.0 0.4 0.0 Basalt 38 36 40 17 Dam
A 83 582.82 1070.05
P B 83 582.82 0.83 1070.05 3.40 2.05 2.16 3.3 0.0 2.7 Basalt 38 36 40 17 Dam
P B 83 582.81 2.45 1070.05 2.99 1.39 1.59 4.8 3.8 0.0 Basalt 46 44 46 17 Dam
A 84 585.91 1069.77
P B 84 585.91 0.72 1069.77 3.40 1.84 2.25 1.8 0.0 -0.1 Basalt 66 62 60 17 Dam
A 85 589.00 1069.50
P B 85 589.00 0.69 1069.50 3.40 1.79 2.12 7.3 0.0 1.9 Basalt 52 50 54 17 Dam
P B 85 589.33 1.99 1069.50 2.94 1.00 1.65 1.2 0.6 0.0 Basalt 52 50 54 17 Dam
A 86 592.09 1069.23
P B 86 592.09 0.89 1069.23 3.40 2.18 1.93 7.6 0.0 0.6 Basalt 66 62 60 17 Dam
A 87 595.18 1068.95
P B 87 595.18 0.80 1068.95 3.40 1.99 2.12 2.7 0.0 0.3 Basalt 52 50 54 17 Dam
P B 87 594.90 2.23 1068.95 2.92 1.08 1.62 4.1 -3.3 0.0 Basalt 46 44 46 17 Dam
A 88 598.27 1068.68
P B 88 598.27 0.66 1068.68 3.40 1.71 1.91 8.7 0.0 -0.6 Basalt 58 56 56 17 Dam
P B 88 597.89 1.96 1068.68 2.98 1.11 1.59 4.1 1.2 0.0 Basalt 66 62 60 17 Dam
A 89 601.36 1068.41
P B 89 601.36 0.87 1068.41 3.40 2.15 1.96 8.3 0.0 0.0 Basalt 52 50 54 17 Dam
P B 89 601.40 2.37 1068.41 2.71 1.04 1.54 4.6 -0.1 0.0 Basalt 58 56 56 17 Dam
A 90 604.45 1068.14
P B 90 604.45 0.73 1068.14 3.40 1.86 2.29 2.9 0.0 -0.4 Basalt 46 44 46 17 Dam
A 91 607.55 1067.86
P B 91 607.55 0.69 1067.86 3.40 1.78 1.91 6.9 0.0 2.7 Basalt 52 50 54 17 Dam
P B 91 607.53 2.16 1067.86 2.20 1.36 1.64 8.1 0.7 0.0 Basalt 46 44 46 17 Dam
A 92 610.64 1067.59
P B 92 610.64 0.77 1067.59 3.40 1.95 2.14 5.7 0.0 1.8 Basalt 38 36 40 17 Dam
P B 92 610.84 2.34 1067.59 2.17 1.39 1.50 0.8 -2.9 0.0 Basalt 52 50 54 17 Dam
A 93 613.73 1067.32
P B 93 613.73 0.67 1067.32 3.40 1.74 1.98 8.9 0.0 -2.9 Basalt 66 62 60 17 Dam
P B 93 613.73 2.00 1067.32 2.65 1.12 1.48 -1.2 3.8 0.0 Basalt 46 44 46 17 Dam
A 94 616.82 1067.05
P B 94 616.82 0.81 1067.05 3.40 2.03 2.25 2.2 0.0 0.7 Basalt 38 36 40 17 Dam
P B 94 616.92 2.41 1067.05 2.52 1.37 1.54 1.9 2.1 0.0 Basalt 38 36 40 17 Dam
A 95 619.91 1066.77
P B 95 619.91 0.78 1066.77 3.40 1.97 2.23 4.5 0.0 1.5 Basalt 38 36 40 17 Dam
A 96 623.00 1066.50
P B 96 623.00 0.69 1066.50 3.40 1.79 2.24 1.6 0.0 -2.3 Basalt 38 36 40 17 Dam
P B 96 623.20 2.00 1066.50 2.61 1.02 1.66 14.1 1.9 0.0 Basalt 52 50 54 17 Dam
A 97 626.09 1066.23
P B 97 626.09 0.66 1066.23 3.40 1.73 2.02 4.8 0.0 2.7 Basalt 58 56 56 17 Dam
P B 97 625.95 2.01 1066.23 2.14 1.17 1.54 14.1 3.0 0.0 Basalt 66 62 60 17 Dam
A 98 629.18 1065.95
P B 98 629.18 0.88 1065.95 3.40 2.17 2.21 6.0 0.0 2.8 Basalt 38 36 40 17 Dam
P B 98 629.07 2.46 1065.95 2.62 1.19 1.51 6.2 -1.4 0.0 Basalt 46 44 46 17 Dam
A 99 632.27 1065.68
P B 99 632.27 0.66 1065.68 3.40 1.72 2.13 2.0 0.0 0.5 Basalt 58 56 56 17 Dam
A 100 635.36 1065.41
P B 100 635.36 0.73 1065.41 3.40 1.85 2.24 7.3 0.0 1.1 Basalt 38 36 40 17 Dam
P B 100 635.81 2.15 1065.41 2.91 1.20 1.56 -4.5 2.0 0.0 Basalt 66 62 60 17 Dam
A 101 638.45 1065.14
P B 101 638.45 0.81 1065.14 3.40 2.02 1.98 8.2 0.0 -1.1 Basalt 66 62 60 17 Dam
P B 101 638.88 2.32 1065.14 2.98 1.20 1.60 2.4 4.0 0.0 Basalt 58 56 56 17 Dam
A 102 641.55 1065.26
P B 102 641.55 0.83 1065.26 3.45 2.06 1.91 -12.7 0.0 0.8 Basalt 38 36 40 17 Dam
P B 102 641.62 2.33 1065.26 3.02 1.15 1.54 -16.1 4.4 0.0 Basalt 38 36 40 17 Dam
A 103 644.66 1065.78
P B 103 644.66 0.69 1065.78 3.45 1.79 2.19 -13.3 0.0 2.8 Basalt 66 62 60 17 Dam
A 104 647.76 1066.29
P B 104 647.76 0.76 1066.29 3.45 1.92 2.18 -11.8 0.0 -1.1 Basalt 46 44 46 17 Dam
P B 104 647.44 2.26 1066.29 2.57 1.29 1.49 -1.4 1.8 0.0 Basalt 38 36 40 17 Dam
A 105 650.86 1066.81
P B 105 650.86 0.85 1066.81 3.45 2.10 2.21 -9.2 0.0 0.5 Basalt 58 56 56 17 Dam
A 106 653.97 1067.33
P B 106 653.97 0.84 1067.33 3.45 2.08 2.08 -9.9 0.0 -2.4 Basalt 52 50 54 17 Dam
P B 106 653.83 2.45 1067.33 2.29 1.33 1.43 -18.9 3.0 0.0 Basalt 52 50 54 17 Dam
A 107 657.07 1067.84
P B 107 657.07 0.84 1067.84 3.45 2.08 2.29 -6.3 0.0 -1.4 Basalt 46 44 46 17 Dam
A 108 660.17 1068.36
P B 108 660.17 0.67 1068.36 3.45 1.75 2.25 -13.0 0.0 1.4 Basalt 58 56 56 17 Dam
P B 108 660.23 1.91 1068.36 2.80 0.93 1.44 -1.9 -4.5 0.0 Basalt 52 50 54 17 Dam
A 109 663.28 1068.88
P B 109 663.28 0.85 1068.88 3.45 2.10 2.11 -9.2 0.0 -2.1 Basalt 52 50 54 17 Dam
A 110 666.38 1069.40
P B 110 666.38 0.67 1069.40 3.45 1.73 2.22 -11.2 0.0 -1.7 Basalt 52 50 54 17 Dam
A 111 669.48 1069.91
P B 111 669.48 0.82 1069.91 3.45 2.03 2.16 -12.4 0.0 -2.3 Basalt 46 44 46 17 Dam
P B 111 669.17 2.33 1069.91 2.27 1.20 1.54 -15.8 -3.0 0.0 Basalt 66 62 60 17 Dam
A 112 672.59 1070.43
P B 112 672.59 0.67 1070.43 3.45 1.74 1.91 -8.7 0.0 -0.9 Basalt 46 44 46 17 Dam
P B 112 672.49 2.13 1070.43 2.80 1.37 1.48 -11.3 4.2 0.0 Basalt 38 36 40 17 Dam
A 113 675.69 1070.95
P B 113 675.69 0.76 1070.95 3.45 1.92 1.90 -8.7 0.0 -1.3 Basalt 38 36 40 17 Dam
P B 113 675.50 2.32 1070.95 2.71 1.39 1.69 -18.3 1.6 0.0 Basalt 38 36 40 17 Dam
A 114 678.79 1071.47
P B 114 678.79 0.90 1071.47 3.45 2.20 2.25 -11.5 0.0 -1.7 Basalt 38 36 40 17 Dam
P B 114 678.72 2.58 1071.47 2.11 1.36 1.44 -14.4 4.8 0.0 Basalt 66 62 60 17 Dam
A 115 681.90 1071.98
P B 115 681.90 0.71 1071.98 3.45 1.83 1.96 -7.9 0.0 0.9 Basalt 66 62 60 17 Dam
A 116 685.00 1072.50
P B 116 685.00 0.67 1072.50 3.45 1.75 2.12 -8.9 0.0 1.1 Basalt 66 62 60 17 Dam
A 117 688.10 1073.02
P B 117 688.10 0.84 1073.02 3.45 2.09 2.04 -8.4 0.0 -1.2 Basalt 52 50 54 17 Dam
A 118 691.21 1073.53
P B 118 691.21 0.66 1073.53 3.45 1.71 2.29 -11.3 0.0 1.4 Basalt 58 56 56 17 Dam
A 119 694.31 1074.05
P B 119 694.31 0.73 1074.05 3.45 1.85 2.17 -13.1 0.0 -0.2 Basalt 66 62 60 17 Dam
P B 119 694.30 2.20 1074.05 2.31 1.29 1.67 0.5 0.9 0.0 Basalt 58 56 56 17 Dam
A 120 697.41 1074.57
P B 120 697.41 0.90 1074.57 3.45 2.20 1.95 -7.2 0.0 -2.2 Basalt 46 44 46 17 Dam
P B 120 697.30 2.54 1074.57 2.40 1.28 1.43 -13.1 4.0 0.0 Basalt 66 62 60 17 Dam
A 121 700.52 1075.09
P B 121 700.52 0.67 1075.09 3.45 1.73 2.09 -7.4 0.0 -2.7 Basalt 38 36 40 17 Dam
A 122 703.62 1075.60
P B 122 703.62 0.82 1075.60 3.45 2.03 2.17 -12.1 0.0 0.7 Basalt 46 44 46 17 Dam
A 123 706.72 1076.12
P B 123 706.72 0.71 1076.12 3.45 1.82 2.27 -10.6 0.0 -2.3 Basalt 66 62 60 17 Dam
P B 123 706.45 2.08 1076.12 2.79 1.13 1.57 -2.2 0.4 0.0 Basalt 66 62 60 17 Dam
A 124 709.83 1076.64
P B 124 709.83 0.72 1076.64 3.45 1.84 2.20 -8.4 0.0 -2.9 Basalt 46 44 46 17 Dam
P B 124 709.78 2.22 1076.64 2.65 1.38 1.49 -14.8 -4.4 0.0 Basalt 66 62 60 17 Dam
A 125 712.93 1077.16
P B 125 712.93 0.88 1077.16 3.45 2.16 2.28 -13.3 0.0 -2.9 Basalt 38 36 40 17 Dam
P B 125 713.11 2.34 1077.16 2.21 0.97 1.46 -6.3 -2.1 0.0 Basalt 58 56 56 17 Dam
A 126 716.03 1077.67
P B 126 716.03 0.70 1077.67 3.45 1.80 2.12 -11.3 0.0 0.5 Basalt 58 56 56 17 Dam
P B 126 716.36 2.10 1077.67 2.78 1.21 1.57 -6.9 -3.1 0.0 Basalt 38 36 40 17 Dam
A 127 719.14 1078.19
P B 127 719.14 0.85 1078.19 3.45 2.09 2.10 -12.2 0.0 1.7 Basalt 46 44 46 17 Dam
A 128 722.24 1078.71
P B 128 722.24 0.78 1078.71 3.45 1.96 2.18 -7.4 0.0 -0.1 Basalt 66 62 60 17 Dam
P B 128 722.44 2.14 1078.71 2.74 0.95 1.65 -7.5 -3.9 0.0 Basalt 46 44 46 17 Dam
A 129 725.34 1079.22
P B 129 725.34 0.90 1079.22 3.45 2.20 2.25 -11.5 0.0 0.7 Basalt 38 36 40 17 Dam
A 130 728.45 1079.74
P B 130 728.45 0.73 1079.74 3.45 1.86 2.27 -11.7 0.0 -1.2 Basalt 52 50 54 17 Dam
P B 130 728.34 2.06 1079.74 2.25 1.01 1.69 -12.3 0.9 0.0 Basalt 52 50 54 17 Dam
A 131 290.09 1071.55
P B 131 290.09 0.69 1071.55 3.41 1.78 1.94 -85.8 0.0 1.0 Basalt 46 44 46 17 Dam
P B 131 289.69 2.00 1071.55 2.30 1.05 1.48 -84.7 -1.7 0.0 Basalt 58 56 56 17 Dam
A 132 290.26 1074.66
P B 132 290.26 0.85 1074.66 3.41 2.11 2.14 -83.5 0.0 -1.4 Basalt 58 56 56 17 Dam
P B 132 289.97 2.28 1074.66 2.71 0.95 1.62 -91.2 -1.3 0.0 Basalt 66 62 60 17 Dam
A 133 290.43 1077.76
P B 133 290.43 0.70 1077.76 3.41 1.80 2.16 -86.9 0.0 0.6 Basalt 46 44 46 17 Dam
A 134 290.60 1080.86
P B 134 290.60 0.83 1080.86 3.41 2.05 2.14 -85.0 0.0 1.7 Basalt 46 44 46 17 Dam
A 135 290.78 1083.97
P B 135 290.78 0.73 1083.97 3.41 1.86 2.09 -83.5 0.0 0.8 Basalt 38 36 40 17 Dam
P B 135 290.50 2.23 1083.97 2.82 1.35 1.43 -91.0 -0.8 0.0 Basalt 46 44 46 17 Dam
A 136 290.95 1087.07
P B 136 290.95 0.72 1087.07 3.41 1.84 1.95 -86.2 0.0 -1.0 Basalt 58 56 56 17 Dam
P B 136 291.43 2.12 1087.07 2.81 1.16 1.63 -92.9 0.6 0.0 Basalt 52 50 54 17 Dam
A 137 291.12 1090.17
P B 137 291.12 0.69 1090.17 3.41 1.78 1.96 -84.7 0.0 2.3 Basalt 46 44 46 17 Dam
P B 137 290.81 1.98 1090.17 2.41 0.99 1.49 -96.0 -4.2 0.0 Basalt 66 62 60 17 Dam
A 138 291.29 1093.28
P B 138 291.29 0.76 1093.28 3.41 1.92 2.04 -83.4 0.0 1.4 Basalt 46 44 46 17 Dam
P B 138 291.75 2.31 1093.28 2.94 1.38 1.67 -86.2 -0.8 0.0 Basalt 52 50 54 17 Dam
A 139 291.47 1096.38
P B 139 291.47 0.83 1096.38 3.41 2.06 2.25 -88.8 0.0 -3.0 Basalt 46 44 46 17 Dam
A 140 291.64 1099.48
P B 140 291.64 0.75 1099.48 3.41 1.90 2.01 -88.2 0.0 2.1 Basalt 46 44 46 17 Dam
P B 140 292.08 2.24 1099.48 2.82 1.28 1.55 -91.1 0.9 0.0 Basalt 58 56 56 17 Dam
A 141 291.81 1102.59
P B 141 291.81 0.67 1102.59 3.41 1.74 2.18 -86.8 0.0 0.6 Basalt 66 62 60 17 Dam
P B 141 291.86 2.09 1102.59 2.71 1.30 1.52 -96.2 -3.4 0.0 Basalt 38 36 40 17 Dam
A 142 291.98 1105.69
P B 142 291.98 0.85 1105.69 3.41 2.10 2.12 -85.9 0.0 2.9 Basalt 52 50 54 17 Dam
P B 142 292.18 2.31 1105.69 2.39 1.02 1.59 -77.0 1.8 0.0 Basalt 66 62 60 17 Dam
A 143 292.16 1108.79
P B 143 292.16 0.71 1108.79 3.41 1.82 2.17 -89.6 0.0 -1.0 Basalt 52 50 54 17 Dam
P B 143 292.43 2.19 1108.79 2.12 1.33 1.59 -81.5 -0.7 0.0 Basalt 38 36 40 17 Dam
A 144 292.33 1111.90
P B 144 292.33 0.67 1111.90 3.41 1.75 1.96 -90.6 0.0 2.9 Basalt 46 44 46 17 Dam
P B 144 291.83 1.97 1111.90 2.44 1.05 1.49 -86.2 4.4 0.0 Basalt 52 50 54 17 Dam
A 145 292.50 1115.00
P B 145 292.50 0.89 1115.00 3.41 2.19 2.26 -90.2 0.0 2.4 Basalt 58 56 56 17 Dam
P B 145 292.21 2.54 1115.00 2.35 1.31 1.42 -80.7 -1.6 0.0 Basalt 46 44 46 17 Dam
A 146 292.67 1118.10
P B 146 292.67 0.76 1118.10 3.41 1.93 2.28 -87.8 0.0 2.0 Basalt 52 50 54 17 Dam
P B 146 292.46 2.31 1118.10 2.50 1.37 1.64 -81.7 -0.0 0.0 Basalt 38 36 40 17 Dam
A 147 292.84 1121.21
P B 147 292.84 0.69 1121.21 3.41 1.79 1.97 -90.0 0.0 -0.2 Basalt 66 62 60 17 Dam
P B 147 292.93 1.94 1121.21 2.70 0.91 1.45 -91.5 -0.8 0.0 Basalt 58 56 56 17 Dam
A 148 293.02 1124.31
P B 148 293.02 0.82 1124.31 3.41 2.04 1.93 -86.1 0.0 -0.6 Basalt 46 44 46 17 Dam
A 149 293.19 1127.41
P B 149 293.19 0.89 1127.41 3.41 2.17 2.23 -84.8 0.0 -2.0 Basalt 38 36 40 17 Dam
P B 149 292.70 2.45 1127.41 2.60 1.15 1.69 -95.6 -1.1 0.0 Basalt 52 50 54 17 Dam
A 150 293.36 1130.52
P B 150 293.36 0.71 1130.52 3.41 1.83 2.00 -84.0 0.0 -1.2 Basalt 66 62 60 17 Dam
P B 150 293.13 2.05 1130.52 2.41 1.04 1.41 -77.5 -0.6 0.0 Basalt 58 56 56 17 Dam
A 151 293.53 1133.62
P B 151 293.53 0.73 1133.62 3.41 1.87 2.19 -83.5 0.0 0.1 Basalt 46 44 46 17 Dam
P B 151 293.22 2.12 1133.62 2.19 1.11 1.56 -95.9 3.9 0.0 Basalt 52 50 54 17 Dam
A 152 293.71 1136.72
P B 152 293.71 0.89 1136.72 3.41 2.18 2.14 -89.8 0.0 2.8 Basalt 66 62 60 17 Dam
P B 152 294.12 2.50 1136.72 2.09 1.24 1.44 -91.2 2.0 0.0 Basalt 46 44 46 17 Dam
A 153 293.88 1139.83
P B 153 293.88 0.87 1139.83 3.41 2.14 1.99 -87.0 0.0 -1.3 Basalt 58 56 56 17 Dam
P B 153 293.42 2.30 1139.83 2.94 0.92 1.69 -96.6 -3.1 0.0 Basalt 58 56 56 17 Dam
A 154 294.05 1142.93
P B 154 294.05 0.84 1142.93 3.41 2.08 2.19 -84.6 0.0 -0.5 Basalt 46 44 46 17 Dam
P B 154 293.81 2.32 1142.93 2.47 1.08 1.69 -94.9 -4.2 0.0 Basalt 46 44 46 17 Dam
A 155 294.22 1146.03
P B 155 294.22 0.85 1146.03 3.41 2.09 2.08 -83.4 0.0 -1.4 Basalt 38 36 40 17 Dam
P B 155 294.55 2.44 1146.03 2.91 1.29 1.42 -78.2 1.4 0.0 Basalt 46 44 46 17 Dam
A 156 294.40 1149.14
P B 156 294.40 0.71 1149.14 3.41 1.82 2.10 -84.8 0.0 -1.0 Basalt 38 36 40 17 Dam
P B 156 294.08 2.03 1149.14 2.66 1.02 1.53 -95.8 1.6 0.0 Basalt 52 50 54 17 Dam
A 157 294.57 1152.24
P B 157 294.57 0.77 1152.24 3.41 1.93 2.09 -86.9 0.0 -2.6 Basalt 58 56 56 17 Dam
P B 157 294.56 2.15 1152.24 2.41 1.04 1.54 -84.3 -4.1 0.0 Basalt 52 50 54 17 Dam
A 158 295.43 1167.76
P B 158 295.43 0.84 1167.76 3.41 2.08 2.08 -85.5 0.0 -0.5 Basalt 46 44 46 17 Dam
P B 158 295.12 2.38 1167.76 2.13 1.20 1.48 -92.8 -0.7 0.0 Basalt 66 62 60 17 Dam
A 159 295.60 1170.86
P B 159 295.60 0.83 1170.86 3.41 2.06 2.19 -83.0 0.0 1.1 Basalt 46 44 46 17 Dam
P B 159 295.75 2.36 1170.86 2.64 1.20 1.47 -89.1 0.1 0.0 Basalt 38 36 40 17 Dam
A 160 295.78 1173.97
P B 160 295.78 0.71 1173.97 3.41 1.82 1.92 -83.6 0.0 1.5 Basalt 66 62 60 17 Dam
A 161 295.95 1177.07
P B 161 295.95 0.70 1177.07 3.41 1.80 2.04 -83.6 0.0 -2.1 Basalt 66 62 60 17 Dam
P B 161 295.61 2.15 1177.07 2.54 1.29 1.42 -77.6 4.6 0.0 Basalt 66 62 60 17 Dam
A 162 296.12 1180.17
P B 162 296.12 0.67 1180.17 3.41 1.74 1.97 -84.9 0.0 -0.1 Basalt 46 44 46 17 Dam
A 163 296.29 1183.28
P B 163 296.29 0.77 1183.28 3.41 1.95 2.06 -88.9 0.0 -2.0 Basalt 52 50 54 17 Dam
A 164 296.47 1186.38
P B 164 296.47 0.72 1186.38 3.41 1.85 2.20 -90.5 0.0 0.4 Basalt 38 36 40 17 Dam
A 165 296.64 1189.48
P B 165 296.64 0.85 1189.48 3.41 2.09 1.92 -86.0 0.0 0.5 Basalt 38 36 40 17 Dam
P B 165 296.93 2.25 1189.48 2.90 0.92 1.50 -80.7 -3.3 0.0 Basalt 46 44 46 17 Dam
A 166 296.81 1192.59
P B 166 296.81 0.80 1192.59 3.41 2.00 2.01 -82.9 0.0 -0.6 Basalt 38 36 40 17 Dam
A 167 296.98 1195.69
P B 167 296.98 0.79 1195.69 3.41 1.97 2.21 -86.9 0.0 0.6 Basalt 66 62 60 17 Dam
P B 167 297.40 2.37 1195.69 2.87 1.40 1.64 -79.5 0.7 0.0 Basalt 58 56 56 17 Dam
A 168 297.16 1198.79
P B 168 297.16 0.88 1198.79 3.41 2.16 2.03 -85.6 0.0 1.7 Basalt 38 36 40 17 Dam
P B 168 296.67 2.32 1198.79 3.00 0.94 1.51 -82.4 -1.1 0.0 Basalt 58 56 56 17 Dam
A 169 297.33 1201.90
P B 169 297.33 0.71 1201.90 3.41 1.83 1.94 -84.5 0.0 1.4 Basalt 38 36 40 17 Dam
A 170 297.50 1205.00
P B 170 297.50 0.85 1205.00 3.41 2.09 1.90 -84.1 0.0 -2.1 Basalt 66 62 60 17 Dam
P B 170 297.38 2.26 1205.00 2.95 0.95 1.57 -84.6 -2.1 0.0 Basalt 66 62 60 17 Dam
A 171 297.67 1208.10
P B 171 297.67 0.67 1208.10 3.41 1.75 2.11 -88.7 0.0 -0.8 Basalt 46 44 46 17 Dam
A 172 297.84 1211.21
P B 172 297.84 0.90 1211.21 3.41 2.20 1.93 -85.5 0.0 -0.9 Basalt 58 56 56 17 Dam
P B 172 298.32 2.46 1211.21 2.08 1.13 1.61 -82.6 -0.0 0.0 Basalt 46 44 46 17 Dam
A 173 298.02 1214.31
P B 173 298.02 0.66 1214.31 3.41 1.73 2.27 -88.5 0.0 -1.4 Basalt 58 56 56 17 Dam
A 174 298.19 1217.41
P B 174 298.19 0.76 1217.41 3.41 1.93 2.09 -86.0 0.0 0.7 Basalt 46 44 46 17 Dam
P B 174 297.90 2.25 1217.41 2.81 1.24 1.63 -86.6 -1.5 0.0 Basalt 52 50 54 17 Dam
A 175 298.36 1220.52
P B 175 298.36 0.69 1220.52 3.41 1.78 2.29 -84.3 0.0 -2.8 Basalt 46 44 46 17 Dam
P B 175 298.68 2.10 1220.52 2.11 1.24 1.47 -88.7 -4.4 0.0 Basalt 66 62 60 17 Dam
A 176 298.53 1223.62
P B 176 298.53 0.72 1223.62 3.41 1.84 2.16 -89.3 0.0 1.2 Basalt 58 56 56 17 Dam
P B 176 298.66 2.01 1223.62 2.19 0.94 1.67 -91.3 0.6 0.0 Basalt 58 56 56 17 Dam
A 177 298.71 1226.72
P B 177 298.71 0.85 1226.72 3.41 2.10 2.08 -86.7 0.0 2.7 Basalt 58 56 56 17 Dam
P B 177 298.36 2.33 1226.72 2.24 1.06 1.64 -81.1 1.4 0.0 Basalt 52 50 54 17 Dam
A 178 298.88 1229.83
P B 178 298.88 0.89 1229.83 3.41 2.18 2.15 -86.7 0.0 0.0 Basalt 66 62 60 17 Dam
P B 178 299.10 2.42 1229.83 2.54 1.08 1.52 -82.8 0.7 0.0 Basalt 58 56 56 17 Dam
A 179 299.05 1232.93
P B 179 299.05 0.74 1232.93 3.41 1.89 2.12 -84.3 0.0 1.4 Basalt 46 44 46 17 Dam
P B 179 299.15 2.26 1232.93 2.20 1.34 1.54 -83.0 -4.6 0.0 Basalt 58 56 56 17 Dam
A 180 299.22 1236.03
P B 180 299.22 0.88 1236.03 3.41 2.17 2.15 -90.7 0.0 -1.3 Basalt 38 36 40 17 Dam
A 181 299.40 1239.14
P B 181 299.40 0.90 1239.14 3.41 2.19 2.06 -83.7 0.0 2.1 Basalt 52 50 54 17 Dam
P B 181 299.41 2.44 1239.14 2.54 1.10 1.61 -94.8 3.4 0.0 Basalt 38 36 40 17 Dam
A 182 299.57 1242.24
P B 182 299.57 0.83 1242.24 3.41 2.07 2.10 -84.3 0.0 2.0 Basalt 52 50 54 17 Dam
P B 182 299.66 2.22 1242.24 2.91 0.91 1.41 -93.4 3.3 0.0 Basalt 66 62 60 17 Dam
A 183 299.74 1245.34
P B 183 299.74 0.72 1245.34 3.41 1.84 2.17 -83.6 0.0 2.1 Basalt 38 36 40 17 Dam
P B 183 299.41 2.07 1245.34 2.95 1.05 1.63 -86.8 3.9 0.0 Basalt 46 44 46 17 Dam
A 184 299.91 1248.45
P B 184 299.91 0.79 1248.45 3.41 1.99 2.18 -83.2 0.0 0.1 Basalt 38 36 40 17 Dam
P B 184 299.76 2.36 1248.45 2.54 1.34 1.68 -90.3 3.9 0.0 Basalt 38 36 40 17 Dam
A 185 299.86 1251.55
P B 185 299.86 0.88 1251.55 3.40 2.15 1.91 -96.9 0.0 1.5 Basalt 66 62 60 17 Dam
P B 185 300.25 2.37 1251.55 2.39 1.03 1.60 -91.0 -3.4 0.0 Basalt 38 36 40 17 Dam
A 186 299.59 1254.64
P B 186 299.59 0.72 1254.64 3.40 1.84 2.02 -92.9 0.0 -0.2 Basalt 46 44 46 17 Dam
A 187 299.32 1257.73
P B 187 299.32 0.77 1257.73 3.40 1.93 1.97 -96.3 0.0 -2.8 Basalt 58 56 56 17 Dam
P B 187 298.98 2.14 1257.73 2.50 1.01 1.47 -100.4 4.8 0.0 Basalt 52 50 54 17 Dam
A 188 299.05 1260.82
P B 188 299.05 0.79 1260.82 3.40 1.98 1.93 -95.3 0.0 -2.7 Basalt 66 62 60 17 Dam
P B 188 299.23 2.27 1260.82 2.72 1.18 1.43 -103.9 -2.1 0.0 Basalt 52 50 54 17 Dam
A 189 298.77 1263.91
P B 189 298.77 0.77 1263.91 3.40 1.94 2.27 -93.9 0.0 0.5 Basalt 66 62 60 17 Dam
P B 189 299.06 2.29 1263.91 2.45 1.30 1.56 -88.0 -1.7 0.0 Basalt 46 44 46 17 Dam
A 190 298.50 1267.00
P B 190 298.50 0.76 1267.00 3.40 1.92 2.19 -93.3 0.0 -1.7 Basalt 38 36 40 17 Dam
P B 190 298.81 2.20 1267.00 2.74 1.17 1.69 -90.2 0.9 0.0 Basalt 38 36 40 17 Dam
A 191 298.23 1270.09
P B 191 298.23 0.87 1270.09 3.40 2.14 2.18 -95.8 0.0 0.3 Basalt 46 44 46 17 Dam
P B 191 298.41 2.52 1270.09 2.42 1.38 1.44 -97.2 -1.1 0.0 Basalt 46 44 46 17 Dam
A 192 297.95 1273.18
P B 192 297.95 0.75 1273.18 3.40 1.89 2.21 -98.7 0.0 2.4 Basalt 46 44 46 17 Dam
P B 192 297.56 2.17 1273.18 2.60 1.15 1.48 -95.1 0.3 0.0 Basalt 66 62 60 17 Dam
A 193 297.68 1276.27
P B 193 297.68 0.74 1276.27 3.40 1.88 2.16 -98.8 0.0 -0.7 Basalt 38 36 40 17 Dam
A 194 297.41 1279.36
P B 194 297.41 0.68 1279.36 3.40 1.75 2.26 -94.8 0.0 -1.3 Basalt 38 36 40 17 Dam
P B 194 297.21 2.04 1279.36 3.04 1.18 1.65 -104.3 -1.3 0.0 Basalt 58 56 56 17 Dam
A 195 297.14 1282.45
P B 195 297.14 0.89 1282.45 3.40 2.18 2.08 -98.6 0.0 1.3 Basalt 52 50 54 17 Dam
P B 195 296.96 2.46 1282.45 2.28 1.17 1.51 -98.4 -3.1 0.0 Basalt 52 50 54 17 Dam
A 196 296.86 1285.55
P B 196 296.86 0.85 1285.55 3.40 2.10 2.02 -94.8 0.0 -1.4 Basalt 66 62 60 17 Dam
A 197 296.59 1288.64
P B 197 296.59 0.67 1288.64 3.40 1.73 2.20 -91.2 0.0 -3.0 Basalt 46 44 46 17 Dam
P B 197 296.41 2.07 1288.64 2.92 1.27 1.51 -102.5 2.0 0.0 Basalt 58 56 56 17 Dam
A 198 296.32 1291.73
P B 198 296.32 0.75 1291.73 3.40 1.89 2.14 -95.8 0.0 -0.9 Basalt 46 44 46 17 Dam
P B 198 296.57 2.19 1291.73 2.42 1.19 1.66 -94.8 -4.6 0.0 Basalt 52 50 54 17 Dam
A 199 296.05 1294.82
P B 199 296.05 0.74 1294.82 3.40 1.88 2.20 -95.7 0.0 -1.4 Basalt 66 62 60 17 Dam
P B 199 295.89 2.05 1294.82 2.56 0.95 1.65 -94.1 -0.5 0.0 Basalt 66 62 60 17 Dam
A 200 295.77 1297.91
P B 200 295.77 0.75 1297.91 3.40 1.90 2.07 -92.5 0.0 -1.1 Basalt 46 44 46 17 Dam
P B 200 296.09 2.17 1297.91 2.77 1.14 1.51 -98.2 2.6 0.0 Basalt 58 56 56 17 Dam
A 201 295.50 1301.00
P B 201 295.50 0.86 1301.00 3.40 2.11 2.22 -93.4 0.0 -2.8 Basalt 52 50 54 17 Dam
P B 201 295.90 2.36 1301.00 2.51 1.08 1.64 -86.6 4.1 0.0 Basalt 58 56 56 17 Dam
A 202 295.23 1304.09
P B 202 295.23 0.75 1304.09 3.40 1.90 2.11 -91.2 0.0 1.3 Basalt 58 56 56 17 Dam
P B 202 295.71 2.18 1304.09 2.37 1.17 1.67 -99.3 2.0 0.0 Basalt 52 50 54 17 Dam
A 203 294.95 1307.18
P B 203 294.95 0.83 1307.18 3.40 2.05 2.27 -92.7 0.0 1.0 Basalt 66 62 60 17 Dam
A 204 294.68 1310.27
P B 204 294.68 0.67 1310.27 3.40 1.75 1.97 -92.3 0.0 1.6 Basalt 66 62 60 17 Dam
A 205 294.41 1313.36
P B 205 294.41 0.89 1313.36 3.40 2.17 2.11 -93.5 0.0 -3.0 Basalt 58 56 56 17 Dam
P B 205 294.70 2.42 1313.36 2.74 1.10 1.48 -86.8 4.1 0.0 Basalt 38 36 40 17 Dam
A 206 294.14 1316.45
P B 206 294.14 0.66 1316.45 3.40 1.73 2.01 -95.5 0.0 -0.4 Basalt 38 36 40 17 Dam
A 207 293.86 1319.55
P B 207 293.86 0.87 1319.55 3.40 2.14 1.91 -94.5 0.0 -2.3 Basalt 46 44 46 17 Dam
P B 207 294.08 2.38 1319.55 2.27 1.08 1.59 -90.4 -2.4 0.0 Basalt 38 36 40 17 Dam
A 208 293.59 1322.64
P B 208 293.59 0.65 1322.64 3.40 1.70 2.27 -97.2 0.0 1.5 Basalt 66 62 60 17 Dam
A 209 293.32 1325.73
P B 209 293.32 0.80 1325.73 3.40 2.00 1.99 -91.2 0.0 0.9 Basalt 52 50 54 17 Dam
P B 209 292.86 2.39 1325.73 2.50 1.39 1.45 -97.6 3.4 0.0 Basalt 46 44 46 17 Dam
A 210 293.05 1328.82
P B 210 293.05 0.83 1328.82 3.40 2.07 2.22 -94.8 0.0 1.1 Basalt 38 36 40 17 Dam
P B 210 293.44 2.32 1328.82 2.44 1.11 1.44 -104.9 3.8 0.0 Basalt 58 56 56 17 Dam
A 211 292.77 1331.91
P B 211 292.77 0.86 1331.91 3.40 2.13 2.09 -94.8 0.0 2.3 Basalt 38 36 40 17 Dam
A 212 292.50 1335.00
P B 212 292.50 0.71 1335.00 3.40 1.82 2.05 -91.7 0.0 1.0 Basalt 46 44 46 17 Dam
A 213 292.23 1338.09
P B 213 292.23 0.66 1338.09 3.40 1.72 2.22 -97.5 0.0 -2.9 Basalt 52 50 54 17 Dam
P B 213 292.34 2.12 1338.09 2.27 1.39 1.53 -90.9 0.6 0.0 Basalt 58 56 56 17 Dam
A 214 291.95 1341.18
P B 214 291.95 0.84 1341.18 3.40 2.08 1.90 -98.1 0.0 -0.3 Basalt 46 44 46 17 Dam
P B 214 291.54 2.23 1341.18 2.74 0.91 1.64 -97.1 4.1 0.0 Basalt 58 56 56 17 Dam
A 215 291.68 1344.27
P B 215 291.68 0.74 1344.27 3.40 1.87 2.17 -92.1 0.0 1.7 Basalt 52 50 54 17 Dam
P B 215 291.56 2.06 1344.27 2.95 0.98 1.43 -92.6 -0.4 0.0 Basalt 52 50 54 17 Dam
A 216 291.41 1347.36
P B 216 291.41 0.72 1347.36 3.40 1.85 2.06 -98.4 0.0 1.9 Basalt 46 44 46 17 Dam
A 217 291.14 1350.45
P B 217 291.14 0.69 1350.45 3.40 1.77 2.29 -97.4 0.0 -1.7 Basalt 38 36 40 17 Dam
P B 217 290.82 2.13 1350.45 2.92 1.31 1.60 -104.0 2.2 0.0 Basalt 66 62 60 17 Dam
A 218 290.86 1353.55
P B 218 290.86 0.81 1353.55 3.40 2.02 2.24 -94.9 0.0 0.7 Basalt 38 36 40 17 Dam
A 219 290.59 1356.64
P B 219 290.59 0.84 1356.64 3.40 2.08 2.02 -93.0 0.0 2.7 Basalt 52 50 54 17 Dam
P B 219 290.26 2.41 1356.64 2.16 1.25 1.54 -102.1 -0.7 0.0 Basalt 38 36 40 17 Dam
A 220 290.32 1359.73
P B 220 290.32 0.72 1359.73 3.40 1.83 1.98 -99.0 0.0 -2.5 Basalt 38 36 40 17 Dam
P B 220 290.10 2.18 1359.73 2.55 1.30 1.58 -104.4 2.0 0.0 Basalt 66 62 60 17 Dam
A 221 290.05 1362.82
P B 221 290.05 0.88 1362.82 3.40 2.16 1.92 -92.8 0.0 -1.6 Basalt 46 44 46 17 Dam
P B 221 290.21 2.36 1362.82 2.07 1.00 1.63 -101.8 -4.1 0.0 Basalt 38 36 40 17 Dam
A 222 289.77 1365.91
P B 222 289.77 0.78 1365.91 3.40 1.95 1.96 -92.8 0.0 2.9 Basalt 52 50 54 17 Dam
A 223 289.50 1369.00
P B 223 289.50 0.74 1369.00 3.40 1.88 2.06 -92.0 0.0 1.2 Basalt 46 44 46 17 Dam
A 224 289.23 1372.09
P B 224 289.23 0.72 1372.09 3.40 1.84 2.06 -91.2 0.0 2.8 Basalt 66 62 60 17 Dam
P B 224 289.63 2.18 1372.09 2.42 1.28 1.45 -100.0 1.8 0.0 Basalt 52 50 54 17 Dam
A 225 288.95 1375.18
P B 225 288.95 0.81 1375.18 3.40 2.01 2.09 -95.1 0.0 0.3 Basalt 46 44 46 17 Dam
P B 225 289.07 2.26 1375.18 2.86 1.09 1.59 -103.7 1.6 0.0 Basalt 66 62 60 17 Dam
A 226 288.68 1378.27
P B 226 288.68 0.70 1378.27 3.40 1.80 2.07 -95.5 0.0 1.6 Basalt 46 44 46 17 Dam
P B 226 289.09 1.95 1378.27 2.79 0.91 1.42 -100.7 0.3 0.0 Basalt 38 36 40 17 Dam
A 227 288.41 1381.36
P B 227 288.41 0.90 1381.36 3.40 2.20 2.21 -97.1 0.0 0.5 Basalt 52 50 54 17 Dam
P B 227 288.12 2.43 1381.36 2.29 1.07 1.50 -97.7 2.1 0.0 Basalt 38 36 40 17 Dam
A 228 288.14 1384.45
P B 228 288.14 0.71 1384.45 3.40 1.81 2.30 -98.6 0.0 -1.6 Basalt 52 50 54 17 Dam
P B 228 288.51 2.15 1384.45 2.90 1.27 1.69 -102.1 2.4 0.0 Basalt 46 44 46 17 Dam
A 229 287.86 1387.55
P B 229 287.86 0.68 1387.55 3.40 1.77 2.21 -96.2 0.0 -2.8 Basalt 66 62 60 17 Dam
P B 229 287.86 2.15 1387.55 2.54 1.37 1.43 -91.0 -1.4 0.0 Basalt 46 44 46 17 Dam
A 230 287.59 1390.64
P B 230 287.59 0.82 1390.64 3.40 2.04 1.92 -98.4 0.0 -2.9 Basalt 46 44 46 17 Dam
P B 230 287.52 2.33 1390.64 3.06 1.18 1.48 -91.8 -3.6 0.0 Basalt 58 56 56 17 Dam
A 231 287.32 1393.73
P B 231 287.32 0.83 1393.73 3.40 2.06 1.99 -93.3 0.0 -1.2 Basalt 38 36 40 17 Dam
P B 231 287.53 2.36 1393.73 2.45 1.19 1.57 -85.2 -2.1 0.0 Basalt 52 50 54 17 Dam
A 232 287.05 1396.82
P B 232 287.05 0.66 1396.82 3.40 1.73 1.99 -95.5 0.0 -2.8 Basalt 66 62 60 17 Dam
P B 232 286.82 1.95 1396.82 2.15 1.04 1.56 -96.9 2.1 0.0 Basalt 58 56 56 17 Dam
A 233 286.77 1399.91
P B 233 286.77 0.66 1399.91 3.40 1.72 2.03 -96.9 0.0 -1.1 Basalt 52 50 54 17 Dam
A 234 286.50 1403.00
P B 234 286.50 0.80 1403.00 3.40 1.99 2.17 -92.3 0.0 -0.7 Basalt 38 36 40 17 Dam
A 235 286.23 1406.09
P B 235 286.23 0.70 1406.09 3.40 1.80 2.08 -92.6 0.0 -1.2 Basalt 66 62 60 17 Dam
P B 235 286.35 2.18 1406.09 2.41 1.36 1.59 -98.9 -4.9 0.0 Basalt 58 56 56 17 Dam
A 236 285.95 1409.18
P B 236 285.95 0.66 1409.18 3.40 1.72 1.92 -95.0 0.0 -1.1 Basalt 66 62 60 17 Dam
A 237 285.68 1412.27
P B 237 285.68 0.81 1412.27 3.40 2.02 2.21 -98.5 0.0 -0.9 Basalt 46 44 46 17 Dam
P B 237 285.97 2.27 1412.27 2.93 1.09 1.53 -91.9 2.6 0.0 Basalt 52 50 54 17 Dam
A 238 285.41 1415.36
P B 238 285.41 0.70 1415.36 3.40 1.80 1.99 -98.5 0.0 -0.5 Basalt 66 62 60 17 Dam
A 239 285.14 1418.45
P B 239 285.14 0.85 1418.45 3.40 2.11 2.05 -97.3 0.0 2.0 Basalt 58 56 56 17 Dam
P B 239 285.05 2.36 1418.45 2.84 1.11 1.57 -101.7 4.8 0.0 Basalt 46 44 46 17 Dam
A 240 301.57 1249.90
P B 240 301.57 0.67 1249.90 3.44 1.74 2.08 5.8 0.0 0.5 Basalt 46 44 46 17 Dam
P B 240 301.93 2.13 1249.90 3.00 1.38 1.53 9.1 -2.7 0.0 Basalt 38 36 40 17 Dam
A 241 304.71 1249.71
P B 241 304.71 0.67 1249.71 3.44 1.73 2.29 1.1 0.0 -0.0 Basalt 66 62 60 17 Dam
P B 241 304.79 2.02 1249.71 2.30 1.18 1.50 10.1 -4.2 0.0 Basalt 46 44 46 17 Dam
A 242 307.84 1249.51
P B 242 307.84 0.79 1249.51 3.44 1.99 2.02 -0.1 0.0 2.4 Basalt 38 36 40 17 Dam
A 243 310.98 1249.31
P B 243 310.98 0.75 1249.31 3.44 1.90 2.21 3.7 0.0 -0.4 Basalt 52 50 54 17 Dam
A 244 314.12 1249.12
P B 244 314.12 0.88 1249.12 3.44 2.16 2.15 6.4 0.0 -3.0 Basalt 52 50 54 17 Dam
A 245 317.25 1248.92
P B 245 317.25 0.75 1248.92 3.44 1.90 2.04 -0.4 0.0 0.2 Basalt 46 44 46 17 Dam
P B 245 317.48 2.27 1248.92 2.76 1.36 1.60 -2.3 4.2 0.0 Basalt 46 44 46 17 Dam
A 246 320.39 1248.73
P B 246 320.39 0.74 1248.73 3.44 1.89 2.08 1.1 0.0 1.9 Basalt 52 50 54 17 Dam
P B 246 320.39 2.13 1248.73 2.80 1.08 1.67 -6.2 4.7 0.0 Basalt 38 36 40 17 Dam
A 247 323.53 1248.53
P B 247 323.53 0.71 1248.53 3.44 1.82 2.29 4.5 0.0 2.0 Basalt 66 62 60 17 Dam
P B 247 323.63 2.11 1248.53 2.18 1.17 1.44 -5.4 3.9 0.0 Basalt 66 62 60 17 Dam
A 248 326.67 1248.33
P B 248 326.67 0.84 1248.33 3.44 2.09 1.93 4.8 0.0 2.7 Basalt 58 56 56 17 Dam
P B 248 327.10 2.35 1248.33 2.62 1.12 1.57 2.4 -1.0 0.0 Basalt 46 44 46 17 Dam
A 249 329.80 1248.14
P B 249 329.80 0.88 1248.14 3.44 2.16 2.19 6.6 0.0 1.6 Basalt 46 44 46 17 Dam
P B 249 329.45 2.50 1248.14 2.91 1.29 1.68 2.3 1.1 0.0 Basalt 58 56 56 17 Dam
A 250 332.94 1247.94
P B 250 332.94 0.65 1247.94 3.44 1.70 2.30 2.8 0.0 -1.0 Basalt 46 44 46 17 Dam
P B 250 332.61 2.02 1247.94 2.58 1.23 1.53 0.2 -4.0 0.0 Basalt 38 36 40 17 Dam
A 251 336.08 1247.75
P B 251 336.08 0.82 1247.75 3.44 2.04 2.29 0.1 0.0 1.6 Basalt 46 44 46 17 Dam
P B 251 336.19 2.41 1247.75 2.84 1.34 1.50 8.8 2.5 0.0 Basalt 38 36 40 17 Dam
A 252 339.22 1247.55
P B 252 339.22 0.80 1247.55 3.44 2.01 1.93 3.7 0.0 -0.4 Basalt 46 44 46 17 Dam
P B 252 339.67 2.40 1247.55 2.37 1.39 1.64 3.8 0.2 0.0 Basalt 52 50 54 17 Dam
A 253 342.35 1247.35
P B 253 342.35 0.89 1247.35 3.44 2.17 1.98 4.0 0.0 0.9 Basalt 52 50 54 17 Dam
P B 253 342.83 2.42 1247.35 3.02 1.09 1.48 12.4 -0.5 0.0 Basalt 58 56 56 17 Dam
A 254 345.49 1247.16
P B 254 345.49 0.88 1247.16 3.44 2.15 2.03 7.4 0.0 2.9 Basalt 58 56 56 17 Dam
A 255 348.63 1246.96
P B 255 348.63 0.80 1246.96 3.44 2.00 2.28 2.6 0.0 0.6 Basalt 38 36 40 17 Dam
P B 255 348.47 2.36 1246.96 2.44 1.32 1.65 0.6 -1.9 0.0 Basalt 46 44 46 17 Dam
A 256 351.76 1246.76
P B 256 351.76 0.84 1246.76 3.44 2.08 1.91 2.0 0.0 0.6 Basalt 52 50 54 17 Dam
P B 256 352.02 2.38 1246.76 2.13 1.20 1.42 1.7 -2.7 0.0 Basalt 58 56 56 17 Dam
A 257 354.90 1246.57
P B 257 354.90 0.85 1246.57 3.44 2.11 2.08 7.0 0.0 0.7 Basalt 52 50 54 17 Dam
A 258 358.04 1246.37
P B 258 358.04 0.90 1246.37 3.44 2.19 1.97 3.7 0.0 0.1 Basalt 46 44 46 17 Dam
P B 258 358.09 2.58 1246.37 2.66 1.36 1.61 9.8 -0.7 0.0 Basalt 46 44 46 17 Dam
A 259 361.18 1246.18
P B 259 361.18 0.70 1246.18 3.44 1.79 2.29 1.9 0.0 2.7 Basalt 38 36 40 17 Dam
P B 259 361.35 1.94 1246.18 3.00 0.90 1.60 6.8 -1.8 0.0 Basalt 66 62 60 17 Dam
A 260 364.31 1245.98
P B 260 364.31 0.65 1245.98 3.44 1.71 2.03 6.0 0.0 1.9 Basalt 46 44 46 17 Dam
P B 260 364.11 1.93 1245.98 2.86 1.04 1.50 12.9 -1.4 0.0 Basalt 66 62 60 17 Dam
A 261 367.45 1245.78
P B 261 367.45 0.84 1245.78 3.44 2.08 2.18 6.0 0.0 -0.9 Basalt 58 56 56 17 Dam
P B 261 367.39 2.40 1245.78 2.20 1.24 1.56 7.5 0.2 0.0 Basalt 46 44 46 17 Dam
A 262 370.59 1245.59
P B 262 370.59 0.86 1245.59 3.44 2.12 2.24 3.3 0.0 -0.9 Basalt 38 36 40 17 Dam
P B 262 370.45 2.45 1245.59 2.57 1.25 1.48 8.6 -3.1 0.0 Basalt 52 50 54 17 Dam
A 263 373.73 1245.39
P B 263 373.73 0.74 1245.39 3.44 1.88 2.28 1.4 0.0 -1.9 Basalt 52 50 54 17 Dam
P B 263 373.24 2.05 1245.39 3.07 0.93 1.51 2.4 -0.7 0.0 Basalt 38 36 40 17 Dam
A 264 386.27 1244.61
P B 264 386.27 0.70 1244.61 3.44 1.81 2.09 6.5 0.0 -0.6 Basalt 58 56 56 17 Dam
P B 264 386.65 2.17 1244.61 2.16 1.34 1.55 3.6 -0.7 0.0 Basalt 58 56 56 17 Dam
A 265 389.41 1244.41
P B 265 389.41 0.72 1244.41 3.44 1.84 2.29 0.4 0.0 -0.3 Basalt 46 44 46 17 Dam
P B 265 389.33 1.99 1244.41 2.42 0.90 1.46 1.1 1.0 0.0 Basalt 66 62 60 17 Dam
A 266 392.55 1244.22
P B 266 392.55 0.76 1244.22 3.44 1.91 2.00 6.2 0.0 -2.6 Basalt 58 56 56 17 Dam
P B 266 392.09 2.20 1244.22 2.34 1.17 1.56 9.3 3.8 0.0 Basalt 58 56 56 17 Dam
A 267 395.69 1244.02
P B 267 395.69 0.67 1244.02 3.44 1.73 2.21 -0.3 0.0 -2.0 Basalt 38 36 40 17 Dam
P B 267 396.15 2.09 1244.02 2.65 1.31 1.56 4.9 -2.3 0.0 Basalt 66 62 60 17 Dam
A 268 398.82 1243.82
P B 268 398.82 0.87 1243.82 3.44 2.13 2.26 2.1 0.0 -2.6 Basalt 46 44 46 17 Dam
A 269 401.96 1243.63
P B 269 401.96 0.76 1243.63 3.44 1.93 2.29 4.5 0.0 -1.1 Basalt 52 50 54 17 Dam
P B 269 402.08 2.24 1243.63 2.56 1.23 1.69 4.0 3.4 0.0 Basalt 38 36 40 17 Dam
A 270 405.10 1243.43
P B 270 405.10 0.84 1243.43 3.44 2.08 2.18 -0.1 0.0 1.9 Basalt 38 36 40 17 Dam
P B 270 404.65 2.37 1243.43 3.08 1.18 1.50 -2.0 4.9 0.0 Basalt 66 62 60 17 Dam
A 271 408.24 1243.24
P B 271 408.24 0.77 1243.24 3.44 1.95 2.14 1.7 0.0 1.6 Basalt 52 50 54 17 Dam
P B 271 407.75 2.15 1243.24 2.58 1.00 1.47 -0.4 -4.2 0.0 Basalt 46 44 46 17 Dam
A 272 411.37 1243.04
P B 272 411.37 0.84 1243.04 3.44 2.09 2.05 0.8 0.0 1.2 Basalt 46 44 46 17 Dam
A 273 414.51 1242.84
P B 273 414.51 0.79 1242.84 3.44 1.97 2.02 7.5 0.0 2.2 Basalt 58 56 56 17 Dam
P B 273 414.86 2.18 1242.84 3.05 1.02 1.58 0.5 2.9 0.0 Basalt 38 36 40 17 Dam
A 274 417.65 1242.65
P B 274 417.65 0.79 1242.65 3.44 1.98 2.10 5.2 0.0 -0.5 Basalt 38 36 40 17 Dam
A 275 420.78 1242.45
P B 275 420.78 0.83 1242.45 3.44 2.07 2.27 1.6 0.0 -2.6 Basalt 66 62 60 17 Dam
P B 275 421.28 2.47 1242.45 2.67 1.40 1.46 0.6 -1.0 0.0 Basalt 58 56 56 17 Dam
A 276 423.92 1242.25
P B 276 423.92 0.70 1242.25 3.44 1.80 1.93 -0.2 0.0 0.3 Basalt 46 44 46 17 Dam
P B 276 424.07 2.01 1242.25 2.59 1.02 1.53 -6.1 -2.0 0.0 Basalt 52 50 54 17 Dam
A 277 427.06 1242.06
P B 277 427.06 0.75 1242.06 3.44 1.90 2.22 1.3 0.0 2.7 Basalt 52 50 54 17 Dam
P B 277 426.82 2.26 1242.06 2.22 1.33 1.65 -5.5 -4.6 0.0 Basalt 46 44 46 17 Dam
A 278 430.20 1241.86
P B 278 430.20 0.82 1241.86 3.44 2.03 1.92 1.7 0.0 1.5 Basalt 38 36 40 17 Dam
P B 278 429.99 2.29 1241.86 2.13 1.11 1.44 1.8 1.4 0.0 Basalt 52 50 54 17 Dam
A 279 433.33 1241.67
P B 279 433.33 0.70 1241.67 3.44 1.80 2.22 1.7 0.0 -1.1 Basalt 66 62 60 17 Dam
P B 279 432.88 2.12 1241.67 2.60 1.25 1.59 4.3 3.4 0.0 Basalt 58 56 56 17 Dam
A 280 436.47 1241.47
P B 280 436.47 0.71 1241.47 3.44 1.83 2.17 1.5 0.0 0.5 Basalt 58 56 56 17 Dam
P B 280 436.08 2.22 1241.47 2.41 1.37 1.45 10.0 -3.1 0.0 Basalt 46 44 46 17 Dam
A 281 439.61 1241.27
P B 281 439.61 0.65 1241.27 3.44 1.70 2.05 3.9 0.0 -2.4 Basalt 58 56 56 17 Dam
P B 281 440.02 1.98 1241.27 2.30 1.16 1.43 2.5 1.1 0.0 Basalt 66 62 60 17 Dam
A 282 442.75 1241.08
P B 282 442.75 0.89 1241.08 3.44 2.17 2.08 5.8 0.0 1.7 Basalt 52 50 54 17 Dam
P B 282 442.42 2.44 1241.08 3.03 1.14 1.57 -0.9 3.6 0.0 Basalt 58 56 56 17 Dam
A 283 445.88 1240.88
P B 283 445.88 0.68 1240.88 3.44 1.76 2.21 0.7 0.0 -2.6 Basalt 58 56 56 17 Dam
P B 283 445.92 2.06 1240.88 3.08 1.20 1.44 -0.2 -1.5 0.0 Basalt 58 56 56 17 Dam
A 284 449.02 1240.69
P B 284 449.02 0.67 1240.69 3.44 1.74 2.19 5.5 0.0 1.5 Basalt 46 44 46 17 Dam
A 285 452.16 1240.49
P B 285 452.16 0.66 1240.49 3.44 1.72 2.24 1.5 0.0 -1.1 Basalt 52 50 54 17 Dam
P B 285 451.89 2.02 1240.49 3.04 1.19 1.54 -2.3 -0.4 0.0 Basalt 58 56 56 17 Dam
A 286 455.29 1240.29
P B 286 455.29 0.66 1240.29 3.44 1.72 2.25 4.9 0.0 0.1 Basalt 38 36 40 17 Dam
P B 286 454.89 2.03 1240.29 2.27 1.23 1.41 -2.5 0.3 0.0 Basalt 66 62 60 17 Dam
A 287 458.43 1240.10
P B 287 458.43 0.66 1240.10 3.44 1.71 2.00 4.4 0.0 -0.7 Basalt 58 56 56 17 Dam
P B 287 458.02 1.92 1240.10 2.38 1.02 1.44 2.3 -2.0 0.0 Basalt 52 50 54 17 Dam
A 288 461.56 1240.21
P B 288 461.56 0.70 1240.21 3.45 1.79 2.08 -10.7 0.0 2.5 Basalt 52 50 54 17 Dam
P B 288 461.73 2.14 1240.21 2.10 1.29 1.43 -2.2 -2.3 0.0 Basalt 52 50 54 17 Dam
A 289 464.69 1240.62
P B 289 464.69 0.84 1240.62 3.45 2.08 2.12 -11.5 0.0 2.9 Basalt 46 44 46 17 Dam
A 290 467.81 1241.04
P B 290 467.81 0.75 1241.04 3.45 1.90 2.18 -6.1 0.0 -1.7 Basalt 66 62 60 17 Dam
A 291 470.94 1241.46
P B 291 470.94 0.85 1241.46 3.45 2.09 1.92 -9.5 0.0 -0.2 Basalt 46 44 46 17 Dam
P B 291 470.75 2.30 1241.46 2.70 1.01 1.66 -12.1 0.9 0.0 Basalt 58 56 56 17 Dam
A 292 474.06 1241.88
P B 292 474.06 0.77 1241.88 3.45 1.94 1.98 -3.9 0.0 -1.5 Basalt 46 44 46 17 Dam
P B 292 473.93 2.21 1241.88 2.36 1.14 1.59 -7.5 1.2 0.0 Basalt 52 50 54 17 Dam
A 293 477.19 1242.29
P B 293 477.19 0.79 1242.29 3.45 1.98 1.92 -4.6 0.0 0.1 Basalt 58 56 56 17 Dam
A 294 480.31 1242.71
P B 294 480.31 0.84 1242.71 3.45 2.09 2.24 -3.7 0.0 0.4 Basalt 46 44 46 17 Dam
P B 294 480.68 2.32 1242.71 2.84 1.08 1.67 -14.6 2.6 0.0 Basalt 58 56 56 17 Dam
A 295 483.44 1243.12
P B 295 483.44 0.80 1243.12 3.45 2.00 2.17 -10.8 0.0 1.8 Basalt 52 50 54 17 Dam
A 296 486.56 1243.54
P B 296 486.56 0.86 1243.54 3.45 2.12 2.28 -7.4 0.0 -2.4 Basalt 46 44 46 17 Dam
P B 296 486.29 2.49 1243.54 2.35 1.36 1.49 -9.7 1.4 0.0 Basalt 58 56 56 17 Dam
A 297 489.69 1243.96
P B 297 489.69 0.69 1243.96 3.45 1.78 2.27 -5.3 0.0 2.2 Basalt 46 44 46 17 Dam
P B 297 490.09 2.09 1243.96 2.41 1.21 1.67 -5.5 -1.3 0.0 Basalt 38 36 40 17 Dam
A 298 492.81 1244.38
P B 298 492.81 0.67 1244.38 3.45 1.74 2.15 -11.1 0.0 -0.4 Basalt 38 36 40 17 Dam
P B 298 493.15 2.10 1244.38 2.43 1.33 1.51 -6.6 -2.1 0.0 Basalt 38 36 40 17 Dam
A 299 495.94 1244.79
P B 299 495.94 0.81 1244.79 3.45 2.01 1.96 -9.6 0.0 2.8 Basalt 46 44 46 17 Dam
P B 299 496.43 2.36 1244.79 2.18 1.30 1.52 -0.4 3.6 0.0 Basalt 52 50 54 17 Dam
A 300 499.06 1245.21
P B 300 499.06 0.79 1245.21 3.45 1.99 1.90 -10.2 0.0 -1.8 Basalt 38 36 40 17 Dam
A 301 502.19 1245.62
P B 301 502.19 0.66 1245.62 3.45 1.71 2.19 -4.8 0.0 -0.6 Basalt 58 56 56 17 Dam
A 302 505.31 1246.04
P B 302 505.31 0.81 1246.04 3.45 2.03 1.92 -9.7 0.0 -1.6 Basalt 52 50 54 17 Dam
P B 302 505.47 2.41 1246.04 2.53 1.36 1.50 -4.7 2.4 0.0 Basalt 66 62 60 17 Dam
A 303 508.44 1246.46
P B 303 508.44 0.83 1246.46 3.45 2.05 1.97 -6.1 0.0 1.0 Basalt 58 56 56 17 Dam
P B 303 508.52 2.45 1246.46 2.50 1.39 1.43 -5.0 3.3 0.0 Basalt 46 44 46 17 Dam
A 304 511.56 1246.88
P B 304 511.56 0.86 1246.88 3.45 2.11 2.00 -4.4 0.0 -1.1 Basalt 66 62 60 17 Dam
P B 304 511.90 2.50 1246.88 2.48 1.38 1.47 -4.2 2.5 0.0 Basalt 58 56 56 17 Dam
A 305 514.69 1247.29
P B 305 514.69 0.86 1247.29 3.45 2.12 2.05 -10.2 0.0 1.3 Basalt 52 50 54 17 Dam
P B 305 514.80 2.30 1247.29 2.65 0.97 1.59 -16.7 3.2 0.0 Basalt 58 56 56 17 Dam
A 306 517.81 1247.71
P B 306 517.81 0.89 1247.71 3.45 2.18 2.19 -8.8 0.0 -0.6 Basalt 38 36 40 17 Dam
A 307 520.94 1248.12
P B 307 520.94 0.69 1248.12 3.45 1.78 2.06 -4.5 0.0 0.0 Basalt 38 36 40 17 Dam
A 308 524.06 1248.54
P B 308 524.06 0.88 1248.54 3.45 2.16 2.10 -9.2 0.0 2.8 Basalt 66 62 60 17 Dam
P B 308 524.36 2.44 1248.54 2.66 1.17 1.52 1.4 -3.8 0.0 Basalt 52 50 54 17 Dam
A 309 527.19 1248.96
P B 309 527.19 0.77 1248.96 3.45 1.95 2.21 -4.9 0.0 2.3 Basalt 38 36 40 17 Dam
P B 309 527.20 2.17 1248.96 3.10 1.04 1.57 0.1 4.6 0.0 Basalt 38 36 40 17 Dam
A 310 542.81 1251.04
P B 310 542.81 0.72 1251.04 3.45 1.85 2.08 -11.1 0.0 -1.9 Basalt 58 56 56 17 Dam
A 311 545.94 1251.46
P B 311 545.94 0.66 1251.46 3.45 1.71 1.99 -6.7 0.0 -2.3 Basalt 46 44 46 17 Dam
P B 311 545.74 2.00 1251.46 2.55 1.17 1.44 -9.9 0.9 0.0 Basalt 38 36 40 17 Dam
A 312 549.06 1251.88
P B 312 549.06 0.68 1251.88 3.45 1.77 2.06 -7.6 0.0 -0.0 Basalt 52 50 54 17 Dam
P B 312 548.92 1.94 1251.88 2.73 0.95 1.44 -14.8 -0.5 0.0 Basalt 38 36 40 17 Dam
A 313 552.19 1252.29
P B 313 552.19 0.78 1252.29 3.45 1.96 2.22 -9.1 0.0 1.4 Basalt 58 56 56 17 Dam
A 314 555.31 1252.71
P B 314 555.31 0.66 1252.71 3.45 1.72 2.09 -8.0 0.0 2.4 Basalt 46 44 46 17 Dam
A 315 558.44 1253.12
P B 315 558.44 0.76 1253.12 3.45 1.92 1.96 -8.9 0.0 -0.4 Basalt 58 56 56 17 Dam
A 316 561.56 1253.54
P B 316 561.56 0.76 1253.54 3.45 1.92 2.24 -7.5 0.0 -1.9 Basalt 52 50 54 17 Dam
A 317 564.69 1253.96
P B 317 564.69 0.66 1253.96 3.45 1.72 2.16 -6.3 0.0 -2.7 Basalt 38 36 40 17 Dam
P B 317 564.49 1.93 1253.96 2.29 1.02 1.46 -8.8 2.3 0.0 Basalt 38 36 40 17 Dam
A 318 567.81 1254.38
P B 318 567.81 0.67 1254.38 3.45 1.74 2.21 -5.5 0.0 -0.9 Basalt 66 62 60 17 Dam
A 319 570.94 1254.79
P B 319 570.94 0.72 1254.79 3.45 1.83 1.99 -9.2 0.0 -0.1 Basalt 38 36 40 17 Dam
P B 319 570.76 2.07 1254.79 2.50 1.09 1.68 -15.6 2.6 0.0 Basalt 58 56 56 17 Dam
A 320 574.06 1255.21
P B 320 574.06 0.65 1255.21 3.45 1.70 1.93 -9.4 0.0 1.1 Basalt 52 50 54 17 Dam
P B 320 574.06 1.99 1255.21 2.65 1.18 1.69 -8.1 3.3 0.0 Basalt 46 44 46 17 Dam
A 321 577.19 1255.62
P B 321 577.19 0.80 1255.62 3.45 2.00 2.10 -6.3 0.0 -1.6 Basalt 46 44 46 17 Dam
P B 321 577.56 2.21 1255.62 2.64 1.03 1.54 1.0 -2.5 0.0 Basalt 46 44 46 17 Dam
A 322 580.31 1256.04
P B 322 580.31 0.77 1256.04 3.45 1.93 2.01 -7.7 0.0 2.4 Basalt 66 62 60 17 Dam
P B 322 580.53 2.20 1256.04 2.88 1.15 1.53 -1.2 -1.1 0.0 Basalt 58 56 56 17 Dam
A 323 583.44 1256.46
P B 323 583.44 0.73 1256.46 3.45 1.85 1.98 -5.2 0.0 2.3 Basalt 46 44 46 17 Dam
P B 323 583.77 2.06 1256.46 3.03 1.02 1.51 -7.7 -3.9 0.0 Basalt 66 62 60 17 Dam
A 324 586.56 1256.88
P B 324 586.56 0.84 1256.88 3.45 2.08 2.27 -7.9 0.0 0.3 Basalt 58 56 56 17 Dam
P B 324 586.43 2.25 1256.88 2.83 0.95 1.53 -13.1 3.3 0.0 Basalt 52 50 54 17 Dam
A 325 589.69 1257.29
P B 325 589.69 0.86 1257.29 3.45 2.12 1.93 -4.2 0.0 2.4 Basalt 58 56 56 17 Dam
P B 325 589.94 2.42 1257.29 2.84 1.21 1.61 -10.8 -1.2 0.0 Basalt 46 44 46 17 Dam
A 326 592.81 1257.71
P B 326 592.81 0.84 1257.71 3.45 2.07 1.99 -7.6 0.0 2.8 Basalt 66 62 60 17 Dam
P B 326 592.78 2.32 1257.71 2.21 1.09 1.54 1.6 1.4 0.0 Basalt 38 36 40 17 Dam
A 327 595.94 1258.12
P B 327 595.94 0.87 1258.12 3.45 2.14 2.26 -6.0 0.0 -2.4 Basalt 52 50 54 17 Dam
A 328 599.06 1258.54
P B 328 599.06 0.75 1258.54 3.45 1.91 2.10 -5.3 0.0 1.6 Basalt 46 44 46 17 Dam
A 329 602.19 1258.96
P B 329 602.19 0.80 1258.96 3.45 1.99 2.23 -5.4 0.0 -0.7 Basalt 46 44 46 17 Dam
A 330 605.31 1259.38
P B 330 605.31 0.71 1259.38 3.45 1.82 2.06 -10.6 0.0 -2.3 Basalt 52 50 54 17 Dam
P B 330 605.10 2.09 1259.38 2.98 1.13 1.59 -15.8 3.1 0.0 Basalt 46 44 46 17 Dam
A 331 608.44 1259.79
P B 331 608.44 0.81 1259.79 3.45 2.02 1.96 -5.7 0.0 1.9 Basalt 46 44 46 17 Dam
P B 331 608.02 2.30 1259.79 2.27 1.16 1.64 -10.5 -2.4 0.0 Basalt 66 62 60 17 Dam
A 332 611.55 1259.70
P B 332 611.55 0.82 1259.70 3.45 2.04 1.98 9.5 0.0 2.9 Basalt 66 62 60 17 Dam
P B 332 611.51 2.34 1259.70 2.68 1.21 1.60 4.0 -1.4 0.0 Basalt 58 56 56 17 Dam
A 333 614.64 1259.11
P B 333 614.64 0.89 1259.11 3.45 2.17 2.27 12.0 0.0 -2.7 Basalt 38 36 40 17 Dam
P B 333 614.42 2.48 1259.11 2.94 1.21 1.40 13.3 -1.0 0.0 Basalt 58 56 56 17 Dam
A 334 617.74 1258.51
P B 334 617.74 0.66 1258.51 3.45 1.71 2.04 12.3 0.0 0.4 Basalt 66 62 60 17 Dam
P B 334 617.32 2.01 1258.51 2.73 1.20 1.47 3.3 2.3 0.0 Basalt 58 56 56 17 Dam
A 335 620.83 1257.92
P B 335 620.83 0.81 1257.92 3.45 2.01 1.93 14.7 0.0 -1.9 Basalt 52 50 54 17 Dam
A 336 623.93 1257.32
P B 336 623.93 0.79 1257.32 3.45 1.98 1.97 12.0 0.0 0.7 Basalt 58 56 56 17 Dam
P B 336 623.58 2.25 1257.32 2.77 1.14 1.43 6.2 -0.3 0.0 Basalt 66 62 60 17 Dam
A 337 627.02 1256.73
P B 337 627.02 0.77 1256.73 3.45 1.94 2.14 14.4 0.0 -0.2 Basalt 52 50 54 17 Dam
A 338 630.12 1256.13
P B 338 630.12 0.86 1256.13 3.45 2.12 2.14 13.2 0.0 -2.1 Basalt 46 44 46 17 Dam
P B 338 629.90 2.50 1256.13 2.45 1.36 1.64 8.5 4.8 0.0 Basalt 52 50 54 17 Dam
A 339 633.21 1255.54
P B 339 633.21 0.68 1255.54 3.45 1.76 2.07 9.6 0.0 -2.6 Basalt 52 50 54 17 Dam
P B 339 633.23 2.02 1255.54 2.99 1.12 1.65 10.2 -1.0 0.0 Basalt 66 62 60 17 Dam
A 340 636.31 1254.94
P B 340 636.31 0.72 1254.94 3.45 1.83 2.10 12.7 0.0 2.2 Basalt 38 36 40 17 Dam
P B 340 636.52 2.21 1254.94 2.36 1.35 1.49 18.2 -3.3 0.0 Basalt 66 62 60 17 Dam
A 341 639.40 1254.35
P B 341 639.40 0.82 1254.35 3.45 2.04 2.17 9.6 0.0 1.8 Basalt 58 56 56 17 Dam
P B 341 639.86 2.34 1254.35 2.81 1.20 1.70 11.9 -3.9 0.0 Basalt 46 44 46 17 Dam
A 342 642.50 1253.75
P B 342 642.50 0.81 1253.75 3.45 2.02 2.16 7.0 0.0 0.9 Basalt 38 36 40 17 Dam
P B 342 642.76 2.25 1253.75 2.54 1.08 1.50 2.0 2.3 0.0 Basalt 52 50 54 17 Dam
A 343 645.60 1253.15
P B 343 645.60 0.69 1253.15 3.45 1.79 2.18 12.9 0.0 -1.3 Basalt 66 62 60 17 Dam
P B 343 645.10 2.09 1253.15 2.87 1.20 1.53 3.1 -2.7 0.0 Basalt 52 50 54 17 Dam
A 344 648.69 1252.56
P B 344 648.69 0.84 1252.56 3.45 2.09 2.26 14.2 0.0 -1.4 Basalt 52 50 54 17 Dam
A 345 651.79 1251.96
P B 345 651.79 0.69 1251.96 3.45 1.77 2.14 8.3 0.0 -0.8 Basalt 66 62 60 17 Dam
P B 345 652.20 2.05 1251.96 2.43 1.15 1.55 6.0 4.6 0.0 Basalt 38 36 40 17 Dam
A 346 654.88 1251.37
P B 346 654.88 0.90 1251.37 3.45 2.19 2.22 12.2 0.0 -1.9 Basalt 58 56 56 17 Dam
P B 346 654.76 2.54 1251.37 2.13 1.30 1.53 6.7 0.4 0.0 Basalt 38 36 40 17 Dam
A 347 657.98 1250.77
P B 347 657.98 0.88 1250.77 3.45 2.16 2.12 13.6 0.0 1.1 Basalt 66 62 60 17 Dam
A 348 661.07 1250.18
P B 348 661.07 0.80 1250.18 3.45 2.00 2.08 7.0 0.0 -1.7 Basalt 46 44 46 17 Dam
P B 348 661.28 2.16 1250.18 2.73 0.92 1.67 8.9 -1.2 0.0 Basalt 46 44 46 17 Dam
A 349 664.17 1249.58
P B 349 664.17 0.73 1249.58 3.45 1.86 2.12 13.7 0.0 -1.8 Basalt 58 56 56 17 Dam
P B 349 663.89 2.03 1249.58 2.42 0.95 1.43 11.8 0.5 0.0 Basalt 38 36 40 17 Dam
A 350 667.26 1248.99
P B 350 667.26 0.76 1248.99 3.45 1.92 2.27 11.5 0.0 0.8 Basalt 52 50 54 17 Dam
P B 350 667.21 2.23 1248.99 2.81 1.23 1.63 10.6 -2.7 0.0 Basalt 38 36 40 17 Dam
A 351 670.36 1248.39
P B 351 670.36 0.73 1248.39 3.45 1.86 1.94 8.4 0.0 -0.8 Basalt 66 62 60 17 Dam
P B 351 669.99 2.02 1248.39 2.40 0.92 1.61 15.5 -4.9 0.0 Basalt 38 36 40 17 Dam
A 352 673.45 1247.80
P B 352 673.45 0.74 1247.80 3.45 1.88 2.26 7.2 0.0 2.9 Basalt 66 62 60 17 Dam
P B 352 673.88 2.08 1247.80 2.21 1.00 1.64 3.5 3.8 0.0 Basalt 38 36 40 17 Dam
A 353 676.55 1247.20
P B 353 676.55 0.67 1247.20 3.45 1.73 2.01 14.4 0.0 0.2 Basalt 46 44 46 17 Dam
A 354 679.64 1246.61
P B 354 679.64 0.90 1246.61 3.45 2.19 2.16 8.1 0.0 2.7 Basalt 66 62 60 17 Dam
P B 354 679.40 2.42 1246.61 2.39 1.06 1.46 16.1 -2.3 0.0 Basalt 66 62 60 17 Dam
A 355 682.74 1246.01
P B 355 682.74 0.77 1246.01 3.45 1.95 2.03 11.1 0.0 1.8 Basalt 38 36 40 17 Dam
P B 355 682.45 2.24 1246.01 2.16 1.19 1.48 2.3 1.0 0.0 Basalt 46 44 46 17 Dam
A 356 685.83 1245.42
P B 356 685.83 0.80 1245.42 3.45 2.00 2.01 14.4 0.0 -0.8 Basalt 46 44 46 17 Dam
P B 356 685.67 2.16 1245.42 2.69 0.92 1.65 17.4 3.5 0.0 Basalt 66 62 60 17 Dam
A 357 688.93 1244.82
P B 357 688.93 0.77 1244.82 3.45 1.94 2.18 11.1 0.0 -0.5 Basalt 66 62 60 17 Dam
A 358 692.02 1244.23
P B 358 692.02 0.82 1244.23 3.45 2.05 2.06 11.0 0.0 -1.3 Basalt 38 36 40 17 Dam
P B 358 691.84 2.29 1244.23 2.63 1.09 1.42 6.9 2.6 0.0 Basalt 38 36 40 17 Dam
A 359 695.12 1243.63
P B 359 695.12 0.75 1243.63 3.45 1.90 1.91 11.8 0.0 -1.6 Basalt 66 62 60 17 Dam
A 360 698.21 1243.04
P B 360 698.21 0.74 1243.04 3.45 1.89 1.91 11.6 0.0 1.4 Basalt 38 36 40 17 Dam
P B 360 698.28 2.21 1243.04 2.40 1.23 1.43 16.7 2.4 0.0 Basalt 46 44 46 17 Dam
A 361 701.31 1242.44
P B 361 701.31 0.77 1242.44 3.45 1.93 2.16 13.8 0.0 2.0 Basalt 58 56 56 17 Dam
P B 361 701.00 2.11 1242.44 2.23 0.95 1.68 8.4 2.2 0.0 Basalt 46 44 46 17 Dam
A 362 704.40 1241.85
P B 362 704.40 0.67 1241.85 3.45 1.75 1.91 11.1 0.0 0.1 Basalt 58 56 56 17 Dam
P B 362 704.38 1.98 1241.85 2.53 1.07 1.43 11.3 4.2 0.0 Basalt 58 56 56 17 Dam
A 363 707.50 1241.25
P B 363 707.50 0.66 1241.25 3.45 1.72 1.92 14.1 0.0 2.0 Basalt 58 56 56 17 Dam
A 364 710.60 1240.65
P B 364 710.60 0.68 1240.65 3.45 1.75 1.96 11.6 0.0 -0.3 Basalt 38 36 40 17 Dam
P B 364 710.88 1.90 1240.65 2.67 0.90 1.55 4.0 1.8 0.0 Basalt 38 36 40 17 Dam
A 365 713.69 1240.06
P B 365 713.69 0.83 1240.06 3.45 2.07 2.18 13.0 0.0 2.9 Basalt 52 50 54 17 Dam
P B 365 714.16 2.45 1240.06 2.88 1.36 1.43 1.2 -4.7 0.0 Basalt 46 44 46 17 Dam
A 366 716.79 1239.46
P B 366 716.79 0.82 1239.46 3.45 2.04 2.19 14.7 0.0 1.1 Basalt 38 36 40 17 Dam
P B 366 716.66 2.32 1239.46 2.95 1.15 1.67 8.2 -4.0 0.0 Basalt 58 56 56 17 Dam
A 367 719.88 1238.87
P B 367 719.88 0.82 1238.87 3.45 2.04 2.05 12.7 0.0 0.7 Basalt 58 56 56 17 Dam
P B 367 719.54 2.29 1238.87 2.43 1.10 1.64 4.1 -3.1 0.0 Basalt 66 62 60 17 Dam
A 368 722.98 1238.27
P B 368 722.98 0.74 1238.27 3.45 1.89 2.00 8.6 0.0 0.2 Basalt 46 44 46 17 Dam
P B 368 722.87 2.10 1238.27 2.42 1.04 1.70 9.0 -4.0 0.0 Basalt 58 56 56 17 Dam
A 369 726.07 1237.68
P B 369 726.07 0.78 1237.68 3.45 1.97 2.07 8.0 0.0 -0.6 Basalt 66 62 60 17 Dam
A 370 729.17 1237.08
P B 370 729.17 0.87 1237.08 3.45 2.13 2.16 11.5 0.0 -1.7 Basalt 58 56 56 17 Dam
P B 370 728.73 2.49 1237.08 2.49 1.31 1.43 13.7 -0.1 0.0 Basalt 58 56 56 17 Dam
A 371 732.26 1236.49
P B 371 732.26 0.83 1236.49 3.45 2.07 2.01 11.3 0.0 0.9 Basalt 52 50 54 17 Dam
P B 371 731.91 2.39 1236.49 2.94 1.24 1.42 3.8 3.2 0.0 Basalt 66 62 60 17 Dam
A 372 735.36 1235.89
P B 372 735.36 0.80 1235.89 3.45 2.00 1.99 14.6 0.0 -2.8 Basalt 46 44 46 17 Dam
A 373 738.45 1235.30
P B 373 738.45 0.78 1235.30 3.45 1.97 1.91 13.0 0.0 0.7 Basalt 66 62 60 17 Dam
A 374 286.56 1420.19
P B 374 286.56 0.67 1420.19 3.44 1.74 2.29 -7.6 0.0 0.1 Basalt 38 36 40 17 Dam
P B 374 286.82 2.05 1420.19 2.17 1.21 1.44 -9.8 -1.0 0.0 Basalt 52 50 54 17 Dam
A 375 289.67 1420.57
P B 375 289.67 0.82 1420.57 3.44 2.05 2.08 -2.9 0.0 0.2 Basalt 58 56 56 17 Dam
A 376 292.78 1420.94
P B 376 292.78 0.83 1420.94 3.44 2.07 1.91 -8.7 0.0 0.6 Basalt 46 44 46 17 Dam
P B 376 293.17 2.40 1420.94 2.15 1.27 1.63 -1.9 -4.1 0.0 Basalt 66 62 60 17 Dam
A 377 295.90 1421.32
P B 377 295.90 0.66 1421.32 3.44 1.72 2.28 -7.1 0.0 -1.7 Basalt 52 50 54 17 Dam
P B 377 296.18 1.90 1421.32 2.20 0.96 1.44 1.3 2.9 0.0 Basalt 58 56 56 17 Dam
A 378 299.01 1421.70
P B 378 299.01 0.67 1421.70 3.44 1.75 2.22 -7.1 0.0 -1.7 Basalt 38 36 40 17 Dam
A 379 302.12 1422.08
P B 379 302.12 0.87 1422.08 3.44 2.13 2.25 -6.5 0.0 -0.9 Basalt 66 62 60 17 Dam
P B 379 302.05 2.39 1422.08 2.23 1.13 1.54 -12.0 -3.9 0.0 Basalt 58 56 56 17 Dam
A 380 305.24 1422.45
P B 380 305.24 0.67 1422.45 3.44 1.73 2.22 -5.8 0.0 -0.8 Basalt 52 50 54 17 Dam
P B 380 305.73 1.94 1422.45 2.08 1.01 1.55 -4.4 -3.7 0.0 Basalt 38 36 40 17 Dam
A 381 308.35 1422.83
P B 381 308.35 0.86 1422.83 3.44 2.12 2.09 -5.0 0.0 0.2 Basalt 66 62 60 17 Dam
A 382 311.46 1423.21
P B 382 311.46 0.71 1423.21 3.44 1.81 2.20 -10.0 0.0 1.8 Basalt 46 44 46 17 Dam
P B 382 311.01 2.14 1423.21 3.06 1.26 1.65 -7.2 2.1 0.0 Basalt 66 62 60 17 Dam
A 383 314.58 1423.58
P B 383 314.58 0.79 1423.58 3.44 1.98 2.06 -9.5 0.0 2.5 Basalt 46 44 46 17 Dam
P B 383 314.95 2.26 1423.58 2.82 1.17 1.44 -9.2 4.8 0.0 Basalt 66 62 60 17 Dam
A 384 317.69 1423.96
P B 384 317.69 0.75 1423.96 3.44 1.90 2.25 -4.4 0.0 -1.2 Basalt 38 36 40 17 Dam
P B 384 317.97 2.30 1423.96 2.60 1.38 1.67 -0.2 -0.2 0.0 Basalt 46 44 46 17 Dam
A 385 320.80 1424.34
P B 385 320.80 0.78 1424.34 3.44 1.97 2.28 -10.2 0.0 0.3 Basalt 46 44 46 17 Dam
A 386 323.92 1424.72
P B 386 323.92 0.81 1424.72 3.44 2.01 2.06 -10.3 0.0 1.5 Basalt 58 56 56 17 Dam
P B 386 324.07 2.25 1424.72 2.75 1.06 1.69 -13.1 4.5 0.0 Basalt 58 56 56 17 Dam
A 387 327.03 1425.09
P B 387 327.03 0.69 1425.09 3.44 1.78 2.05 -3.6 0.0 1.7 Basalt 58 56 56 17 Dam
A 388 330.14 1425.47
P B 388 330.14 0.70 1425.47 3.44 1.80 2.09 -3.3 0.0 2.9 Basalt 58 56 56 17 Dam
P B 388 330.06 2.19 1425.47 2.46 1.38 1.54 -14.6 2.7 0.0 Basalt 66 62 60 17 Dam
A 389 333.25 1425.85
P B 389 333.25 0.79 1425.85 3.44 1.98 2.16 -6.8 0.0 1.2 Basalt 46 44 46 17 Dam
P B 389 333.71 2.30 1425.85 2.63 1.22 1.70 -13.2 1.9 0.0 Basalt 66 62 60 17 Dam
A 390 336.37 1426.23
P B 390 336.37 0.82 1426.23 3.44 2.04 1.99 -10.3 0.0 -2.5 Basalt 46 44 46 17 Dam
P B 390 336.41 2.38 1426.23 3.01 1.28 1.63 1.3 -1.9 0.0 Basalt 38 36 40 17 Dam
A 391 339.48 1426.60
P B 391 339.48 0.67 1426.60 3.44 1.73 1.91 -9.3 0.0 -2.0 Basalt 66 62 60 17 Dam
P B 391 339.98 2.06 1426.60 2.22 1.25 1.48 -16.2 -4.6 0.0 Basalt 66 62 60 17 Dam
A 392 342.59 1426.98
P B 392 342.59 0.76 1426.98 3.44 1.92 2.16 -3.1 0.0 2.8 Basalt 38 36 40 17 Dam
P B 392 342.40 2.09 1426.98 2.25 0.93 1.57 -16.4 -3.4 0.0 Basalt 38 36 40 17 Dam
A 393 345.71 1427.36
P B 393 345.71 0.85 1427.36 3.44 2.10 1.99 -10.9 0.0 -1.4 Basalt 38 36 40 17 Dam
A 394 348.82 1427.74
P B 394 348.82 0.77 1427.74 3.44 1.94 1.92 -6.5 0.0 0.7 Basalt 58 56 56 17 Dam
P B 394 348.77 2.15 1427.74 2.53 1.00 1.68 -0.1 2.6 0.0 Basalt 52 50 54 17 Dam
A 395 351.93 1428.11
P B 395 351.93 0.69 1428.11 3.44 1.79 2.00 -8.1 0.0 -1.6 Basalt 38 36 40 17 Dam
A 396 355.05 1428.49
P B 396 355.05 0.75 1428.49 3.44 1.91 1.95 -4.3 0.0 1.3 Basalt 38 36 40 17 Dam
P B 396 354.69 2.16 1428.49 2.61 1.11 1.42 -1.1 -3.7 0.0 Basalt 46 44 46 17 Dam
A 397 358.16 1428.87
P B 397 358.16 0.84 1428.87 3.44 2.08 1.93 -4.4 0.0 1.2 Basalt 52 50 54 17 Dam
P B 397 357.88 2.28 1428.87 2.89 0.99 1.68 2.2 4.4 0.0 Basalt 58 56 56 17 Dam
A 398 361.27 1429.25
P B 398 361.27 0.81 1429.25 3.44 2.01 1.90 -9.1 0.0 -2.9 Basalt 52 50 54 17 Dam
P B 398 361.19 2.31 1429.25 2.96 1.19 1.49 -15.7 4.9 0.0 Basalt 66 62 60 17 Dam
A 399 364.39 1429.62
P B 399 364.39 0.68 1429.62 3.44 1.76 2.09 -9.2 0.0 -2.9 Basalt 66 62 60 17 Dam
P B 399 364.40 2.07 1429.62 2.19 1.23 1.50 -3.9 -3.0 0.0 Basalt 52 50 54 17 Dam
A 400 367.50 1430.00
P B 400 367.50 0.82 1430.00 3.44 2.05 2.01 -3.1 0.0 -0.3 Basalt 52 50 54 17 Dam
P B 400 367.79 2.42 1430.00 2.11 1.34 1.69 -4.6 1.2 0.0 Basalt 58 56 56 17 Dam
A 401 370.61 1430.38
P B 401 370.61 0.83 1430.38 3.44 2.06 2.04 -10.9 0.0 -0.6 Basalt 46 44 46 17 Dam
P B 401 370.85 2.21 1430.38 3.08 0.92 1.43 2.2 3.6 0.0 Basalt 66 62 60 17 Dam
A 402 373.73 1430.75
P B 402 373.73 0.70 1430.75 3.44 1.80 2.24 -8.3 0.0 -2.8 Basalt 66 62 60 17 Dam
A 403 386.18 1432.26
P B 403 386.18 0.77 1432.26 3.44 1.95 2.03 -4.0 0.0 2.3 Basalt 58 56 56 17 Dam
A 404 389.29 1432.64
P B 404 389.29 0.80 1432.64 3.44 2.00 2.21 -10.4 0.0 0.4 Basalt 66 62 60 17 Dam
P B 404 389.78 2.29 1432.64 2.51 1.17 1.52 -2.0 -2.7 0.0 Basalt 38 36 40 17 Dam
A 405 392.41 1433.02
P B 405 392.41 0.73 1433.02 3.44 1.86 2.07 -3.2 0.0 -2.8 Basalt 46 44 46 17 Dam
P B 405 392.72 2.23 1433.02 2.50 1.35 1.43 -11.2 -1.5 0.0 Basalt 66 62 60 17 Dam
A 406 395.52 1433.40
P B 406 395.52 0.80 1433.40 3.44 1.99 2.16 -6.9 0.0 -1.6 Basalt 38 36 40 17 Dam
A 407 398.63 1433.77
P B 407 398.63 0.80 1433.77 3.44 2.00 2.05 -8.2 0.0 2.8 Basalt 46 44 46 17 Dam
A 408 401.75 1434.15
P B 408 401.75 0.74 1434.15 3.44 1.88 2.25 -10.7 0.0 -0.2 Basalt 66 62 60 17 Dam
P B 408 401.37 2.26 1434.15 2.95 1.36 1.68 0.5 -2.7 0.0 Basalt 52 50 54 17 Dam
A 409 404.86 1434.53
P B 409 404.86 0.79 1434.53 3.44 1.99 2.14 -5.2 0.0 1.3 Basalt 52 50 54 17 Dam
A 410 407.97 1434.91
P B 410 407.97 0.76 1434.91 3.44 1.92 1.96 -6.4 0.0 2.0 Basalt 58 56 56 17 Dam
P B 410 407.48 2.24 1434.91 3.00 1.23 1.57 -9.8 1.9 0.0 Basalt 52 50 54 17 Dam
A 411 411.08 1435.28
P B 411 411.08 0.89 1435.28 3.44 2.18 2.02 -4.1 0.0 -0.6 Basalt 52 50 54 17 Dam
P B 411 411.39 2.48 1435.28 2.84 1.20 1.69 0.4 -4.7 0.0 Basalt 66 62 60 17 Dam
A 412 414.20 1435.66
P B 412 414.20 0.70 1435.66 3.44 1.81 2.22 -7.2 0.0 2.9 Basalt 46 44 46 17 Dam
P B 412 414.17 1.99 1435.66 2.48 0.97 1.64 -10.0 4.2 0.0 Basalt 52 50 54 17 Dam
A 413 417.31 1436.04
P B 413 417.31 0.72 1436.04 3.44 1.83 2.01 -10.6 0.0 -0.7 Basalt 58 56 56 17 Dam
P B 413 417.22 2.16 1436.04 2.25 1.26 1.62 -2.5 1.3 0.0 Basalt 46 44 46 17 Dam
A 414 420.42 1436.42
P B 414 420.42 0.80 1436.42 3.44 1.99 1.99 -3.3 0.0 -2.7 Basalt 46 44 46 17 Dam
P B 414 419.96 2.22 1436.42 2.08 1.07 1.57 -4.3 1.6 0.0 Basalt 46 44 46 17 Dam
A 415 423.54 1436.79
P B 415 423.54 0.73 1436.79 3.44 1.86 2.07 -10.4 0.0 1.2 Basalt 58 56 56 17 Dam
P B 415 423.15 2.08 1436.79 2.66 1.05 1.68 1.7 -1.3 0.0 Basalt 38 36 40 17 Dam
A 416 426.65 1437.17
P B 416 426.65 0.71 1437.17 3.44 1.83 2.09 -6.7 0.0 -1.7 Basalt 58 56 56 17 Dam
P B 416 426.43 2.17 1437.17 2.83 1.27 1.64 0.7 4.0 0.0 Basalt 66 62 60 17 Dam
A 417 429.76 1437.55
P B 417 429.76 0.65 1437.55 3.44 1.71 1.98 -6.9 0.0 -2.4 Basalt 66 62 60 17 Dam
A 418 432.88 1437.92
P B 418 432.88 0.67 1437.92 3.44 1.73 2.05 -3.5 0.0 -2.9 Basalt 66 62 60 17 Dam
A 419 435.99 1438.30
P B 419 435.99 0.70 1438.30 3.44 1.81 1.96 -4.5 0.0 1.1 Basalt 38 36 40 17 Dam
P B 419 436.46 2.08 1438.30 2.45 1.15 1.44 -4.0 0.5 0.0 Basalt 58 56 56 17 Dam
A 420 439.10 1438.68
P B 420 439.10 0.65 1438.68 3.44 1.70 1.99 -2.9 0.0 -2.2 Basalt 38 36 40 17 Dam
P B 420 438.79 2.04 1438.68 2.83 1.27 1.46 0.2 3.8 0.0 Basalt 46 44 46 17 Dam
A 421 442.22 1439.06
P B 421 442.22 0.80 1439.06 3.44 2.00 2.21 -4.3 0.0 -1.1 Basalt 46 44 46 17 Dam
A 422 445.33 1439.43
P B 422 445.33 0.81 1439.43 3.44 2.02 2.27 -9.4 0.0 -1.6 Basalt 46 44 46 17 Dam
P B 422 445.36 2.29 1439.43 2.85 1.13 1.67 -12.1 -5.0 0.0 Basalt 58 56 56 17 Dam
A 423 448.44 1439.81
P B 423 448.44 0.87 1439.81 3.44 2.14 2.01 -9.5 0.0 -0.8 Basalt 46 44 46 17 Dam
P B 423 448.37 2.32 1439.81 2.37 0.97 1.42 2.9 -1.8 0.0 Basalt 46 44 46 17 Dam
A 424 451.56 1439.79
P B 424 451.56 0.75 1439.79 3.45 1.90 2.03 9.2 0.0 2.4 Basalt 38 36 40 17 Dam
P B 424 451.54 2.12 1439.79 2.53 1.05 1.46 0.8 2.8 0.0 Basalt 46 44 46 17 Dam
A 425 454.69 1439.38
P B 425 454.69 0.67 1439.38 3.45 1.74 2.23 5.6 0.0 2.6 Basalt 38 36 40 17 Dam
P B 425 454.43 2.04 1439.38 2.96 1.20 1.65 11.7 -2.0 0.0 Basalt 58 56 56 17 Dam
A 426 457.81 1438.96
P B 426 457.81 0.79 1438.96 3.45 1.98 1.91 6.2 0.0 -2.9 Basalt 46 44 46 17 Dam
P B 426 458.21 2.37 1438.96 3.06 1.39 1.69 13.9 2.9 0.0 Basalt 46 44 46 17 Dam
A 427 460.94 1438.54
P B 427 460.94 0.87 1438.54 3.45 2.13 2.26 4.1 0.0 2.2 Basalt 66 62 60 17 Dam
P B 427 461.13 2.39 1438.54 2.12 1.12 1.64 16.9 0.3 0.0 Basalt 46 44 46 17 Dam
A 428 464.06 1438.12
P B 428 464.06 0.84 1438.12 3.45 2.07 2.07 4.9 0.0 -1.5 Basalt 38 36 40 17 Dam
A 429 467.19 1437.71
P B 429 467.19 0.72 1437.71 3.45 1.84 2.23 11.4 0.0 -1.4 Basalt 38 36 40 17 Dam
A 430 470.31 1437.29
P B 430 470.31 0.88 1437.29 3.45 2.16 2.20 9.7 0.0 0.6 Basalt 52 50 54 17 Dam
P B 430 470.38 2.50 1437.29 2.26 1.29 1.55 5.7 -4.6 0.0 Basalt 52 50 54 17 Dam
A 431 473.44 1436.88
P B 431 473.44 0.88 1436.88 3.45 2.17 2.03 9.9 0.0 1.1 Basalt 58 56 56 17 Dam
P B 431 473.93 2.35 1436.88 2.08 0.96 1.60 10.6 -4.6 0.0 Basalt 52 50 54 17 Dam
A 432 476.56 1436.46
P B 432 476.56 0.83 1436.46 3.45 2.05 2.00 7.2 0.0 -0.7 Basalt 66 62 60 17 Dam
P B 432 476.78 2.22 1436.46 2.44 0.95 1.49 11.6 -0.8 0.0 Basalt 58 56 56 17 Dam
A 433 479.69 1436.04
P B 433 479.69 0.83 1436.04 3.45 2.06 2.16 3.9 0.0 -0.3 Basalt 46 44 46 17 Dam
A 434 482.81 1435.62
P B 434 482.81 0.88 1435.62 3.45 2.16 2.05 10.1 0.0 2.8 Basalt 52 50 54 17 Dam
P B 434 482.86 2.47 1435.62 3.00 1.21 1.41 13.9 4.2 0.0 Basalt 38 36 40 17 Dam
A 435 485.94 1435.21
P B 435 485.94 0.87 1435.21 3.45 2.13 2.18 6.2 0.0 -0.3 Basalt 66 62 60 17 Dam
P B 435 485.87 2.48 1435.21 3.07 1.29 1.44 0.4 -2.0 0.0 Basalt 52 50 54 17 Dam
A 436 489.06 1434.79
P B 436 489.06 0.74 1434.79 3.45 1.88 2.09 11.2 0.0 -2.6 Basalt 38 36 40 17 Dam
P B 436 489.21 2.18 1434.79 2.54 1.19 1.48 6.3 -2.9 0.0 Basalt 52 50 54 17 Dam
A 437 492.19 1434.38
P B 437 492.19 0.75 1434.38 3.45 1.89 2.12 5.6 0.0 -2.5 Basalt 66 62 60 17 Dam
A 438 495.31 1433.96
P B 438 495.31 0.75 1433.96 3.45 1.90 2.26 5.9 0.0 1.8 Basalt 46 44 46 17 Dam
P B 438 495.28 2.12 1433.96 2.46 1.05 1.70 5.5 4.9 0.0 Basalt 46 44 46 17 Dam
A 439 498.44 1433.54
P B 439 498.44 0.76 1433.54 3.45 1.92 2.09 5.4 0.0 -0.5 Basalt 52 50 54 17 Dam
P B 439 498.62 2.21 1433.54 3.03 1.18 1.69 8.5 -4.6 0.0 Basalt 58 56 56 17 Dam
A 440 501.56 1433.12
P B 440 501.56 0.76 1433.12 3.45 1.92 1.92 8.3 0.0 0.2 Basalt 66 62 60 17 Dam
P B 440 501.28 2.17 1433.12 3.05 1.11 1.49 8.2 3.6 0.0 Basalt 52 50 54 17 Dam
A 441 504.69 1432.71
P B 441 504.69 0.82 1432.71 3.45 2.04 2.24 10.7 0.0 1.5 Basalt 66 62 60 17 Dam
P B 441 504.42 2.33 1432.71 2.38 1.19 1.40 -0.5 -2.6 0.0 Basalt 66 62 60 17 Dam
A 442 507.81 1432.29
P B 442 507.81 0.77 1432.29 3.45 1.94 1.93 6.0 0.0 2.0 Basalt 58 56 56 17 Dam
P B 442 507.45 2.11 1432.29 2.34 0.94 1.40 16.4 0.6 0.0 Basalt 38 36 40 17 Dam
A 443 510.94 1431.88
P B 443 510.94 0.82 1431.88 3.45 2.04 2.24 4.0 0.0 -2.6 Basalt 58 56 56 17 Dam
A 444 514.06 1431.46
P B 444 514.06 0.83 1431.46 3.45 2.06 1.97 7.9 0.0 -2.3 Basalt 52 50 54 17 Dam
A 445 517.19 1431.04
P B 445 517.19 0.81 1431.04 3.45 2.02 1.99 4.9 0.0 0.9 Basalt 46 44 46 17 Dam
P B 445 517.20 2.30 1431.04 2.32 1.14 1.58 11.4 -3.8 0.0 Basalt 66 62 60 17 Dam
A 446 520.31 1430.62
P B 446 520.31 0.66 1430.62 3.45 1.72 2.00 11.2 0.0 -2.4 Basalt 66 62 60 17 Dam
A 447 523.44 1430.21
P B 447 523.44 0.89 1430.21 3.45 2.17 2.22 11.0 0.0 1.9 Basalt 66 62 60 17 Dam
P B 447 523.17 2.43 1430.21 3.10 1.11 1.46 11.2 1.7 0.0 Basalt 46 44 46 17 Dam
A 448 526.56 1429.79
P B 448 526.56 0.82 1429.79 3.45 2.04 2.18 11.1 0.0 -2.1 Basalt 46 44 46 17 Dam
P B 448 527.03 2.43 1429.79 2.19 1.38 1.68 10.2 3.7 0.0 Basalt 58 56 56 17 Dam
A 449 529.69 1429.38
P B 449 529.69 0.87 1429.38 3.45 2.13 2.10 9.7 0.0 -1.8 Basalt 66 62 60 17 Dam
P B 449 529.58 2.41 1429.38 2.20 1.16 1.65 -0.5 4.7 0.0 Basalt 66 62 60 17 Dam
A 450 532.81 1428.96
P B 450 532.81 0.85 1428.96 3.45 2.10 1.95 6.0 0.0 0.1 Basalt 52 50 54 17 Dam
A 451 548.44 1426.88
P B 451 548.44 0.76 1426.88 3.45 1.92 2.19 8.3 0.0 2.0 Basalt 58 56 56 17 Dam
P B 451 548.23 2.21 1426.88 2.50 1.18 1.62 6.4 -0.7 0.0 Basalt 38 36 40 17 Dam
A 452 551.56 1426.46
P B 452 551.56 0.87 1426.46 3.45 2.14 2.10 7.0 0.0 -1.3 Basalt 58 56 56 17 Dam
P B 452 551.95 2.38 1426.46 2.42 1.08 1.54 15.7 -2.2 0.0 Basalt 38 36 40 17 Dam
A 453 554.69 1426.04
P B 453 554.69 0.75 1426.04 3.45 1.90 2.03 6.1 0.0 -0.4 Basalt 38 36 40 17 Dam
A 454 557.81 1425.62
P B 454 557.81 0.70 1425.62 3.45 1.79 2.09 7.5 0.0 0.7 Basalt 38 36 40 17 Dam
P B 454 557.84 2.15 1425.62 2.93 1.31 1.51 9.9 3.2 0.0 Basalt 52 50 54 17 Dam
A 455 560.94 1425.21
P B 455 560.94 0.79 1425.21 3.45 1.97 2.02 11.2 0.0 -0.8 Basalt 52 50 54 17 Dam
A 456 564.06 1424.79
P B 456 564.06 0.78 1424.79 3.45 1.97 2.10 10.1 0.0 -1.3 Basalt 38 36 40 17 Dam
P B 456 564.22 2.36 1424.79 2.52 1.38 1.70 -0.7 -3.3 0.0 Basalt 52 50 54 17 Dam
A 457 567.19 1424.38
P B 457 567.19 0.87 1424.38 3.45 2.13 2.17 7.4 0.0 -2.1 Basalt 58 56 56 17 Dam
P B 457 567.30 2.41 1424.38 2.86 1.15 1.47 12.0 1.3 0.0 Basalt 38 36 40 17 Dam
A 458 570.31 1423.96
P B 458 570.31 0.68 1423.96 3.45 1.75 2.15 5.3 0.0 -0.3 Basalt 66 62 60 17 Dam
P B 458 570.26 1.96 1423.96 2.33 1.03 1.54 1.2 -1.3 0.0 Basalt 58 56 56 17 Dam
A 459 573.44 1423.54
P B 459 573.44 0.72 1423.54 3.45 1.83 1.93 9.9 0.0 1.7 Basalt 38 36 40 17 Dam
P B 459 573.12 2.14 1423.54 2.38 1.23 1.45 3.9 -4.6 0.0 Basalt 66 62 60 17 Dam
A 460 576.56 1423.12
P B 460 576.56 0.85 1423.12 3.45 2.11 1.95 4.8 0.0 -2.7 Basalt 52 50 54 17 Dam
P B 460 576.58 2.48 1423.12 2.37 1.34 1.52 15.1 0.2 0.0 Basalt 58 56 56 17 Dam
A 461 579.69 1422.71
P B 461 579.69 0.85 1422.71 3.45 2.09 1.95 5.5 0.0 1.4 Basalt 58 56 56 17 Dam
P B 461 579.92 2.36 1422.71 2.88 1.15 1.46 13.2 1.9 0.0 Basalt 52 50 54 17 Dam
A 462 582.81 1422.29
P B 462 582.81 0.76 1422.29 3.45 1.92 2.22 10.5 0.0 -0.1 Basalt 46 44 46 17 Dam
P B 462 582.41 2.23 1422.29 2.60 1.22 1.48 14.2 -0.9 0.0 Basalt 38 36 40 17 Dam
A 463 585.94 1421.88
P B 463 585.94 0.79 1421.88 3.45 1.97 2.15 11.0 0.0 -2.2 Basalt 66 62 60 17 Dam
A 464 589.06 1421.46
P B 464 589.06 0.68 1421.46 3.45 1.76 2.08 4.0 0.0 -0.1 Basalt 58 56 56 17 Dam
A 465 592.19 1421.04
P B 465 592.19 0.77 1421.04 3.45 1.94 1.92 9.0 0.0 2.6 Basalt 38 36 40 17 Dam
A 466 595.31 1420.62
P B 466 595.31 0.84 1420.62 3.45 2.07 2.23 7.1 0.0 -1.5 Basalt 58 56 56 17 Dam
P B 466 595.77 2.39 1420.62 2.91 1.23 1.61 13.0 -2.1 0.0 Basalt 52 50 54 17 Dam
A 467 598.44 1420.21
P B 467 598.44 0.78 1420.21 3.45 1.96 2.06 6.2 0.0 -2.0 Basalt 66 62 60 17 Dam
P B 467 598.19 2.33 1420.21 2.94 1.33 1.44 1.8 2.8 0.0 Basalt 66 62 60 17 Dam
A 468 601.54 1420.29
P B 468 601.54 0.82 1420.29 3.43 2.04 1.94 -12.6 0.0 -1.6 Basalt 38 36 40 17 Dam
P B 468 601.20 2.38 1420.29 2.09 1.29 1.62 -17.6 -4.3 0.0 Basalt 52 50 54 17 Dam
A 469 604.62 1420.87
P B 469 604.62 0.88 1420.87 3.43 2.17 2.06 -11.5 0.0 1.6 Basalt 52 50 54 17 Dam
P B 469 605.03 2.43 1420.87 2.14 1.12 1.63 -7.8 -4.4 0.0 Basalt 46 44 46 17 Dam
A 470 607.69 1421.44
P B 470 607.69 0.69 1421.44 3.43 1.78 1.94 -9.9 0.0 -1.5 Basalt 38 36 40 17 Dam
A 471 610.77 1422.02
P B 471 610.77 0.82 1422.02 3.43 2.04 2.01 -12.5 0.0 2.0 Basalt 46 44 46 17 Dam
P B 471 610.44 2.26 1422.02 2.54 1.04 1.50 -2.3 2.7 0.0 Basalt 58 56 56 17 Dam
A 472 613.85 1422.60
P B 472 613.85 0.65 1422.60 3.43 1.71 2.28 -7.0 0.0 1.3 Basalt 46 44 46 17 Dam
P B 472 613.64 1.91 1422.60 2.52 1.01 1.44 -12.6 -1.3 0.0 Basalt 46 44 46 17 Dam
A 473 616.92 1423.17
P B 473 616.92 0.78 1423.17 3.43 1.96 2.17 -8.1 0.0 2.3 Basalt 66 62 60 17 Dam
A 474 620.00 1423.75
P B 474 620.00 0.86 1423.75 3.43 2.11 2.22 -13.7 0.0 2.8 Basalt 66 62 60 17 Dam
P B 474 620.32 2.39 1423.75 2.24 1.15 1.50 -15.2 -0.5 0.0 Basalt 46 44 46 17 Dam
A 475 623.08 1424.33
P B 475 623.08 0.90 1424.33 3.43 2.19 2.07 -8.4 0.0 -2.2 Basalt 46 44 46 17 Dam
P B 475 623.50 2.39 1424.33 2.10 1.00 1.61 -4.6 -0.1 0.0 Basalt 52 50 54 17 Dam
A 476 626.15 1424.90
P B 476 626.15 0.72 1424.90 3.43 1.84 2.19 -12.4 0.0 -2.5 Basalt 66 62 60 17 Dam
A 477 629.23 1425.48
P B 477 629.23 0.82 1425.48 3.43 2.05 2.23 -8.4 0.0 1.6 Basalt 46 44 46 17 Dam
P B 477 628.81 2.23 1425.48 2.37 0.96 1.61 -10.1 2.1 0.0 Basalt 38 36 40 17 Dam
A 478 632.31 1426.06
P B 478 632.31 0.67 1426.06 3.43 1.75 2.16 -6.7 0.0 0.6 Basalt 52 50 54 17 Dam
P B 478 632.45 1.90 1426.06 2.83 0.91 1.48 -18.0 1.5 0.0 Basalt 52 50 54 17 Dam
A 479 635.38 1426.63
P B 479 635.38 0.79 1426.63 3.43 1.98 1.96 -7.1 0.0 0.1 Basalt 66 62 60 17 Dam
P B 479 635.36 2.22 1426.63 2.60 1.08 1.62 -19.1 4.7 0.0 Basalt 38 36 40 17 Dam
A 480 638.46 1427.21
P B 480 638.46 0.77 1427.21 3.43 1.94 1.97 -9.0 0.0 -0.4 Basalt 38 36 40 17 Dam
P B 480 638.41 2.28 1427.21 2.91 1.28 1.68 -8.8 -0.6 0.0 Basalt 66 62 60 17 Dam
A 481 641.54 1427.79
P B 481 641.54 0.74 1427.79 3.43 1.89 2.03 -8.6 0.0 1.3 Basalt 66 62 60 17 Dam
P B 481 641.52 2.20 1427.79 2.61 1.23 1.47 -17.8 4.9 0.0 Basalt 52 50 54 17 Dam
A 482 644.62 1428.37
P B 482 644.62 0.66 1428.37 3.43 1.72 2.18 -8.5 0.0 2.5 Basalt 46 44 46 17 Dam
P B 482 644.19 1.89 1428.37 3.08 0.94 1.45 -9.1 -3.9 0.0 Basalt 66 62 60 17 Dam
A 483 647.69 1428.94
P B 483 647.69 0.89 1428.94 3.43 2.17 2.16 -13.1 0.0 -2.2 Basalt 58 56 56 17 Dam
P B 483 647.27 2.34 1428.94 2.17 0.94 1.62 -7.5 -0.2 0.0 Basalt 58 56 56 17 Dam
A 484 650.77 1429.52
P B 484 650.77 0.67 1429.52 3.43 1.73 1.97 -10.3 0.0 2.1 Basalt 38 36 40 17 Dam
P B 484 651.17 2.05 1429.52 2.64 1.23 1.63 -13.2 0.8 0.0 Basalt 66 62 60 17 Dam
A 485 653.85 1430.10
P B 485 653.85 0.81 1430.10 3.43 2.01 1.94 -14.3 0.0 0.3 Basalt 52 50 54 17 Dam
P B 485 653.43 2.23 1430.10 2.57 1.03 1.61 -14.1 2.8 0.0 Basalt 38 36 40 17 Dam
A 486 656.92 1430.67
P B 486 656.92 0.83 1430.67 3.43 2.07 2.27 -8.4 0.0 2.1 Basalt 38 36 40 17 Dam
P B 486 656.56 2.35 1430.67 3.08 1.17 1.44 -18.6 3.3 0.0 Basalt 46 44 46 17 Dam
A 487 660.00 1431.25
P B 487 660.00 0.66 1431.25 3.43 1.73 2.16 -9.5 0.0 2.4 Basalt 38 36 40 17 Dam
P B 487 659.78 1.93 1431.25 2.52 0.99 1.54 -19.3 -2.3 0.0 Basalt 66 62 60 17 Dam
A 488 663.08 1431.83
P B 488 663.08 0.76 1431.83 3.43 1.92 1.96 -11.3 0.0 -0.1 Basalt 52 50 54 17 Dam
P B 488 663.27 2.32 1431.83 2.90 1.40 1.49 -5.9 -2.3 0.0 Basalt 66 62 60 17 Dam
A 489 666.15 1432.40
P B 489 666.15 0.87 1432.40 3.43 2.14 2.22 -14.6 0.0 1.3 Basalt 58 56 56 17 Dam
A 490 669.23 1432.98
P B 490 669.23 0.85 1432.98 3.43 2.10 1.91 -8.5 0.0 2.0 Basalt 58 56 56 17 Dam
A 491 672.31 1433.56
P B 491 672.31 0.83 1433.56 3.43 2.07 2.12 -14.3 0.0 0.9 Basalt 58 56 56 17 Dam
A 492 675.38 1434.13
P B 492 675.38 0.74 1434.13 3.43 1.88 1.93 -9.7 0.0 -2.4 Basalt 52 50 54 17 Dam
P B 492 675.08 2.08 1434.13 2.29 1.00 1.65 -15.9 -0.5 0.0 Basalt 38 36 40 17 Dam
A 493 678.46 1434.71
P B 493 678.46 0.87 1434.71 3.43 2.13 2.20 -14.5 0.0 -1.5 Basalt 66 62 60 17 Dam
P B 493 678.70 2.30 1434.71 2.89 0.94 1.48 -5.1 4.9 0.0 Basalt 52 50 54 17 Dam
A 494 681.54 1435.29
P B 494 681.54 0.72 1435.29 3.43 1.83 2.27 -8.8 0.0 -2.9 Basalt 58 56 56 17 Dam
P B 494 681.50 2.18 1435.29 2.84 1.30 1.49 -4.6 -2.2 0.0 Basalt 66 62 60 17 Dam
A 495 684.62 1435.87
P B 495 684.62 0.81 1435.87 3.43 2.02 2.25 -9.0 0.0 0.1 Basalt 46 44 46 17 Dam
A 496 687.69 1436.44
P B 496 687.69 0.78 1436.44 3.43 1.96 2.08 -8.7 0.0 2.6 Basalt 52 50 54 17 Dam
P B 496 687.97 2.33 1436.44 2.47 1.35 1.55 -5.7 1.8 0.0 Basalt 38 36 40 17 Dam
A 497 690.77 1437.02
P B 497 690.77 0.66 1437.02 3.43 1.72 2.09 -13.9 0.0 0.2 Basalt 58 56 56 17 Dam
P B 497 690.38 2.09 1437.02 2.40 1.35 1.60 -18.0 -1.0 0.0 Basalt 66 62 60 17 Dam
A 498 693.85 1437.60
P B 498 693.85 0.85 1437.60 3.43 2.10 2.03 -6.9 0.0 0.5 Basalt 52 50 54 17 Dam
P B 498 693.48 2.46 1437.60 2.21 1.32 1.50 -11.6 2.5 0.0 Basalt 38 36 40 17 Dam
A 499 706.15 1439.90
P B 499 706.15 0.88 1439.90 3.43 2.16 2.16 -10.2 0.0 2.1 Basalt 38 36 40 17 Dam
A 500 709.23 1440.48
P B 500 709.23 0.81 1440.48 3.43 2.02 2.20 -7.1 0.0 -0.8 Basalt 46 44 46 17 Dam
P B 500 708.99 2.40 1440.48 2.30 1.36 1.51 -19.8 0.6 0.0 Basalt 52 50 54 17 Dam
A 501 712.31 1441.06
P B 501 712.31 0.69 1441.06 3.43 1.77 1.92 -7.3 0.0 0.4 Basalt 58 56 56 17 Dam
P B 501 712.44 2.11 1441.06 2.96 1.28 1.52 -13.6 -2.7 0.0 Basalt 46 44 46 17 Dam
A 502 715.38 1441.63
P B 502 715.38 0.79 1441.63 3.43 1.98 2.25 -9.0 0.0 1.8 Basalt 58 56 56 17 Dam
P B 502 715.77 2.20 1441.63 2.16 1.05 1.52 -15.8 2.1 0.0 Basalt 52 50 54 17 Dam
A 503 718.46 1442.21
P B 503 718.46 0.76 1442.21 3.43 1.92 2.23 -7.6 0.0 0.7 Basalt 46 44 46 17 Dam
P B 503 718.58 2.22 1442.21 2.61 1.20 1.65 -19.7 0.8 0.0 Basalt 66 62 60 17 Dam
A 504 721.54 1442.79
P B 504 721.54 0.82 1442.79 3.43 2.03 1.94 -11.6 0.0 2.1 Basalt 38 36 40 17 Dam
P B 504 721.59 2.31 1442.79 2.65 1.16 1.63 -5.8 1.7 0.0 Basalt 52 50 54 17 Dam
A 505 724.62 1443.37
P B 505 724.62 0.66 1443.37 3.43 1.73 2.26 -14.1 0.0 0.4 Basalt 58 56 56 17 Dam
P B 505 724.34 2.01 1443.37 2.75 1.16 1.56 -19.0 -1.9 0.0 Basalt 58 56 56 17 Dam
A 506 727.69 1443.94
P B 506 727.69 0.72 1443.94 3.43 1.83 2.16 -13.1 0.0 -0.0 Basalt 52 50 54 17 Dam
P B 506 727.36 2.04 1443.94 2.55 1.00 1.47 -1.4 -2.3 0.0 Basalt 46 44 46 17 Dam
A 507 730.77 1444.52
P B 507 730.77 0.85 1444.52 3.43 2.10 2.16 -9.4 0.0 1.7 Basalt 66 62 60 17 Dam
P B 507 730.51 2.48 1444.52 2.13 1.36 1.70 -9.6 4.6 0.0 Basalt 38 36 40 17 Dam
A 508 733.85 1445.10
P B 508 733.85 0.75 1445.10 3.43 1.91 2.17 -11.3 0.0 -2.1 Basalt 46 44 46 17 Dam
P B 508 734.19 2.26 1445.10 2.27 1.31 1.67 -15.8 -2.9 0.0 Basalt 52 50 54 17 Dam
A 509 736.92 1445.67
P B 509 736.92 0.75 1445.67 3.43 1.91 2.18 -7.7 0.0 -2.7 Basalt 46 44 46 17 Dam
P B 509 737.20 2.19 1445.67 3.01 1.16 1.56 -17.6 1.8 0.0 Basalt 58 56 56 17 Dam
A 510 740.00 1446.25
P B 510 740.00 0.86 1446.25 3.43 2.13 2.15 -8.8 0.0 -2.1 Basalt 52 50 54 17 Dam
P B 510 739.67 2.36 1446.25 2.67 1.07 1.46 -7.1 -0.8 0.0 Basalt 52 50 54 17 Dam
A 511 743.08 1446.83
P B 511 743.08 0.73 1446.83 3.43 1.86 2.12 -12.4 0.0 -2.9 Basalt 58 56 56 17 Dam
P B 511 742.83 2.04 1446.83 2.22 0.95 1.46 -17.0 1.8 0.0 Basalt 46 44 46 17 Dam
A 512 746.15 1447.40
P B 512 746.15 0.74 1447.40 3.43 1.88 2.02 -7.0 0.0 -0.7 Basalt 58 56 56 17 Dam
P B 512 745.80 2.19 1447.40 2.30 1.21 1.42 -13.5 4.5 0.0 Basalt 52 50 54 17 Dam
A 513 749.23 1447.98
P B 513 749.23 0.74 1447.98 3.43 1.87 2.15 -7.1 0.0 0.7 Basalt 58 56 56 17 Dam
P B 513 749.71 2.12 1447.98 2.36 1.10 1.51 -5.4 -1.8 0.0 Basalt 66 62 60 17 Dam
A 514 752.31 1448.56
P B 514 752.31 0.88 1448.56 3.43 2.17 2.27 -11.4 0.0 -2.6 Basalt 52 50 54 17 Dam
P B 514 752.46 2.56 1448.56 2.44 1.39 1.52 -15.7 2.5 0.0 Basalt 46 44 46 17 Dam
A 515 755.38 1449.13
P B 515 755.38 0.76 1449.13 3.43 1.92 2.29 -12.7 0.0 -2.2 Basalt 66 62 60 17 Dam
P B 515 755.63 2.24 1449.13 2.14 1.24 1.49 -15.5 -0.7 0.0 Basalt 66 62 60 17 Dam
A 516 758.46 1449.71
P B 516 758.46 0.85 1449.71 3.43 2.09 1.96 -13.9 0.0 -1.6 Basalt 58 56 56 17 Dam
P B 516 758.73 2.39 1449.71 2.99 1.20 1.52 -17.1 1.5 0.0 Basalt 58 56 56 17 Dam
A 517 469.90 1081.57
P B 517 469.90 0.66 1081.57 3.44 1.73 2.24 -90.6 0.0 0.7 Basalt 66 62 60 17 Dam
A 518 469.71 1084.71
P B 518 469.71 0.83 1084.71 3.44 2.07 2.26 -92.8 0.0 -0.4 Basalt 58 56 56 17 Dam
P B 518 469.25 2.26 1084.71 2.37 0.98 1.62 -96.4 -4.6 0.0 Basalt 66 62 60 17 Dam
A 519 469.51 1087.84
P B 519 469.51 0.67 1087.84 3.44 1.74 2.18 -96.0 0.0 1.6 Basalt 66 62 60 17 Dam
P B 519 469.47 1.91 1087.84 2.08 0.94 1.65 -101.5 1.2 0.0 Basalt 38 36 40 17 Dam
A 520 469.31 1090.98
P B 520 469.31 0.78 1090.98 3.44 1.95 1.90 -92.4 0.0 1.8 Basalt 52 50 54 17 Dam
A 521 469.12 1094.12
P B 521 469.12 0.70 1094.12 3.44 1.81 2.27 -91.2 0.0 -0.7 Basalt 52 50 54 17 Dam
P B 521 468.97 2.10 1094.12 2.78 1.18 1.52 -97.7 -3.0 0.0 Basalt 58 56 56 17 Dam
A 522 468.92 1097.25
P B 522 468.92 0.83 1097.25 3.44 2.05 2.09 -94.8 0.0 -1.7 Basalt 38 36 40 17 Dam
A 523 468.73 1100.39
P B 523 468.73 0.82 1100.39 3.44 2.04 1.98 -94.5 0.0 -2.7 Basalt 58 56 56 17 Dam
P B 523 469.01 2.33 1100.39 2.99 1.20 1.40 -83.8 -2.9 0.0 Basalt 66 62 60 17 Dam
A 524 468.53 1103.53
P B 524 468.53 0.73 1103.53 3.44 1.85 2.05 -90.4 0.0 -1.8 Basalt 66 62 60 17 Dam
P B 524 468.81 2.09 1103.53 2.25 1.06 1.59 -94.0 1.5 0.0 Basalt 46 44 46 17 Dam
A 525 468.33 1106.67
P B 525 468.33 0.73 1106.67 3.44 1.86 2.28 -90.3 0.0 1.2 Basalt 38 36 40 17 Dam
P B 525 468.52 2.09 1106.67 2.64 1.06 1.67 -85.4 -4.4 0.0 Basalt 46 44 46 17 Dam
A 526 468.14 1109.80
P B 526 468.14 0.81 1109.80 3.44 2.01 2.30 -91.0 0.0 -0.8 Basalt 46 44 46 17 Dam
P B 526 468.55 2.25 1109.80 2.82 1.09 1.50 -94.6 -1.5 0.0 Basalt 52 50 54 17 Dam
A 527 467.94 1112.94
P B 527 467.94 0.85 1112.94 3.44 2.11 2.01 -96.8 0.0 -1.8 Basalt 52 50 54 17 Dam
P B 527 468.44 2.50 1112.94 2.84 1.39 1.46 -96.3 4.4 0.0 Basalt 66 62 60 17 Dam
A 528 467.75 1116.08
P B 528 467.75 0.80 1116.08 3.44 2.00 1.98 -89.7 0.0 0.1 Basalt 38 36 40 17 Dam
P B 528 467.54 2.40 1116.08 2.70 1.39 1.49 -99.9 3.3 0.0 Basalt 52 50 54 17 Dam
A 529 467.55 1119.22
P B 529 467.55 0.70 1119.22 3.44 1.80 2.03 -93.6 0.0 -1.3 Basalt 46 44 46 17 Dam
P B 529 467.75 1.95 1119.22 2.16 0.91 1.64 -88.0 1.4 0.0 Basalt 52 50 54 17 Dam
A 530 467.35 1122.35
P B 530 467.35 0.85 1122.35 3.44 2.10 1.94 -93.2 0.0 -0.7 Basalt 46 44 46 17 Dam
P B 530 467.36 2.26 1122.35 2.92 0.93 1.45 -84.3 2.6 0.0 Basalt 46 44 46 17 Dam
A 531 467.16 1125.49
P B 531 467.16 0.72 1125.49 3.44 1.83 2.06 -91.0 0.0 1.8 Basalt 46 44 46 17 Dam
P B 531 467.35 2.22 1125.49 2.60 1.38 1.44 -97.0 -1.2 0.0 Basalt 52 50 54 17 Dam
A 532 466.96 1128.63
P B 532 466.96 0.74 1128.63 3.44 1.87 2.20 -94.1 0.0 -2.8 Basalt 38 36 40 17 Dam
A 533 466.76 1131.76
P B 533 466.76 0.90 1131.76 3.44 2.20 2.05 -89.7 0.0 2.1 Basalt 58 56 56 17 Dam
A 534 466.57 1134.90
P B 534 466.57 0.88 1134.90 3.44 2.15 2.14 -95.0 0.0 2.9 Basalt 52 50 54 17 Dam
A 535 466.37 1138.04
P B 535 466.37 0.75 1138.04 3.44 1.91 2.07 -97.3 0.0 -2.4 Basalt 58 56 56 17 Dam
P B 535 466.25 2.28 1138.04 2.69 1.34 1.48 -93.5 0.1 0.0 Basalt 46 44 46 17 Dam
A 536 466.18 1141.18
P B 536 466.18 0.73 1141.18 3.44 1.86 2.28 -93.3 0.0 1.4 Basalt 66 62 60 17 Dam
P B 536 466.11 2.13 1141.18 2.25 1.14 1.58 -93.3 4.1 0.0 Basalt 46 44 46 17 Dam
A 537 465.98 1144.31
P B 537 465.98 0.66 1144.31 3.44 1.73 1.94 -95.9 0.0 -2.3 Basalt 66 62 60 17 Dam
P B 537 465.74 1.93 1144.31 2.46 1.01 1.67 -95.6 -1.4 0.0 Basalt 58 56 56 17 Dam
A 538 465.78 1147.45
P B 538 465.78 0.79 1147.45 3.44 1.97 1.93 -92.1 0.0 -0.8 Basalt 38 36 40 17 Dam
P B 538 465.67 2.18 1147.45 2.55 1.01 1.55 -100.1 2.5 0.0 Basalt 46 44 46 17 Dam
A 539 465.59 1150.59
P B 539 465.59 0.82 1150.59 3.44 2.05 2.08 -91.4 0.0 -0.0 Basalt 58 56 56 17 Dam
P B 539 465.23 2.23 1150.59 2.13 0.97 1.43 -92.4 -3.0 0.0 Basalt 58 56 56 17 Dam
A 540 465.39 1153.73
P B 540 465.39 0.65 1153.73 3.44 1.71 2.26 -95.7 0.0 -1.7 Basalt 66 62 60 17 Dam
A 541 465.20 1156.86
P B 541 465.20 0.73 1156.86 3.44 1.85 2.10 -96.4 0.0 0.9 Basalt 58 56 56 17 Dam
A 542 465.00 1160.00
P B 542 465.00 0.77 1160.00 3.44 1.94 2.08 -94.9 0.0 -1.9 Basalt 66 62 60 17 Dam
P B 542 465.02 2.09 1160.00 2.17 0.90 1.70 -95.9 -4.5 0.0 Basalt 52 50 54 17 Dam
A 543 464.80 1163.14
P B 543 464.80 0.68 1163.14 3.44 1.76 2.06 -94.5 0.0 2.4 Basalt 58 56 56 17 Dam
P B 543 464.90 2.11 1163.14 2.77 1.30 1.61 -98.4 1.0 0.0 Basalt 38 36 40 17 Dam
A 544 464.61 1166.27
P B 544 464.61 0.76 1166.27 3.44 1.92 2.04 -96.8 0.0 -2.0 Basalt 58 56 56 17 Dam
P B 544 464.32 2.15 1166.27 2.93 1.06 1.55 -95.0 1.0 0.0 Basalt 46 44 46 17 Dam
A 545 464.41 1169.41
P B 545 464.41 0.77 1169.41 3.44 1.95 1.90 -92.0 0.0 0.7 Basalt 58 56 56 17 Dam
P B 545 463.97 2.21 1169.41 2.64 1.12 1.68 -91.4 -3.0 0.0 Basalt 46 44 46 17 Dam
A 546 464.22 1172.55
P B 546 464.22 0.80 1172.55 3.44 2.00 2.09 -92.2 0.0 -0.4 Basalt 38 36 40 17 Dam
A 547 464.02 1175.69
P B 547 464.02 0.80 1175.69 3.44 2.00 2.12 -96.0 0.0 -1.6 Basalt 38 36 40 17 Dam
A 548 463.82 1178.82
P B 548 463.82 0.73 1178.82 3.44 1.85 2.12 -94.3 0.0 -2.3 Basalt 52 50 54 17 Dam
P B 548 464.14 2.17 1178.82 2.35 1.23 1.50 -97.9 -1.6 0.0 Basalt 46 44 46 17 Dam
A 549 463.63 1181.96
P B 549 463.63 0.69 1181.96 3.44 1.77 2.13 -91.9 0.0 -2.0 Basalt 66 62 60 17 Dam
A 550 463.43 1185.10
P B 550 463.43 0.77 1185.10 3.44 1.94 2.11 -96.7 0.0 1.1 Basalt 58 56 56 17 Dam
P B 550 463.46 2.21 1185.10 2.85 1.14 1.53 -92.2 4.5 0.0 Basalt 46 44 46 17 Dam
A 551 463.24 1188.24
P B 551 463.24 0.68 1188.24 3.44 1.75 2.17 -92.7 0.0 -2.3 Basalt 66 62 60 17 Dam
P B 551 463.34 2.15 1188.24 3.02 1.38 1.51 -102.6 -0.8 0.0 Basalt 66 62 60 17 Dam
A 552 463.04 1191.37
P B 552 463.04 0.78 1191.37 3.44 1.95 1.94 -91.3 0.0 -0.2 Basalt 58 56 56 17 Dam
P B 552 462.97 2.16 1191.37 2.32 1.03 1.63 -95.7 1.8 0.0 Basalt 46 44 46 17 Dam
A 553 462.84 1194.51
P B 553 462.84 0.67 1194.51 3.44 1.75 2.10 -97.6 0.0 -1.6 Basalt 38 36 40 17 Dam
P B 553 462.89 2.11 1194.51 2.50 1.31 1.65 -88.0 4.6 0.0 Basalt 46 44 46 17 Dam
A 554 462.65 1197.65
P B 554 462.65 0.78 1197.65 3.44 1.97 2.00 -90.2 0.0 1.7 Basalt 52 50 54 17 Dam
P B 554 463.02 2.15 1197.65 2.46 0.97 1.55 -84.3 2.3 0.0 Basalt 52 50 54 17 Dam
A 555 462.45 1200.78
P B 555 462.45 0.68 1200.78 3.44 1.77 2.23 -91.5 0.0 0.7 Basalt 38 36 40 17 Dam
P B 555 462.76 2.16 1200.78 2.82 1.39 1.58 -85.1 0.5 0.0 Basalt 46 44 46 17 Dam
A 556 462.25 1203.92
P B 556 462.25 0.79 1203.92 3.44 1.99 2.02 -97.1 0.0 1.7 Basalt 38 36 40 17 Dam
P B 556 462.51 2.26 1203.92 2.61 1.14 1.65 -86.1 4.3 0.0 Basalt 38 36 40 17 Dam
A 557 462.06 1207.06
P B 557 462.06 0.81 1207.06 3.44 2.02 2.01 -94.9 0.0 1.6 Basalt 38 36 40 17 Dam
A 558 461.86 1210.20
P B 558 461.86 0.81 1210.20 3.44 2.02 2.17 -92.0 0.0 0.2 Basalt 52 50 54 17 Dam
P B 558 461.96 2.28 1210.20 2.88 1.13 1.46 -87.7 -3.1 0.0 Basalt 46 44 46 17 Dam
A 559 461.67 1213.33
P B 559 461.67 0.89 1213.33 3.44 2.18 1.96 -91.9 0.0 -1.6 Basalt 58 56 56 17 Dam
A 560 461.47 1216.47
P B 560 461.47 0.90 1216.47 3.44 2.20 1.93 -94.6 0.0 -1.6 Basalt 66 62 60 17 Dam
P B 560 461.04 2.38 1216.47 2.36 0.96 1.54 -96.8 0.5 0.0 Basalt 58 56 56 17 Dam
A 561 461.27 1219.61
P B 561 461.27 0.77 1219.61 3.44 1.94 2.10 -93.3 0.0 -0.7 Basalt 46 44 46 17 Dam
P B 561 461.18 2.22 1219.61 2.42 1.16 1.69 -100.2 1.1 0.0 Basalt 58 56 56 17 Dam
A 562 461.08 1222.75
P B 562 461.08 0.77 1222.75 3.44 1.94 2.28 -93.1 0.0 -0.4 Basalt 66 62 60 17 Dam
A 563 460.88 1225.88
P B 563 460.88 0.75 1225.88 3.44 1.91 2.24 -91.2 0.0 -2.7 Basalt 66 62 60 17 Dam
P B 563 460.42 2.30 1225.88 2.87 1.39 1.52 -101.8 -4.0 0.0 Basalt 52 50 54 17 Dam
A 564 460.69 1229.02
P B 564 460.69 0.88 1229.02 3.44 2.17 2.04 -96.1 0.0 0.6 Basalt 38 36 40 17 Dam
P B 564 460.93 2.38 1229.02 2.45 1.02 1.44 -84.0 3.1 0.0 Basalt 46 44 46 17 Dam
A 565 460.49 1232.16
P B 565 460.49 0.73 1232.16 3.44 1.86 1.92 -91.2 0.0 -2.6 Basalt 66 62 60 17 Dam
A 566 460.29 1235.29
P B 566 460.29 0.86 1235.29 3.44 2.12 1.97 -90.2 0.0 -1.4 Basalt 46 44 46 17 Dam
P B 566 459.88 2.31 1235.29 2.20 0.96 1.65 -87.8 -0.7 0.0 Basalt 66 62 60 17 Dam
A 567 460.10 1238.43
P B 567 460.10 0.81 1238.43 3.44 2.03 2.07 -90.6 0.0 -1.9 Basalt 38 36 40 17 Dam
P B 567 459.67 2.19 1238.43 2.46 0.93 1.69 -89.0 -0.9 0.0 Basalt 46 44 46 17 Dam
A 568 460.08 1241.56
P B 568 460.08 0.70 1241.56 3.42 1.81 1.95 -85.2 0.0 -1.7 Basalt 58 56 56 17 Dam
P B 568 460.32 2.18 1241.56 2.82 1.34 1.51 -86.9 4.8 0.0 Basalt 38 36 40 17 Dam
A 569 460.25 1244.67
P B 569 460.25 0.75 1244.67 3.42 1.90 1.98 -84.4 0.0 -0.7 Basalt 46 44 46 17 Dam
P B 569 460.54 2.16 1244.67 2.53 1.10 1.62 -79.4 -4.4 0.0 Basalt 46 44 46 17 Dam
A 570 460.41 1247.79
P B 570 460.41 0.80 1247.79 3.42 2.00 2.16 -83.1 0.0 -1.5 Basalt 38 36 40 17 Dam
P B 570 460.55 2.35 1247.79 3.06 1.30 1.41 -89.1 -2.5 0.0 Basalt 46 44 46 17 Dam
A 571 460.57 1250.90
P B 571 460.57 0.82 1250.90 3.42 2.03 2.08 -86.6 0.0 1.7 Basalt 38 36 40 17 Dam
P B 571 460.37 2.33 1250.90 2.78 1.20 1.67 -82.1 3.8 0.0 Basalt 66 62 60 17 Dam
A 572 460.74 1254.02
P B 572 460.74 0.86 1254.02 3.42 2.12 2.28 -84.2 0.0 1.8 Basalt 46 44 46 17 Dam
P B 572 460.36 2.45 1254.02 2.54 1.25 1.44 -77.7 -2.7 0.0 Basalt 66 62 60 17 Dam
A 573 460.90 1257.13
P B 573 460.90 0.75 1257.13 3.42 1.90 1.98 -85.7 0.0 -2.4 Basalt 52 50 54 17 Dam
P B 573 460.54 2.11 1257.13 2.31 1.01 1.42 -78.6 3.2 0.0 Basalt 46 44 46 17 Dam
A 574 461.07 1260.25
P B 574 461.07 0.72 1260.25 3.42 1.84 2.09 -86.8 0.0 -2.6 Basalt 66 62 60 17 Dam
P B 574 460.91 2.01 1260.25 2.33 0.95 1.62 -82.8 3.8 0.0 Basalt 58 56 56 17 Dam
A 575 461.23 1263.36
P B 575 461.23 0.90 1263.36 3.42 2.20 2.29 -88.9 0.0 -2.1 Basalt 46 44 46 17 Dam
P B 575 461.30 2.54 1263.36 2.42 1.29 1.54 -82.5 -3.5 0.0 Basalt 58 56 56 17 Dam
A 576 461.39 1266.48
P B 576 461.39 0.88 1266.48 3.42 2.17 1.99 -88.7 0.0 2.0 Basalt 38 36 40 17 Dam
P B 576 461.75 2.56 1266.48 2.91 1.39 1.60 -93.3 3.9 0.0 Basalt 58 56 56 17 Dam
A 577 461.56 1269.59
P B 577 461.56 0.77 1269.59 3.42 1.94 1.97 -88.2 0.0 -2.8 Basalt 52 50 54 17 Dam
A 578 461.72 1272.70
P B 578 461.72 0.82 1272.70 3.42 2.04 2.11 -90.5 0.0 1.7 Basalt 46 44 46 17 Dam
P B 578 462.19 2.31 1272.70 3.01 1.15 1.67 -90.4 2.4 0.0 Basalt 38 36 40 17 Dam
A 579 461.89 1275.82
P B 579 461.89 0.87 1275.82 3.42 2.15 1.98 -84.6 0.0 -1.2 Basalt 58 56 56 17 Dam
A 580 462.05 1278.93
P B 580 462.05 0.82 1278.93 3.42 2.03 2.17 -86.9 0.0 -2.8 Basalt 66 62 60 17 Dam
P B 580 462.35 2.30 1278.93 2.37 1.12 1.51 -80.2 -3.8 0.0 Basalt 46 44 46 17 Dam
A 581 462.21 1282.05
P B 581 462.21 0.84 1282.05 3.42 2.07 2.14 -90.4 0.0 0.1 Basalt 52 50 54 17 Dam
P B 581 462.15 2.35 1282.05 2.18 1.16 1.67 -89.2 0.1 0.0 Basalt 66 62 60 17 Dam
A 582 462.38 1285.16
P B 582 462.38 0.85 1285.16 3.42 2.10 2.29 -85.7 0.0 2.1 Basalt 46 44 46 17 Dam
P B 582 462.23 2.44 1285.16 2.11 1.28 1.47 -88.4 -1.0 0.0 Basalt 58 56 56 17 Dam
A 583 462.54 1288.28
P B 583 462.54 0.81 1288.28 3.42 2.01 2.14 -87.0 0.0 0.2 Basalt 58 56 56 17 Dam
P B 583 462.89 2.27 1288.28 2.21 1.11 1.56 -88.3 0.6 0.0 Basalt 52 50 54 17 Dam
A 584 462.70 1291.39
P B 584 462.70 0.66 1291.39 3.42 1.71 1.94 -86.5 0.0 2.5 Basalt 46 44 46 17 Dam
A 585 462.87 1294.51
P B 585 462.87 0.89 1294.51 3.42 2.17 2.12 -90.6 0.0 0.2 Basalt 46 44 46 17 Dam
P B 585 463.35 2.48 1294.51 3.04 1.21 1.60 -81.0 1.2 0.0 Basalt 58 56 56 17 Dam
A 586 463.03 1297.62
P B 586 463.03 0.66 1297.62 3.42 1.72 2.10 -88.5 0.0 0.4 Basalt 58 56 56 17 Dam
P B 586 462.75 1.90 1297.62 3.07 0.96 1.70 -77.2 -0.5 0.0 Basalt 66 62 60 17 Dam
A 587 463.20 1300.74
P B 587 463.20 0.76 1300.74 3.42 1.92 2.22 -84.8 0.0 1.9 Basalt 38 36 40 17 Dam
P B 587 462.86 2.09 1300.74 2.08 0.94 1.53 -95.1 0.7 0.0 Basalt 38 36 40 17 Dam
A 588 463.36 1303.85
P B 588 463.36 0.86 1303.85 3.42 2.12 2.02 -83.8 0.0 -1.3 Basalt 66 62 60 17 Dam
A 589 463.52 1306.97
P B 589 463.52 0.73 1306.97 3.42 1.86 1.91 -85.8 0.0 -2.2 Basalt 58 56 56 17 Dam
P B 589 463.35 2.08 1306.97 2.28 1.04 1.41 -80.8 -1.2 0.0 Basalt 38 36 40 17 Dam
A 590 463.69 1310.08
P B 590 463.69 0.80 1310.08 3.42 2.00 2.02 -83.1 0.0 -1.4 Basalt 38 36 40 17 Dam
P B 590 463.44 2.37 1310.08 2.32 1.33 1.68 -87.5 -1.0 0.0 Basalt 46 44 46 17 Dam
A 591 463.85 1313.20
P B 591 463.85 0.90 1313.20 3.42 2.19 1.97 -88.0 0.0 2.4 Basalt 46 44 46 17 Dam
P B 591 464.24 2.59 1313.20 2.82 1.39 1.67 -95.6 -2.8 0.0 Basalt 66 62 60 17 Dam
A 592 464.02 1316.31
P B 592 464.02 0.67 1316.31 3.42 1.75 1.95 -90.5 0.0 -1.8 Basalt 66 62 60 17 Dam
P B 592 464.29 1.95 1316.31 2.29 1.00 1.42 -93.1 4.6 0.0 Basalt 38 36 40 17 Dam
A 593 464.18 1319.43
P B 593 464.18 0.88 1319.43 3.42 2.16 2.21 -86.0 0.0 0.7 Basalt 58 56 56 17 Dam
P B 593 464.07 2.43 1319.43 2.06 1.13 1.47 -95.9 4.7 0.0 Basalt 58 56 56 17 Dam
A 594 464.34 1322.54
P B 594 464.34 0.79 1322.54 3.42 1.97 2.19 -86.2 0.0 2.1 Basalt 38 36 40 17 Dam
P B 594 464.25 2.16 1322.54 2.61 0.97 1.58 -85.8 1.4 0.0 Basalt 66 62 60 17 Dam
A 595 465.16 1338.11
P B 595 465.16 0.68 1338.11 3.42 1.76 1.98 -90.2 0.0 1.6 Basalt 66 62 60 17 Dam
P B 595 465.02 1.94 1338.11 2.53 0.97 1.41 -87.2 -1.1 0.0 Basalt 38 36 40 17 Dam
A 596 465.33 1341.23
P B 596 465.33 0.84 1341.23 3.42 2.07 2.24 -84.3 0.0 1.4 Basalt 46 44 46 17 Dam
P B 596 465.71 2.40 1341.23 2.51 1.26 1.52 -88.4 -2.1 0.0 Basalt 58 56 56 17 Dam
A 597 465.49 1344.34
P B 597 465.49 0.78 1344.34 3.42 1.95 2.22 -85.1 0.0 -2.0 Basalt 38 36 40 17 Dam
A 598 465.66 1347.46
P B 598 465.66 0.87 1347.46 3.42 2.15 1.96 -85.1 0.0 -2.8 Basalt 58 56 56 17 Dam
P B 598 465.86 2.45 1347.46 2.46 1.21 1.60 -89.5 -1.0 0.0 Basalt 46 44 46 17 Dam
A 599 465.82 1350.57
P B 599 465.82 0.81 1350.57 3.42 2.01 2.18 -90.2 0.0 2.9 Basalt 52 50 54 17 Dam
A 600 465.98 1353.69
P B 600 465.98 0.88 1353.69 3.42 2.16 2.04 -84.9 0.0 -0.8 Basalt 58 56 56 17 Dam
P B 600 465.95 2.41 1353.69 2.33 1.10 1.65 -86.0 1.5 0.0 Basalt 46 44 46 17 Dam
A 601 466.15 1356.80
P B 601 466.15 0.67 1356.80 3.42 1.74 2.06 -83.3 0.0 2.8 Basalt 52 50 54 17 Dam
P B 601 466.15 1.98 1356.80 2.45 1.08 1.65 -89.1 3.9 0.0 Basalt 38 36 40 17 Dam
A 602 466.31 1359.92
P B 602 466.31 0.69 1359.92 3.42 1.78 2.17 -84.0 0.0 -1.1 Basalt 58 56 56 17 Dam
P B 602 466.24 2.06 1359.92 2.64 1.16 1.57 -86.3 -3.9 0.0 Basalt 66 62 60 17 Dam
A 603 466.48 1363.03
P B 603 466.48 0.85 1363.03 3.42 2.11 2.12 -85.3 0.0 2.2 Basalt 38 36 40 17 Dam
P B 603 466.87 2.42 1363.03 2.72 1.22 1.66 -78.6 3.1 0.0 Basalt 58 56 56 17 Dam
A 604 466.64 1366.15
P B 604 466.64 0.86 1366.15 3.42 2.12 1.99 -90.6 0.0 1.1 Basalt 38 36 40 17 Dam
P B 604 466.29 2.46 1366.15 2.27 1.30 1.65 -90.0 -2.6 0.0 Basalt 46 44 46 17 Dam
A 605 466.80 1369.26
P B 605 466.80 0.89 1369.26 3.42 2.18 2.12 -85.5 0.0 1.7 Basalt 38 36 40 17 Dam
A 606 466.97 1372.38
P B 606 466.97 0.72 1372.38 3.42 1.83 2.18 -86.2 0.0 0.7 Basalt 46 44 46 17 Dam
P B 606 466.89 2.19 1372.38 2.07 1.31 1.49 -80.9 -1.3 0.0 Basalt 46 44 46 17 Dam
A 607 467.13 1375.49
P B 607 467.13 0.84 1375.49 3.42 2.09 2.01 -83.4 0.0 1.2 Basalt 38 36 40 17 Dam
A 608 467.30 1378.61
P B 608 467.30 0.86 1378.61 3.42 2.13 2.03 -87.3 0.0 -0.0 Basalt 66 62 60 17 Dam
P B 608 467.27 2.38 1378.61 2.29 1.11 1.48 -88.1 1.5 0.0 Basalt 66 62 60 17 Dam
A 609 467.46 1381.72
P B 609 467.46 0.70 1381.72 3.42 1.79 2.03 -86.8 0.0 0.5 Basalt 66 62 60 17 Dam
P B 609 467.66 2.00 1381.72 2.66 1.02 1.48 -86.4 2.6 0.0 Basalt 66 62 60 17 Dam
A 610 467.62 1384.84
P B 610 467.62 0.82 1384.84 3.42 2.03 1.91 -86.7 0.0 -0.8 Basalt 46 44 46 17 Dam
A 611 467.79 1387.95
P B 611 467.79 0.66 1387.95 3.42 1.72 2.08 -83.6 0.0 -1.2 Basalt 52 50 54 17 Dam
P B 611 467.60 2.04 1387.95 3.04 1.25 1.68 -96.5 4.4 0.0 Basalt 66 62 60 17 Dam
A 612 467.95 1391.07
P B 612 467.95 0.86 1391.07 3.42 2.12 2.18 -85.9 0.0 2.6 Basalt 58 56 56 17 Dam
P B 612 467.67 2.45 1391.07 2.64 1.26 1.56 -96.6 3.8 0.0 Basalt 46 44 46 17 Dam
A 613 468.11 1394.18
P B 613 468.11 0.69 1394.18 3.42 1.78 1.93 -84.7 0.0 -2.3 Basalt 38 36 40 17 Dam
P B 613 468.10 2.15 1394.18 3.02 1.34 1.55 -91.6 0.2 0.0 Basalt 46 44 46 17 Dam
A 614 468.28 1397.30
P B 614 468.28 0.77 1397.30 3.42 1.94 1.98 -90.0 0.0 1.7 Basalt 58 56 56 17 Dam
P B 614 468.42 2.27 1397.30 2.69 1.26 1.57 -93.7 -0.5 0.0 Basalt 66 62 60 17 Dam
A 615 468.44 1400.41
P B 615 468.44 0.67 1400.41 3.42 1.75 1.95 -84.1 0.0 -2.7 Basalt 58 56 56 17 Dam
A 616 468.61 1403.52
P B 616 468.61 0.84 1403.52 3.42 2.07 1.97 -88.5 0.0 1.3 Basalt 52 50 54 17 Dam
A 617 468.77 1406.64
P B 617 468.77 0.84 1406.64 3.42 2.07 1.97 -88.1 0.0 -1.1 Basalt 66 62 60 17 Dam
A 618 468.93 1409.75
P B 618 468.93 0.66 1409.75 3.42 1.71 1.98 -88.4 0.0 1.5 Basalt 58 56 56 17 Dam
P B 618 469.10 2.08 1409.75 2.44 1.34 1.45 -86.2 -3.9 0.0 Basalt 58 56 56 17 Dam
A 619 469.10 1412.87
P B 619 469.10 0.84 1412.87 3.42 2.08 1.95 -83.9 0.0 -2.7 Basalt 46 44 46 17 Dam
A 620 469.26 1415.98
P B 620 469.26 0.82 1415.98 3.42 2.04 2.09 -88.4 0.0 -0.2 Basalt 46 44 46 17 Dam
A 621 469.43 1419.10
P B 621 469.43 0.77 1419.10 3.42 1.93 2.30 -87.0 0.0 1.5 Basalt 66 62 60 17 Dam
P B 621 469.35 2.09 1419.10 2.51 0.91 1.67 -86.5 -2.8 0.0 Basalt 58 56 56 17 Dam
A 622 469.59 1422.21
P B 622 469.59 0.85 1422.21 3.42 2.10 2.10 -84.2 0.0 2.6 Basalt 46 44 46 17 Dam
P B 622 469.86 2.43 1422.21 3.06 1.26 1.69 -93.0 -2.9 0.0 Basalt 66 62 60 17 Dam
A 623 469.75 1425.33
P B 623 469.75 0.72 1425.33 3.42 1.83 2.26 -84.2 0.0 0.6 Basalt 46 44 46 17 Dam
A 624 469.92 1428.44
P B 624 469.92 0.81 1428.44 3.42 2.02 2.26 -84.6 0.0 -2.1 Basalt 66 62 60 17 Dam
P B 624 470.12 2.41 1428.44 2.43 1.36 1.63 -95.0 0.6 0.0 Basalt 38 36 40 17 Dam
A 625 639.76 1066.55
P B 625 639.76 0.75 1066.55 3.43 1.91 1.92 -96.4 0.0 -1.1 Basalt 52 50 54 17 Dam
P B 625 639.85 2.19 1066.55 2.48 1.16 1.60 -106.0 -1.0 0.0 Basalt 46 44 46 17 Dam
A 626 639.29 1069.64
P B 626 639.29 0.88 1069.64 3.43 2.15 2.13 -98.1 0.0 -0.8 Basalt 58 56 56 17 Dam
P B 626 638.97 2.50 1069.64 2.15 1.30 1.67 -96.4 -4.6 0.0 Basalt 38 36 40 17 Dam
A 627 638.81 1072.74
P B 627 638.81 0.76 1072.74 3.43 1.92 2.19 -100.0 0.0 2.9 Basalt 52 50 54 17 Dam
P B 627 639.12 2.27 1072.74 2.10 1.30 1.60 -97.1 4.5 0.0 Basalt 38 36 40 17 Dam
A 628 638.33 1075.83
P B 628 638.33 0.83 1075.83 3.43 2.07 2.27 -96.2 0.0 1.4 Basalt 58 56 56 17 Dam
P B 628 638.09 2.30 1075.83 2.59 1.07 1.69 -96.7 1.8 0.0 Basalt 52 50 54 17 Dam
A 629 637.86 1078.93
P B 629 637.86 0.68 1078.93 3.43 1.77 2.07 -102.2 0.0 -1.2 Basalt 66 62 60 17 Dam
P B 629 638.29 2.14 1078.93 3.06 1.34 1.60 -97.9 0.2 0.0 Basalt 46 44 46 17 Dam
A 630 637.38 1082.02
P B 630 637.38 0.79 1082.02 3.43 1.98 1.99 -98.2 0.0 1.0 Basalt 46 44 46 17 Dam
P B 630 637.84 2.37 1082.02 2.55 1.38 1.65 -101.5 4.2 0.0 Basalt 58 56 56 17 Dam
A 631 636.90 1085.12
P B 631 636.90 0.88 1085.12 3.43 2.15 2.15 -96.7 0.0 -1.2 Basalt 58 56 56 17 Dam
P B 631 636.76 2.47 1085.12 2.49 1.23 1.66 -108.1 -3.4 0.0 Basalt 38 36 40 17 Dam
A 632 636.43 1088.21
P B 632 636.43 0.81 1088.21 3.43 2.02 1.93 -96.2 0.0 -0.5 Basalt 46 44 46 17 Dam
A 633 635.95 1091.31
P B 633 635.95 0.82 1091.31 3.43 2.04 1.94 -102.5 0.0 -2.8 Basalt 46 44 46 17 Dam
P B 633 635.64 2.35 1091.31 2.34 1.23 1.67 -106.0 2.9 0.0 Basalt 66 62 60 17 Dam
A 634 635.48 1094.40
P B 634 635.48 0.66 1094.40 3.43 1.73 1.91 -100.0 0.0 1.6 Basalt 38 36 40 17 Dam
P B 634 635.42 2.04 1094.40 2.74 1.22 1.67 -108.2 0.1 0.0 Basalt 58 56 56 17 Dam
A 635 635.00 1097.50
P B 635 635.00 0.70 1097.50 3.43 1.80 2.14 -96.2 0.0 -0.2 Basalt 58 56 56 17 Dam
A 636 634.52 1100.60
P B 636 634.52 0.76 1100.60 3.43 1.92 2.29 -97.5 0.0 -2.6 Basalt 66 62 60 17 Dam
A 637 634.05 1103.69
P B 637 634.05 0.68 1103.69 3.43 1.76 2.06 -98.8 0.0 -0.3 Basalt 66 62 60 17 Dam
P B 637 634.05 2.11 1103.69 2.93 1.30 1.63 -100.6 -1.2 0.0 Basalt 66 62 60 17 Dam
A 638 633.57 1106.79
P B 638 633.57 0.77 1106.79 3.43 1.95 1.95 -96.0 0.0 -1.8 Basalt 58 56 56 17 Dam
P B 638 633.45 2.11 1106.79 2.29 0.93 1.54 -104.2 -4.1 0.0 Basalt 46 44 46 17 Dam
A 639 633.10 1109.88
P B 639 633.10 0.84 1109.88 3.43 2.09 2.09 -98.6 0.0 -0.6 Basalt 52 50 54 17 Dam
P B 639 632.68 2.31 1109.88 2.37 1.06 1.44 -99.8 -3.8 0.0 Basalt 46 44 46 17 Dam
A 640 632.62 1112.98
P B 640 632.62 0.83 1112.98 3.43 2.05 2.27 -94.8 0.0 1.0 Basalt 58 56 56 17 Dam
P B 640 633.05 2.45 1112.98 2.87 1.39 1.65 -92.1 -4.1 0.0 Basalt 38 36 40 17 Dam
A 641 632.14 1116.07
P B 641 632.14 0.87 1116.07 3.43 2.14 1.90 -96.2 0.0 -0.1 Basalt 52 50 54 17 Dam
A 642 631.67 1119.17
P B 642 631.67 0.86 1119.17 3.43 2.12 2.28 -99.1 0.0 0.5 Basalt 66 62 60 17 Dam
P B 642 631.53 2.44 1119.17 2.20 1.24 1.45 -94.7 -1.4 0.0 Basalt 46 44 46 17 Dam
A 643 631.19 1122.26
P B 643 631.19 0.87 1122.26 3.43 2.15 1.92 -98.0 0.0 1.6 Basalt 38 36 40 17 Dam
P B 643 631.16 2.33 1122.26 2.17 0.96 1.43 -96.6 3.5 0.0 Basalt 58 56 56 17 Dam
A 644 630.71 1125.36
P B 644 630.71 0.89 1125.36 3.43 2.18 2.18 -95.2 0.0 1.2 Basalt 66 62 60 17 Dam
P B 644 631.09 2.57 1125.36 2.76 1.37 1.49 -99.7 0.5 0.0 Basalt 38 36 40 17 Dam
A 645 630.24 1128.45
P B 645 630.24 0.67 1128.45 3.43 1.74 2.22 -96.2 0.0 2.5 Basalt 66 62 60 17 Dam
P B 645 629.89 2.04 1128.45 2.42 1.19 1.48 -91.9 -0.3 0.0 Basalt 58 56 56 17 Dam
A 646 629.76 1131.55
P B 646 629.76 0.88 1131.55 3.43 2.15 2.06 -97.3 0.0 -1.3 Basalt 58 56 56 17 Dam
A 647 629.29 1134.64
P B 647 629.29 0.69 1134.64 3.43 1.77 2.30 -96.3 0.0 1.7 Basalt 52 50 54 17 Dam
P B 647 629.45 2.10 1134.64 2.89 1.26 1.51 -93.0 -1.5 0.0 Basalt 52 50 54 17 Dam
A 648 628.81 1137.74
P B 648 628.81 0.84 1137.74 3.43 2.08 2.22 -98.0 0.0 -2.7 Basalt 66 62 60 17 Dam
P B 648 629.22 2.46 1137.74 2.69 1.35 1.53 -104.4 1.4 0.0 Basalt 46 44 46 17 Dam
A 649 628.33 1140.83
P B 649 628.33 0.77 1140.83 3.43 1.94 2.00 -96.0 0.0 0.7 Basalt 66 62 60 17 Dam
P B 649 628.62 2.10 1140.83 2.29 0.92 1.51 -89.8 -3.9 0.0 Basalt 38 36 40 17 Dam
A 650 627.86 1143.93
P B 650 627.86 0.70 1143.93 3.43 1.79 2.11 -96.6 0.0 2.2 Basalt 58 56 56 17 Dam
P B 650 627.90 1.95 1143.93 2.09 0.91 1.42 -93.5 1.3 0.0 Basalt 58 56 56 17 Dam
A 651 627.38 1147.02
P B 651 627.38 0.69 1147.02 3.43 1.77 2.15 -100.8 0.0 -0.7 Basalt 66 62 60 17 Dam
P B 651 627.46 2.01 1147.02 2.42 1.07 1.54 -105.1 4.0 0.0 Basalt 58 56 56 17 Dam
A 652 626.90 1150.12
P B 652 626.90 0.70 1150.12 3.43 1.80 2.30 -99.8 0.0 1.7 Basalt 52 50 54 17 Dam
A 653 626.43 1153.21
P B 653 626.43 0.90 1153.21 3.43 2.19 1.96 -95.3 0.0 1.8 Basalt 58 56 56 17 Dam
A 654 624.52 1165.60
P B 654 624.52 0.87 1165.60 3.43 2.15 2.14 -100.6 0.0 0.5 Basalt 66 62 60 17 Dam
P B 654 625.01 2.40 1165.60 2.86 1.10 1.50 -100.5 -3.4 0.0 Basalt 66 62 60 17 Dam
A 655 624.05 1168.69
P B 655 624.05 0.72 1168.69 3.43 1.84 1.92 -102.4 0.0 0.1 Basalt 52 50 54 17 Dam
P B 655 623.70 2.17 1168.69 2.57 1.27 1.48 -104.3 -0.9 0.0 Basalt 38 36 40 17 Dam
A 656 623.57 1171.79
P B 656 623.57 0.68 1171.79 3.43 1.77 1.92 -97.0 0.0 -0.5 Basalt 38 36 40 17 Dam
P B 656 623.54 2.08 1171.79 2.28 1.24 1.68 -105.0 2.9 0.0 Basalt 66 62 60 17 Dam
A 657 623.10 1174.88
P B 657 623.10 0.88 1174.88 3.43 2.16 2.18 -94.8 0.0 -1.5 Basalt 58 56 56 17 Dam
P B 657 623.05 2.36 1174.88 2.48 1.01 1.58 -90.3 0.6 0.0 Basalt 58 56 56 17 Dam
A 658 622.62 1177.98
P B 658 622.62 0.73 1177.98 3.43 1.86 2.13 -98.0 0.0 -1.6 Basalt 58 56 56 17 Dam
P B 658 622.98 2.14 1177.98 2.85 1.17 1.57 -96.6 4.2 0.0 Basalt 58 56 56 17 Dam
A 659 622.14 1181.07
P B 659 622.14 0.72 1181.07 3.43 1.84 2.20 -95.0 0.0 -0.5 Basalt 38 36 40 17 Dam
P B 659 621.92 2.24 1181.07 2.86 1.39 1.45 -97.0 3.5 0.0 Basalt 66 62 60 17 Dam
A 660 621.67 1184.17
P B 660 621.67 0.86 1184.17 3.43 2.12 2.02 -95.9 0.0 2.3 Basalt 66 62 60 17 Dam
A 661 621.19 1187.26
P B 661 621.19 0.76 1187.26 3.43 1.92 2.19 -102.5 0.0 1.3 Basalt 58 56 56 17 Dam
P B 661 620.86 2.20 1187.26 3.00 1.16 1.65 -103.1 -2.3 0.0 Basalt 46 44 46 17 Dam
A 662 620.71 1190.36
P B 662 620.71 0.77 1190.36 3.43 1.94 2.10 -95.8 0.0 -1.6 Basalt 66 62 60 17 Dam
P B 662 621.15 2.11 1190.36 2.37 0.94 1.62 -91.4 0.7 0.0 Basalt 52 50 54 17 Dam
A 663 620.24 1193.45
P B 663 620.24 0.74 1193.45 3.43 1.88 2.16 -99.9 0.0 -2.1 Basalt 46 44 46 17 Dam
P B 663 620.69 2.10 1193.45 2.43 1.04 1.55 -103.2 -0.8 0.0 Basalt 38 36 40 17 Dam
A 664 619.76 1196.55
P B 664 619.76 0.65 1196.55 3.43 1.70 2.28 -97.0 0.0 -0.2 Basalt 66 62 60 17 Dam
A 665 619.29 1199.64
P B 665 619.29 0.68 1199.64 3.43 1.76 2.12 -95.9 0.0 -0.4 Basalt 38 36 40 17 Dam
P B 665 619.66 2.05 1199.64 2.82 1.18 1.47 -90.6 -1.8 0.0 Basalt 52 50 54 17 Dam
A 666 618.81 1202.74
P B 666 618.81 0.90 1202.74 3.43 2.19 2.29 -102.5 0.0 2.6 Basalt 46 44 46 17 Dam
A 667 618.33 1205.83
P B 667 618.33 0.66 1205.83 3.43 1.72 2.08 -101.9 0.0 0.6 Basalt 66 62 60 17 Dam
P B 667 618.46 1.88 1205.83 2.50 0.91 1.56 -90.7 1.5 0.0 Basalt 58 56 56 17 Dam
A 668 617.86 1208.93
P B 668 617.86 0.83 1208.93 3.43 2.06 1.97 -97.4 0.0 -2.8 Basalt 58 56 56 17 Dam
P B 668 618.18 2.32 1208.93 2.44 1.12 1.68 -104.7 2.6 0.0 Basalt 52 50 54 17 Dam
A 669 617.38 1212.02
P B 669 617.38 0.84 1212.02 3.43 2.07 2.09 -97.5 0.0 -0.1 Basalt 52 50 54 17 Dam
A 670 616.90 1215.12
P B 670 616.90 0.76 1215.12 3.43 1.92 1.93 -96.0 0.0 2.0 Basalt 46 44 46 17 Dam
P B 670 616.93 2.14 1215.12 2.75 1.03 1.63 -98.7 1.8 0.0 Basalt 38 36 40 17 Dam
A 671 616.43 1218.21
P B 671 616.43 0.70 1218.21 3.43 1.80 1.90 -95.7 0.0 -1.5 Basalt 58 56 56 17 Dam
P B 671 616.32 2.01 1218.21 2.76 1.01 1.53 -102.2 1.0 0.0 Basalt 38 36 40 17 Dam
A 672 615.95 1221.31
P B 672 615.95 0.66 1221.31 3.43 1.72 2.03 -97.2 0.0 -2.7 Basalt 66 62 60 17 Dam
P B 672 615.76 2.00 1221.31 2.12 1.17 1.69 -107.2 3.7 0.0 Basalt 46 44 46 17 Dam
A 673 615.48 1224.40
P B 673 615.48 0.87 1224.40 3.43 2.14 2.21 -101.2 0.0 0.6 Basalt 52 50 54 17 Dam
P B 673 615.89 2.32 1224.40 2.99 0.96 1.67 -95.2 -3.0 0.0 Basalt 46 44 46 17 Dam
A 674 615.00 1227.50
P B 674 615.00 0.89 1227.50 3.43 2.17 2.24 -100.2 0.0 0.8 Basalt 46 44 46 17 Dam
P B 674 614.91 2.45 1227.50 2.48 1.17 1.62 -106.8 -4.9 0.0 Basalt 66 62 60 17 Dam
A 675 614.52 1230.60
P B 675 614.52 0.89 1230.60 3.43 2.19 2.03 -101.8 0.0 0.0 Basalt 58 56 56 17 Dam
A 676 614.05 1233.69
P B 676 614.05 0.66 1233.69 3.43 1.71 2.27 -102.0 0.0 -3.0 Basalt 52 50 54 17 Dam
P B 676 613.92 2.11 1233.69 2.15 1.39 1.69 -105.4 -1.6 0.0 Basalt 52 50 54 17 Dam
A 677 613.57 1236.79
P B 677 613.57 0.77 1236.79 3.43 1.94 2.09 -100.7 0.0 -2.6 Basalt 46 44 46 17 Dam
A 678 613.10 1239.88
P B 678 613.10 0.65 1239.88 3.43 1.70 2.11 -100.0 0.0 2.1 Basalt 58 56 56 17 Dam
A 679 612.62 1242.98
P B 679 612.62 0.82 1242.98 3.43 2.03 1.91 -96.1 0.0 -2.9 Basalt 58 56 56 17 Dam
P B 679 612.87 2.38 1242.98 2.96 1.29 1.42 -100.7 -3.3 0.0 Basalt 66 62 60 17 Dam
A 680 612.14 1246.07
P B 680 612.14 0.83 1246.07 3.43 2.07 2.01 -96.7 0.0 0.5 Basalt 46 44 46 17 Dam
P B 680 612.36 2.30 1246.07 2.40 1.07 1.45 -108.6 0.6 0.0 Basalt 46 44 46 17 Dam
A 681 611.67 1249.17
P B 681 611.67 0.76 1249.17 3.43 1.93 2.08 -95.4 0.0 -0.4 Basalt 52 50 54 17 Dam
P B 681 611.58 2.24 1249.17 2.46 1.22 1.49 -105.6 -4.0 0.0 Basalt 46 44 46 17 Dam
A 682 611.19 1252.26
P B 682 611.19 0.71 1252.26 3.43 1.82 2.08 -97.2 0.0 -1.3 Basalt 52 50 54 17 Dam
P B 682 610.79 2.10 1252.26 2.90 1.16 1.68 -97.6 0.6 0.0 Basalt 58 56 56 17 Dam
A 683 610.71 1255.36
P B 683 610.71 0.79 1255.36 3.43 1.97 2.21 -97.2 0.0 3.0 Basalt 46 44 46 17 Dam
P B 683 610.51 2.37 1255.36 2.42 1.39 1.54 -98.0 2.2 0.0 Basalt 58 56 56 17 Dam
A 684 610.24 1258.45
P B 684 610.24 0.70 1258.45 3.43 1.80 2.15 -98.3 0.0 -0.7 Basalt 52 50 54 17 Dam
A 685 609.90 1261.57
P B 685 609.90 0.73 1261.57 3.44 1.87 2.30 -93.9 0.0 1.1 Basalt 46 44 46 17 Dam
A 686 609.71 1264.71
P B 686 609.71 0.72 1264.71 3.44 1.84 1.93 -94.8 0.0 0.2 Basalt 52 50 54 17 Dam
P B 686 609.91 2.21 1264.71 2.13 1.35 1.64 -96.6 2.0 0.0 Basalt 66 62 60 17 Dam
A 687 609.51 1267.84
P B 687 609.51 0.71 1267.84 3.44 1.82 2.19 -93.8 0.0 2.9 Basalt 58 56 56 17 Dam
A 688 609.31 1270.98
P B 688 609.31 0.83 1270.98 3.44 2.07 2.21 -92.1 0.0 1.4 Basalt 66 62 60 17 Dam
P B 688 609.18 2.46 1270.98 2.78 1.39 1.43 -95.1 0.8 0.0 Basalt 46 44 46 17 Dam
A 689 609.12 1274.12
P B 689 609.12 0.68 1274.12 3.44 1.76 1.94 -89.9 0.0 0.1 Basalt 66 62 60 17 Dam
P B 689 609.26 2.07 1274.12 2.56 1.22 1.62 -99.2 -4.7 0.0 Basalt 52 50 54 17 Dam
A 690 608.92 1277.25
P B 690 608.92 0.78 1277.25 3.44 1.96 1.99 -93.6 0.0 -2.6 Basalt 66 62 60 17 Dam
P B 690 608.96 2.28 1277.25 3.01 1.24 1.69 -83.8 2.6 0.0 Basalt 58 56 56 17 Dam
A 691 608.73 1280.39
P B 691 608.73 0.85 1280.39 3.44 2.11 1.95 -90.2 0.0 2.9 Basalt 38 36 40 17 Dam
P B 691 608.54 2.29 1280.39 2.58 0.96 1.46 -92.6 -2.4 0.0 Basalt 66 62 60 17 Dam
A 692 608.53 1283.53
P B 692 608.53 0.88 1283.53 3.44 2.17 1.94 -89.9 0.0 0.9 Basalt 46 44 46 17 Dam
P B 692 608.48 2.40 1283.53 2.34 1.06 1.54 -87.7 0.3 0.0 Basalt 38 36 40 17 Dam
A 693 608.33 1286.67
P B 693 608.33 0.86 1286.67 3.44 2.12 1.94 -94.7 0.0 -1.5 Basalt 38 36 40 17 Dam
P B 693 608.79 2.33 1286.67 2.83 1.01 1.70 -88.5 -1.0 0.0 Basalt 46 44 46 17 Dam
A 694 608.14 1289.80
P B 694 608.14 0.90 1289.80 3.44 2.19 2.04 -94.7 0.0 -0.4 Basalt 46 44 46 17 Dam
P B 694 608.20 2.35 1289.80 2.49 0.91 1.46 -99.0 2.9 0.0 Basalt 52 50 54 17 Dam
A 695 607.94 1292.94
P B 695 607.94 0.74 1292.94 3.44 1.89 1.95 -92.8 0.0 2.6 Basalt 52 50 54 17 Dam
P B 695 608.28 2.11 1292.94 2.56 1.04 1.49 -90.7 4.2 0.0 Basalt 38 36 40 17 Dam
A 696 607.75 1296.08
P B 696 607.75 0.73 1296.08 3.44 1.85 2.12 -96.7 0.0 0.6 Basalt 52 50 54 17 Dam
P B 696 607.84 2.20 1296.08 2.16 1.28 1.49 -92.9 1.2 0.0 Basalt 58 56 56 17 Dam
A 697 607.55 1299.22
P B 697 607.55 0.76 1299.22 3.44 1.92 2.01 -93.6 0.0 -1.5 Basalt 46 44 46 17 Dam
P B 697 607.77 2.31 1299.22 2.62 1.39 1.56 -90.6 0.4 0.0 Basalt 46 44 46 17 Dam
A 698 607.35 1302.35
P B 698 607.35 0.89 1302.35 3.44 2.18 2.23 -97.2 0.0 -1.0 Basalt 66 62 60 17 Dam
A 699 607.16 1305.49
P B 699 607.16 0.74 1305.49 3.44 1.88 1.93 -92.4 0.0 -2.3 Basalt 58 56 56 17 Dam
P B 699 606.90 2.08 1305.49 2.55 0.99 1.60 -98.1 2.4 0.0 Basalt 38 36 40 17 Dam
A 700 606.96 1308.63
P B 700 606.96 0.69 1308.63 3.44 1.78 2.29 -93.5 0.0 0.8 Basalt 38 36 40 17 Dam
P B 700 607.31 2.01 1308.63 2.53 1.05 1.55 -103.3 -1.5 0.0 Basalt 66 62 60 17 Dam
A 701 606.76 1311.76
P B 701 606.76 0.83 1311.76 3.44 2.07 2.08 -97.3 0.0 0.2 Basalt 58 56 56 17 Dam
A 702 606.57 1314.90
P B 702 606.57 0.82 1314.90 3.44 2.05 2.26 -93.1 0.0 -0.3 Basalt 52 50 54 17 Dam
A 703 606.37 1318.04
P B 703 606.37 0.69 1318.04 3.44 1.78 2.04 -95.8 0.0 -1.4 Basalt 38 36 40 17 Dam
P B 703 606.82 2.16 1318.04 2.33 1.36 1.50 -86.5 -4.8 0.0 Basalt 58 56 56 17 Dam
A 704 606.18 1321.18
P B 704 606.18 0.83 1321.18 3.44 2.07 2.27 -97.5 0.0 0.3 Basalt 38 36 40 17 Dam
A 705 605.98 1324.31
P B 705 605.98 0.68 1324.31 3.44 1.75 2.06 -90.5 0.0 2.7 Basalt 52 50 54 17 Dam
A 706 605.78 1327.45
P B 706 605.78 0.70 1327.45 3.44 1.79 2.09 -91.6 0.0 0.5 Basalt 66 62 60 17 Dam
A 707 605.59 1330.59
P B 707 605.59 0.69 1330.59 3.44 1.78 2.07 -95.5 0.0 2.5 Basalt 46 44 46 17 Dam
P B 707 605.12 1.98 1330.59 2.18 1.01 1.48 -94.7 -3.2 0.0 Basalt 58 56 56 17 Dam
A 708 605.39 1333.73
P B 708 605.39 0.66 1333.73 3.44 1.71 2.24 -90.8 0.0 -2.3 Basalt 52 50 54 17 Dam
P B 708 605.55 2.08 1333.73 2.10 1.35 1.58 -88.0 1.9 0.0 Basalt 58 56 56 17 Dam
A 709 605.20 1336.86
P B 709 605.20 0.81 1336.86 3.44 2.01 2.20 -94.9 0.0 -2.7 Basalt 52 50 54 17 Dam
P B 709 605.21 2.24 1336.86 2.69 1.04 1.54 -91.9 1.7 0.0 Basalt 38 36 40 17 Dam
A 710 605.00 1340.00
P B 710 605.00 0.89 1340.00 3.44 2.18 2.07 -95.5 0.0 2.2 Basalt 66 62 60 17 Dam
P B 710 605.05 2.56 1340.00 2.44 1.36 1.51 -97.0 4.1 0.0 Basalt 52 50 54 17 Dam
A 711 604.80 1343.14
P B 711 604.80 0.73 1343.14 3.44 1.87 2.15 -93.2 0.0 0.2 Basalt 38 36 40 17 Dam
P B 711 604.65 2.03 1343.14 2.48 0.92 1.65 -92.3 -2.1 0.0 Basalt 58 56 56 17 Dam
A 712 604.61 1346.27
P B 712 604.61 0.77 1346.27 3.44 1.94 2.16 -95.6 0.0 -0.7 Basalt 66 62 60 17 Dam
A 713 604.41 1349.41
P B 713 604.41 0.77 1349.41 3.44 1.93 1.95 -93.2 0.0 1.5 Basalt 46 44 46 17 Dam
P B 713 604.48 2.12 1349.41 3.08 0.97 1.64 -83.7 2.0 0.0 Basalt 46 44 46 17 Dam
A 714 604.22 1352.55
P B 714 604.22 0.82 1352.55 3.44 2.04 1.96 -92.4 0.0 -1.0 Basalt 52 50 54 17 Dam
P B 714 604.47 2.22 1352.55 2.25 0.96 1.64 -94.1 2.3 0.0 Basalt 58 56 56 17 Dam
A 715 604.02 1355.69
P B 715 604.02 0.87 1355.69 3.44 2.13 2.13 -91.9 0.0 -0.1 Basalt 58 56 56 17 Dam
P B 715 603.60 2.34 1355.69 2.82 1.02 1.64 -99.4 3.5 0.0 Basalt 52 50 54 17 Dam
A 716 603.82 1358.82
P B 716 603.82 0.86 1358.82 3.44 2.12 2.15 -92.2 0.0 -1.3 Basalt 58 56 56 17 Dam
P B 716 603.35 2.47 1358.82 2.87 1.31 1.46 -100.0 0.5 0.0 Basalt 46 44 46 17 Dam
A 717 603.63 1361.96
P B 717 603.63 0.76 1361.96 3.44 1.92 2.30 -94.5 0.0 2.6 Basalt 52 50 54 17 Dam
P B 717 603.52 2.16 1361.96 2.95 1.08 1.65 -93.2 0.2 0.0 Basalt 38 36 40 17 Dam
A 718 603.43 1365.10
P B 718 603.43 0.71 1365.10 3.44 1.81 1.95 -94.5 0.0 -1.6 Basalt 46 44 46 17 Dam
P B 718 603.70 1.97 1365.10 2.48 0.92 1.44 -85.5 -3.5 0.0 Basalt 58 56 56 17 Dam
A 719 603.24 1368.24
P B 719 603.24 0.71 1368.24 3.44 1.82 1.99 -91.0 0.0 0.0 Basalt 66 62 60 17 Dam
P B 719 603.61 2.04 1368.24 2.20 1.03 1.69 -101.3 4.3 0.0 Basalt 52 50 54 17 Dam
A 720 603.04 1371.37
P B 720 603.04 0.75 1371.37 3.44 1.89 2.10 -90.1 0.0 1.5 Basalt 52 50 54 17 Dam
P B 720 602.99 2.25 1371.37 2.31 1.31 1.48 -92.2 4.9 0.0 Basalt 58 56 56 17 Dam
A 721 602.84 1374.51
P B 721 602.84 0.68 1374.51 3.44 1.77 2.00 -96.2 0.0 1.5 Basalt 58 56 56 17 Dam
P B 721 602.55 2.07 1374.51 2.46 1.20 1.59 -88.2 -4.2 0.0 Basalt 38 36 40 17 Dam
A 722 602.65 1377.65
P B 722 602.65 0.72 1377.65 3.44 1.84 2.04 -94.7 0.0 1.0 Basalt 38 36 40 17 Dam
A 723 602.45 1380.78
P B 723 602.45 0.88 1380.78 3.44 2.16 2.06 -94.8 0.0 2.5 Basalt 46 44 46 17 Dam
P B 723 602.29 2.31 1380.78 2.89 0.90 1.64 -99.6 -4.0 0.0 Basalt 66 62 60 17 Dam
A 724 602.25 1383.92
P B 724 602.25 0.73 1383.92 3.44 1.86 2.06 -97.4 0.0 0.9 Basalt 66 62 60 17 Dam
P B 724 602.15 2.20 1383.92 2.16 1.29 1.67 -92.7 -1.7 0.0 Basalt 38 36 40 17 Dam
A 725 602.06 1387.06
P B 725 602.06 0.89 1387.06 3.44 2.19 2.12 -96.2 0.0 -1.9 Basalt 66 62 60 17 Dam
P B 725 601.84 2.37 1387.06 2.07 0.96 1.57 -96.5 4.2 0.0 Basalt 46 44 46 17 Dam
A 726 601.86 1390.20
P B 726 601.86 0.79 1390.20 3.44 1.97 1.97 -94.6 0.0 -1.4 Basalt 38 36 40 17 Dam
A 727 601.67 1393.33
P B 727 601.67 0.83 1393.33 3.44 2.05 2.24 -91.6 0.0 -1.8 Basalt 66 62 60 17 Dam
P B 727 602.11 2.42 1393.33 2.18 1.33 1.62 -94.0 2.2 0.0 Basalt 58 56 56 17 Dam
A 728 601.47 1396.47
P B 728 601.47 0.77 1396.47 3.44 1.93 2.13 -91.1 0.0 0.2 Basalt 66 62 60 17 Dam
P B 728 601.49 2.12 1396.47 2.44 0.97 1.41 -97.8 2.6 0.0 Basalt 66 62 60 17 Dam
A 729 601.27 1399.61
P B 729 601.27 0.87 1399.61 3.44 2.15 1.96 -96.7 0.0 2.1 Basalt 52 50 54 17 Dam
P B 729 600.84 2.47 1399.61 2.69 1.25 1.70 -101.4 -5.0 0.0 Basalt 46 44 46 17 Dam
A 730 601.08 1402.75
P B 730 601.08 0.82 1402.75 3.44 2.04 1.98 -94.0 0.0 1.9 Basalt 46 44 46 17 Dam
P B 730 600.98 2.34 1402.75 2.46 1.21 1.54 -83.6 0.1 0.0 Basalt 52 50 54 17 Dam
A 731 600.88 1405.88
P B 731 600.88 0.83 1405.88 3.44 2.06 2.05 -97.1 0.0 2.7 Basalt 58 56 56 17 Dam
P B 731 600.82 2.28 1405.88 2.53 1.04 1.44 -87.8 3.2 0.0 Basalt 58 56 56 17 Dam
A 732 600.69 1409.02
P B 732 600.69 0.85 1409.02 3.44 2.11 2.23 -96.8 0.0 3.0 Basalt 46 44 46 17 Dam
P B 732 601.04 2.36 1409.02 2.32 1.10 1.51 -97.6 -0.5 0.0 Basalt 38 36 40 17 Dam
A 733 600.49 1412.16
P B 733 600.49 0.79 1412.16 3.44 1.97 2.14 -96.3 0.0 1.4 Basalt 58 56 56 17 Dam
P B 733 600.70 2.18 1412.16 2.68 1.02 1.57 -87.6 1.0 0.0 Basalt 38 36 40 17 Dam
A 734 600.29 1415.29
P B 734 600.29 0.74 1415.29 3.44 1.88 2.03 -90.0 0.0 -2.0 Basalt 52 50 54 17 Dam
P B 734 600.15 2.06 1415.29 2.25 0.97 1.57 -90.1 -0.2 0.0 Basalt 52 50 54 17 Dam
A 735 600.10 1418.43
P B 735 600.10 0.87 1418.43 3.44 2.14 2.22 -91.5 0.0 -0.8 Basalt 52 50 54 17 Dam
P B 735 599.86 2.47 1418.43 2.89 1.27 1.59 -93.4 1.8 0.0 Basalt 58 56 56 17 Dam
A 736 730.10 1081.55
P B 736 730.10 0.77 1081.55 3.41 1.94 2.26 -82.6 0.0 1.7 Basalt 58 56 56 17 Dam
P B 736 729.84 2.28 1081.55 2.47 1.29 1.55 -77.0 0.8 0.0 Basalt 52 50 54 17 Dam
A 737 730.30 1084.65
P B 737 730.30 0.80 1084.65 3.41 2.01 2.18 -88.5 0.0 1.2 Basalt 52 50 54 17 Dam
P B 737 729.89 2.31 1084.65 2.46 1.21 1.50 -83.8 -2.5 0.0 Basalt 58 56 56 17 Dam
A 738 730.50 1087.75
P B 738 730.50 0.78 1087.75 3.41 1.96 1.90 -85.0 0.0 2.2 Basalt 52 50 54 17 Dam
P B 738 730.95 2.19 1087.75 2.58 1.06 1.54 -77.7 4.2 0.0 Basalt 52 50 54 17 Dam
A 739 730.70 1090.85
P B 739 730.70 0.69 1090.85 3.41 1.79 2.02 -87.7 0.0 1.2 Basalt 52 50 54 17 Dam
P B 739 730.27 2.15 1090.85 2.62 1.32 1.67 -84.5 -1.5 0.0 Basalt 66 62 60 17 Dam
A 740 730.90 1093.95
P B 740 730.90 0.80 1093.95 3.41 2.00 2.03 -87.6 0.0 -1.8 Basalt 58 56 56 17 Dam
P B 740 731.33 2.21 1093.95 2.16 1.02 1.58 -77.0 3.3 0.0 Basalt 52 50 54 17 Dam
A 741 731.10 1097.05
P B 741 731.10 0.88 1097.05 3.41 2.16 2.06 -84.0 0.0 -2.1 Basalt 52 50 54 17 Dam
P B 741 730.74 2.42 1097.05 2.36 1.11 1.41 -85.1 -2.2 0.0 Basalt 46 44 46 17 Dam
A 742 731.30 1100.15
P B 742 731.30 0.70 1100.15 3.41 1.79 2.08 -87.5 0.0 1.5 Basalt 66 62 60 17 Dam
P B 742 731.27 2.03 1100.15 2.60 1.08 1.68 -77.6 -1.1 0.0 Basalt 38 36 40 17 Dam
A 743 731.50 1103.25
P B 743 731.50 0.67 1103.25 3.41 1.73 1.95 -86.1 0.0 0.8 Basalt 38 36 40 17 Dam
P B 743 731.63 2.09 1103.25 2.15 1.31 1.46 -92.1 -4.8 0.0 Basalt 58 56 56 17 Dam
A 744 731.70 1106.35
P B 744 731.70 0.87 1106.35 3.41 2.14 1.91 -84.1 0.0 2.3 Basalt 52 50 54 17 Dam
A 745 731.90 1109.45
P B 745 731.90 0.81 1109.45 3.41 2.02 2.15 -83.4 0.0 1.8 Basalt 46 44 46 17 Dam
P B 745 732.17 2.20 1109.45 2.68 0.95 1.43 -79.7 -4.6 0.0 Basalt 38 36 40 17 Dam
A 746 732.10 1112.55
P B 746 732.10 0.71 1112.55 3.41 1.82 2.19 -85.7 0.0 -2.0 Basalt 66 62 60 17 Dam
P B 746 732.09 2.02 1112.55 2.53 0.99 1.64 -93.1 -3.8 0.0 Basalt 52 50 54 17 Dam
A 747 732.30 1115.65
P B 747 732.30 0.68 1115.65 3.41 1.76 2.07 -85.1 0.0 1.6 Basalt 46 44 46 17 Dam
P B 747 731.98 2.03 1115.65 2.29 1.15 1.61 -93.5 -2.1 0.0 Basalt 46 44 46 17 Dam
A 748 732.50 1118.75
P B 748 732.50 0.75 1118.75 3.41 1.90 1.92 -85.1 0.0 -1.1 Basalt 58 56 56 17 Dam
P B 748 732.74 2.05 1118.75 2.26 0.91 1.48 -87.0 2.5 0.0 Basalt 66 62 60 17 Dam
A 749 732.70 1121.85
P B 749 732.70 0.74 1121.85 3.41 1.89 2.13 -88.7 0.0 0.5 Basalt 46 44 46 17 Dam
P B 749 732.42 2.13 1121.85 2.24 1.08 1.42 -93.9 -1.8 0.0 Basalt 58 56 56 17 Dam
A 750 732.90 1124.95
P B 750 732.90 0.76 1124.95 3.41 1.93 1.94 -88.6 0.0 1.4 Basalt 58 56 56 17 Dam
P B 750 733.05 2.29 1124.95 2.14 1.33 1.60 -89.8 0.9 0.0 Basalt 58 56 56 17 Dam
A 751 733.10 1128.05
P B 751 733.10 0.86 1128.05 3.41 2.11 2.08 -85.3 0.0 2.5 Basalt 66 62 60 17 Dam
P B 751 732.62 2.44 1128.05 2.31 1.25 1.50 -87.6 -4.1 0.0 Basalt 58 56 56 17 Dam
A 752 733.30 1131.15
P B 752 733.30 0.89 1131.15 3.41 2.17 2.09 -83.5 0.0 1.9 Basalt 46 44 46 17 Dam
A 753 733.50 1134.25
P B 753 733.50 0.77 1134.25 3.41 1.95 1.91 -89.4 0.0 1.9 Basalt 58 56 56 17 Dam
P B 753 733.77 2.28 1134.25 2.32 1.26 1.62 -87.8 -4.1 0.0 Basalt 58 56 56 17 Dam
A 754 733.70 1137.35
P B 754 733.70 0.79 1137.35 3.41 1.98 2.24 -83.6 0.0 -1.6 Basalt 38 36 40 17 Dam
P B 754 733.67 2.23 1137.35 2.80 1.11 1.68 -93.8 -1.9 0.0 Basalt 52 50 54 17 Dam
A 755 733.90 1140.45
P B 755 733.90 0.86 1140.45 3.41 2.12 2.21 -83.1 0.0 -0.2 Basalt 38 36 40 17 Dam
P B 755 733.56 2.49 1140.45 2.17 1.35 1.50 -81.0 1.8 0.0 Basalt 38 36 40 17 Dam
A 756 734.10 1143.55
P B 756 734.10 0.71 1143.55 3.41 1.81 2.25 -85.2 0.0 -2.7 Basalt 58 56 56 17 Dam
P B 756 733.73 2.21 1143.55 2.60 1.39 1.52 -96.0 1.6 0.0 Basalt 58 56 56 17 Dam
A 757 734.30 1146.65
P B 757 734.30 0.74 1146.65 3.41 1.87 1.94 -88.6 0.0 -2.4 Basalt 58 56 56 17 Dam
P B 757 734.31 2.12 1146.65 2.71 1.09 1.44 -90.0 -2.7 0.0 Basalt 58 56 56 17 Dam
A 758 734.50 1149.75
P B 758 734.50 0.66 1149.75 3.41 1.73 1.99 -89.4 0.0 -2.3 Basalt 66 62 60 17 Dam
P B 758 734.04 1.95 1149.75 2.21 1.04 1.49 -96.0 -1.1 0.0 Basalt 66 62 60 17 Dam
A 759 734.70 1152.85
P B 759 734.70 0.75 1152.85 3.41 1.91 1.94 -82.7 0.0 1.4 Basalt 52 50 54 17 Dam
P B 759 735.07 2.27 1152.85 2.43 1.32 1.44 -81.6 -4.9 0.0 Basalt 58 56 56 17 Dam
A 760 735.70 1168.35
P B 760 735.70 0.85 1168.35 3.41 2.10 2.11 -86.1 0.0 2.2 Basalt 38 36 40 17 Dam
P B 760 735.50 2.36 1168.35 2.12 1.12 1.63 -90.9 0.7 0.0 Basalt 46 44 46 17 Dam
A 761 735.90 1171.45
P B 761 735.90 0.76 1171.45 3.41 1.91 2.14 -82.5 0.0 -1.8 Basalt 66 62 60 17 Dam
P B 761 735.54 2.17 1171.45 2.62 1.11 1.66 -78.2 3.3 0.0 Basalt 38 36 40 17 Dam
A 762 736.10 1174.55
P B 762 736.10 0.77 1174.55 3.41 1.93 1.91 -82.6 0.0 2.6 Basalt 38 36 40 17 Dam
P B 762 736.22 2.12 1174.55 2.61 0.98 1.68 -87.0 4.2 0.0 Basalt 38 36 40 17 Dam
A 763 736.30 1177.65
P B 763 736.30 0.76 1177.65 3.41 1.92 2.19 -86.3 0.0 -0.4 Basalt 38 36 40 17 Dam
P B 763 735.91 2.28 1177.65 2.63 1.33 1.47 -89.7 -1.0 0.0 Basalt 52 50 54 17 Dam
A 764 736.50 1180.75
P B 764 736.50 0.68 1180.75 3.41 1.76 2.08 -85.9 0.0 -2.7 Basalt 46 44 46 17 Dam
P B 764 736.24 2.02 1180.75 2.37 1.11 1.63 -94.4 -1.1 0.0 Basalt 58 56 56 17 Dam
A 765 736.70 1183.85
P B 765 736.70 0.66 1183.85 3.41 1.73 2.01 -85.0 0.0 2.5 Basalt 52 50 54 17 Dam
P B 765 736.71 1.97 1183.85 2.97 1.09 1.68 -84.7 2.9 0.0 Basalt 58 56 56 17 Dam
A 766 736.90 1186.95
P B 766 736.90 0.77 1186.95 3.41 1.95 2.10 -84.9 0.0 1.9 Basalt 38 36 40 17 Dam
P B 766 736.54 2.28 1186.95 2.58 1.28 1.54 -85.2 0.2 0.0 Basalt 52 50 54 17 Dam
A 767 737.10 1190.05
P B 767 737.10 0.87 1190.05 3.41 2.14 1.99 -86.3 0.0 1.7 Basalt 66 62 60 17 Dam
P B 767 736.93 2.34 1190.05 2.80 0.99 1.68 -89.6 2.0 0.0 Basalt 46 44 46 17 Dam
A 768 737.30 1193.15
P B 768 737.30 0.90 1193.15 3.41 2.19 2.13 -88.0 0.0 -0.6 Basalt 46 44 46 17 Dam
A 769 737.50 1196.25
P B 769 737.50 0.69 1196.25 3.41 1.78 2.13 -89.0 0.0 -0.5 Basalt 66 62 60 17 Dam
P B 769 737.80 2.15 1196.25 2.55 1.33 1.65 -94.6 2.1 0.0 Basalt 52 50 54 17 Dam
A 770 737.70 1199.35
P B 770 737.70 0.68 1199.35 3.41 1.76 2.21 -84.9 0.0 0.1 Basalt 38 36 40 17 Dam
P B 770 737.72 1.96 1199.35 2.98 1.01 1.58 -82.1 1.1 0.0 Basalt 52 50 54 17 Dam
A 771 737.90 1202.45
P B 771 737.90 0.76 1202.45 3.41 1.92 1.91 -85.9 0.0 1.1 Basalt 52 50 54 17 Dam
A 772 738.10 1205.55
P B 772 738.10 0.81 1205.55 3.41 2.02 2.13 -82.7 0.0 -0.3 Basalt 38 36 40 17 Dam
A 773 738.30 1208.65
P B 773 738.30 0.78 1208.65 3.41 1.97 2.19 -84.5 0.0 2.0 Basalt 52 50 54 17 Dam
P B 773 737.94 2.29 1208.65 2.20 1.24 1.40 -90.9 3.9 0.0 Basalt 38 36 40 17 Dam
A 774 738.50 1211.75
P B 774 738.50 0.66 1211.75 3.41 1.73 1.95 -85.4 0.0 -2.1 Basalt 52 50 54 17 Dam
P B 774 738.52 2.02 1211.75 2.47 1.18 1.59 -89.4 -4.3 0.0 Basalt 52 50 54 17 Dam
A 775 738.70 1214.85
P B 775 738.70 0.80 1214.85 3.41 1.99 2.26 -90.0 0.0 -0.8 Basalt 58 56 56 17 Dam
A 776 738.90 1217.95
P B 776 738.90 0.85 1217.95 3.41 2.10 2.13 -87.1 0.0 0.5 Basalt 46 44 46 17 Dam
P B 776 738.67 2.42 1217.95 2.50 1.26 1.48 -94.6 2.3 0.0 Basalt 46 44 46 17 Dam
A 777 739.10 1221.05
P B 777 739.10 0.65 1221.05 3.41 1.70 2.29 -88.8 0.0 1.6 Basalt 46 44 46 17 Dam
A 778 739.30 1224.15
P B 778 739.30 0.70 1224.15 3.41 1.80 2.10 -89.5 0.0 -2.3 Basalt 38 36 40 17 Dam
P B 778 739.21 2.19 1224.15 2.16 1.39 1.57 -81.5 3.6 0.0 Basalt 66 62 60 17 Dam
A 779 739.50 1227.25
P B 779 739.50 0.86 1227.25 3.41 2.13 1.98 -84.4 0.0 -1.7 Basalt 58 56 56 17 Dam
P B 779 739.58 2.37 1227.25 2.09 1.09 1.41 -85.7 -2.0 0.0 Basalt 58 56 56 17 Dam
A 780 739.70 1230.35
P B 780 739.70 0.87 1230.35 3.41 2.14 1.90 -85.0 0.0 -1.9 Basalt 52 50 54 17 Dam
P B 780 739.20 2.45 1230.35 2.93 1.22 1.67 -85.7 0.8 0.0 Basalt 38 36 40 17 Dam
A 781 739.90 1233.45
P B 781 739.90 0.85 1233.45 3.41 2.09 2.30 -89.2 0.0 2.1 Basalt 66 62 60 17 Dam
P B 781 739.61 2.40 1233.45 2.41 1.22 1.59 -85.2 -2.9 0.0 Basalt 46 44 46 17 Dam
A 782 740.14 1236.56
P B 782 740.14 0.84 1236.56 3.43 2.08 2.14 -83.2 0.0 0.1 Basalt 66 62 60 17 Dam
A 783 740.43 1239.67
P B 783 740.43 0.81 1239.67 3.43 2.02 2.29 -81.5 0.0 2.1 Basalt 46 44 46 17 Dam
P B 783 740.77 2.19 1239.67 2.08 0.95 1.45 -94.0 -1.5 0.0 Basalt 38 36 40 17 Dam
A 784 740.72 1242.79
P B 784 740.72 0.89 1242.79 3.43 2.18 2.05 -85.3 0.0 2.5 Basalt 66 62 60 17 Dam
P B 784 741.22 2.45 1242.79 2.36 1.14 1.63 -91.2 -3.4 0.0 Basalt 52 50 54 17 Dam
A 785 741.01 1245.91
P B 785 741.01 0.84 1245.91 3.43 2.08 1.91 -82.9 0.0 -1.1 Basalt 66 62 60 17 Dam
A 786 741.30 1249.02
P B 786 741.30 0.76 1249.02 3.43 1.92 2.25 -81.8 0.0 -1.6 Basalt 38 36 40 17 Dam
P B 786 741.12 2.19 1249.02 2.15 1.14 1.41 -75.1 -2.3 0.0 Basalt 46 44 46 17 Dam
A 787 741.59 1252.14
P B 787 741.59 0.69 1252.14 3.43 1.77 1.96 -86.2 0.0 2.0 Basalt 58 56 56 17 Dam
P B 787 741.66 2.00 1252.14 2.65 1.04 1.48 -93.1 4.6 0.0 Basalt 58 56 56 17 Dam
A 788 741.88 1255.25
P B 788 741.88 0.82 1255.25 3.43 2.03 2.10 -83.6 0.0 -2.3 Basalt 66 62 60 17 Dam
P B 788 741.63 2.27 1255.25 2.92 1.07 1.63 -93.1 0.4 0.0 Basalt 58 56 56 17 Dam
A 789 742.17 1258.37
P B 789 742.17 0.73 1258.37 3.43 1.86 1.99 -83.6 0.0 0.9 Basalt 66 62 60 17 Dam
P B 789 742.08 2.24 1258.37 2.14 1.36 1.63 -79.2 1.0 0.0 Basalt 58 56 56 17 Dam
A 790 742.46 1261.49
P B 790 742.46 0.66 1261.49 3.43 1.73 2.24 -86.8 0.0 -0.6 Basalt 66 62 60 17 Dam
P B 790 742.14 2.05 1261.49 3.01 1.23 1.53 -74.9 -1.6 0.0 Basalt 58 56 56 17 Dam
A 791 742.75 1264.60
P B 791 742.75 0.79 1264.60 3.43 1.98 2.06 -85.1 0.0 -0.3 Basalt 38 36 40 17 Dam
P B 791 742.96 2.31 1264.60 2.31 1.26 1.59 -83.5 3.2 0.0 Basalt 46 44 46 17 Dam
A 792 743.04 1267.72
P B 792 743.04 0.70 1267.72 3.43 1.80 2.20 -84.7 0.0 -2.5 Basalt 52 50 54 17 Dam
A 793 743.33 1270.83
P B 793 743.33 0.84 1270.83 3.43 2.09 1.90 -84.3 0.0 -0.4 Basalt 66 62 60 17 Dam
P B 793 743.33 2.47 1270.83 2.19 1.37 1.50 -74.8 -0.1 0.0 Basalt 46 44 46 17 Dam
A 794 743.62 1273.95
P B 794 743.62 0.85 1273.95 3.43 2.09 2.25 -81.2 0.0 -0.6 Basalt 38 36 40 17 Dam
A 795 743.91 1277.07
P B 795 743.91 0.77 1277.07 3.43 1.94 1.94 -82.4 0.0 -0.9 Basalt 66 62 60 17 Dam
P B 795 743.69 2.13 1277.07 2.97 0.97 1.69 -92.8 2.2 0.0 Basalt 38 36 40 17 Dam
A 796 744.20 1280.18
P B 796 744.20 0.84 1280.18 3.43 2.08 2.02 -88.2 0.0 -0.3 Basalt 66 62 60 17 Dam
P B 796 743.86 2.25 1280.18 3.05 0.94 1.46 -85.3 -0.9 0.0 Basalt 46 44 46 17 Dam
A 797 744.49 1283.30
P B 797 744.49 0.79 1283.30 3.43 1.98 2.28 -85.9 0.0 -2.9 Basalt 38 36 40 17 Dam
P B 797 744.16 2.14 1283.30 2.25 0.92 1.48 -77.0 -3.7 0.0 Basalt 46 44 46 17 Dam
A 798 744.78 1286.41
P B 798 744.78 0.81 1286.41 3.43 2.02 1.93 -88.3 0.0 -2.3 Basalt 38 36 40 17 Dam
P B 798 744.81 2.24 1286.41 2.74 1.05 1.61 -74.9 5.0 0.0 Basalt 66 62 60 17 Dam
A 799 745.07 1289.53
P B 799 745.07 0.83 1289.53 3.43 2.07 2.07 -85.4 0.0 2.6 Basalt 38 36 40 17 Dam
A 800 745.36 1292.64
P B 800 745.36 0.89 1292.64 3.43 2.18 1.90 -83.9 0.0 -2.7 Basalt 38 36 40 17 Dam
P B 800 745.08 2.39 1292.64 2.23 1.01 1.43 -77.6 0.1 0.0 Basalt 38 36 40 17 Dam
A 801 745.65 1295.76
P B 801 745.65 0.70 1295.76 3.43 1.80 2.01 -81.6 0.0 -1.8 Basalt 66 62 60 17 Dam
A 802 745.94 1298.88
P B 802 745.94 0.76 1298.88 3.43 1.92 2.16 -82.2 0.0 -2.7 Basalt 38 36 40 17 Dam
P B 802 745.69 2.31 1298.88 2.99 1.38 1.48 -83.0 3.9 0.0 Basalt 52 50 54 17 Dam
A 803 746.23 1301.99
P B 803 746.23 0.69 1301.99 3.43 1.79 2.20 -84.8 0.0 -0.4 Basalt 52 50 54 17 Dam
A 804 746.52 1305.11
P B 804 746.52 0.75 1305.11 3.43 1.90 2.13 -85.2 0.0 -0.9 Basalt 52 50 54 17 Dam
A 805 746.81 1308.22
P B 805 746.81 0.87 1308.22 3.43 2.14 2.18 -85.8 0.0 -2.0 Basalt 58 56 56 17 Dam
P B 805 747.02 2.41 1308.22 3.05 1.15 1.60 -91.2 -1.2 0.0 Basalt 58 56 56 17 Dam
A 806 747.10 1311.34
P B 806 747.10 0.83 1311.34 3.43 2.06 2.06 -85.7 0.0 -2.4 Basalt 58 56 56 17 Dam
A 807 747.39 1314.46
P B 807 747.39 0.83 1314.46 3.43 2.05 2.08 -83.5 0.0 0.1 Basalt 58 56 56 17 Dam
A 808 747.68 1317.57
P B 808 747.68 0.86 1317.57 3.43 2.13 2.26 -86.8 0.0 -0.8 Basalt 58 56 56 17 Dam
P B 808 747.97 2.39 1317.57 3.00 1.13 1.52 -90.0 2.6 0.0 Basalt 66 62 60 17 Dam
A 809 747.97 1320.69
P B 809 747.97 0.80 1320.69 3.43 2.00 2.10 -85.9 0.0 -2.6 Basalt 66 62 60 17 Dam
P B 809 748.13 2.38 1320.69 2.64 1.36 1.43 -87.8 2.1 0.0 Basalt 52 50 54 17 Dam
A 810 748.26 1323.80
P B 810 748.26 0.79 1323.80 3.43 1.98 1.91 -83.5 0.0 2.8 Basalt 52 50 54 17 Dam
P B 810 748.74 2.22 1323.80 2.61 1.08 1.45 -85.5 0.5 0.0 Basalt 52 50 54 17 Dam
A 811 748.55 1326.92
P B 811 748.55 0.71 1326.92 3.43 1.82 1.94 -84.8 0.0 2.5 Basalt 46 44 46 17 Dam
P B 811 748.91 2.01 1326.92 2.66 0.99 1.64 -92.0 0.9 0.0 Basalt 66 62 60 17 Dam
A 812 748.84 1330.04
P B 812 748.84 0.70 1330.04 3.43 1.80 2.16 -82.1 0.0 2.1 Basalt 38 36 40 17 Dam
P B 812 749.19 2.03 1330.04 3.09 1.04 1.44 -89.2 0.4 0.0 Basalt 46 44 46 17 Dam
A 813 749.13 1333.15
P B 813 749.13 0.70 1333.15 3.43 1.80 1.97 -82.2 0.0 2.5 Basalt 46 44 46 17 Dam
P B 813 749.46 2.06 1333.15 2.99 1.12 1.60 -87.3 0.3 0.0 Basalt 38 36 40 17 Dam
A 814 749.42 1336.27
P B 814 749.42 0.73 1336.27 3.43 1.86 2.21 -81.1 0.0 -0.5 Basalt 38 36 40 17 Dam
A 815 749.71 1339.38
P B 815 749.71 0.74 1339.38 3.43 1.89 1.92 -80.8 0.0 2.4 Basalt 66 62 60 17 Dam
A 816 750.00 1342.50
P B 816 750.00 0.78 1342.50 3.43 1.96 1.96 -81.1 0.0 -2.7 Basalt 46 44 46 17 Dam
A 817 750.29 1345.62
P B 817 750.29 0.88 1345.62 3.43 2.15 2.01 -82.8 0.0 0.4 Basalt 58 56 56 17 Dam
P B 817 750.04 2.43 1345.62 2.57 1.15 1.68 -85.9 1.7 0.0 Basalt 58 56 56 17 Dam
A 818 750.58 1348.73
P B 818 750.58 0.66 1348.73 3.43 1.72 2.14 -81.2 0.0 -0.4 Basalt 58 56 56 17 Dam
P B 818 750.91 1.92 1348.73 2.41 0.99 1.70 -81.9 0.7 0.0 Basalt 38 36 40 17 Dam
A 819 750.87 1351.85
P B 819 750.87 0.75 1351.85 3.43 1.89 2.03 -88.0 0.0 2.9 Basalt 58 56 56 17 Dam
A 820 751.16 1354.96
P B 820 751.16 0.66 1354.96 3.43 1.72 2.25 -86.2 0.0 -1.3 Basalt 66 62 60 17 Dam
P B 820 750.88 1.88 1354.96 3.00 0.91 1.63 -76.9 -0.6 0.0 Basalt 46 44 46 17 Dam
A 821 751.45 1358.08
P B 821 751.45 0.77 1358.08 3.43 1.93 2.05 -88.5 0.0 -1.1 Basalt 38 36 40 17 Dam
P B 821 751.13 2.09 1358.08 3.01 0.90 1.64 -86.1 4.9 0.0 Basalt 66 62 60 17 Dam
A 822 751.74 1361.20
P B 822 751.74 0.82 1361.20 3.43 2.04 1.90 -82.4 0.0 0.4 Basalt 52 50 54 17 Dam
P B 822 751.90 2.37 1361.20 2.21 1.25 1.64 -75.7 -4.5 0.0 Basalt 52 50 54 17 Dam
A 823 752.03 1364.31
P B 823 752.03 0.79 1364.31 3.43 1.98 2.00 -82.4 0.0 -1.7 Basalt 38 36 40 17 Dam
P B 823 752.01 2.38 1364.31 2.69 1.39 1.46 -89.3 1.1 0.0 Basalt 46 44 46 17 Dam
A 824 752.32 1367.43
P B 824 752.32 0.88 1367.43 3.43 2.16 1.97 -86.0 0.0 -1.1 Basalt 58 56 56 17 Dam
P B 824 752.28 2.39 1367.43 2.43 1.07 1.49 -81.1 3.0 0.0 Basalt 58 56 56 17 Dam
A 825 752.61 1370.54
P B 825 752.61 0.86 1370.54 3.43 2.12 2.15 -85.7 0.0 -0.1 Basalt 66 62 60 17 Dam
P B 825 752.67 2.36 1370.54 2.08 1.08 1.46 -75.2 2.1 0.0 Basalt 52 50 54 17 Dam
A 826 752.90 1373.66
P B 826 752.90 0.90 1373.66 3.43 2.20 2.18 -83.1 0.0 -2.5 Basalt 38 36 40 17 Dam
P B 826 752.70 2.44 1373.66 2.14 1.09 1.51 -93.0 -0.8 0.0 Basalt 38 36 40 17 Dam
A 827 753.19 1376.78
P B 827 753.19 0.70 1376.78 3.43 1.80 2.25 -83.6 0.0 2.5 Basalt 38 36 40 17 Dam
P B 827 752.86 1.96 1376.78 2.41 0.91 1.46 -90.3 -4.1 0.0 Basalt 52 50 54 17 Dam
A 828 753.48 1379.89
P B 828 753.48 0.71 1379.89 3.43 1.81 2.24 -88.3 0.0 -1.4 Basalt 46 44 46 17 Dam
P B 828 753.27 2.18 1379.89 2.58 1.33 1.53 -81.7 -1.1 0.0 Basalt 46 44 46 17 Dam
A 829 753.77 1383.01
P B 829 753.77 0.83 1383.01 3.43 2.07 2.28 -87.0 0.0 -0.5 Basalt 38 36 40 17 Dam
P B 829 754.01 2.23 1383.01 3.01 0.92 1.45 -89.0 3.8 0.0 Basalt 52 50 54 17 Dam
A 830 754.06 1386.12
P B 830 754.06 0.74 1386.12 3.43 1.89 1.97 -87.0 0.0 -2.5 Basalt 58 56 56 17 Dam
P B 830 753.94 2.16 1386.12 2.83 1.14 1.43 -87.3 -0.4 0.0 Basalt 52 50 54 17 Dam
A 831 754.35 1389.24
P B 831 754.35 0.81 1389.24 3.43 2.02 2.01 -85.4 0.0 -0.4 Basalt 38 36 40 17 Dam
A 832 754.64 1392.36
P B 832 754.64 0.69 1392.36 3.43 1.78 1.95 -85.4 0.0 0.8 Basalt 66 62 60 17 Dam
P B 832 754.38 1.95 1392.36 2.32 0.94 1.44 -93.2 -0.3 0.0 Basalt 38 36 40 17 Dam
A 833 754.93 1395.47
P B 833 754.93 0.87 1395.47 3.43 2.14 2.15 -81.2 0.0 -1.0 Basalt 52 50 54 17 Dam
A 834 755.22 1398.59
P B 834 755.22 0.72 1398.59 3.43 1.85 2.26 -86.6 0.0 1.6 Basalt 58 56 56 17 Dam
A 835 755.51 1401.70
P B 835 755.51 0.66 1401.70 3.43 1.73 2.00 -81.0 0.0 -1.8 Basalt 52 50 54 17 Dam
P B 835 755.64 2.01 1401.70 2.49 1.16 1.47 -84.3 -3.4 0.0 Basalt 38 36 40 17 Dam
A 836 755.80 1404.82
P B 836 755.80 0.69 1404.82 3.43 1.78 2.00 -87.6 0.0 0.1 Basalt 58 56 56 17 Dam
P B 836 755.83 2.07 1404.82 2.59 1.17 1.66 -84.4 -3.2 0.0 Basalt 46 44 46 17 Dam
A 837 756.09 1407.93
P B 837 756.09 0.77 1407.93 3.43 1.94 1.95 -83.1 0.0 3.0 Basalt 58 56 56 17 Dam
P B 837 756.29 2.24 1407.93 2.13 1.19 1.68 -92.5 -0.7 0.0 Basalt 58 56 56 17 Dam
A 838 756.38 1411.05
P B 838 756.38 0.66 1411.05 3.43 1.72 2.18 -88.3 0.0 -2.8 Basalt 52 50 54 17 Dam
P B 838 756.15 2.03 1411.05 2.89 1.22 1.66 -78.8 -3.7 0.0 Basalt 52 50 54 17 Dam
A 839 756.67 1414.17
P B 839 756.67 0.73 1414.17 3.43 1.85 2.12 -87.7 0.0 -1.7 Basalt 58 56 56 17 Dam
P B 839 756.32 2.24 1414.17 2.38 1.37 1.64 -92.6 3.1 0.0 Basalt 46 44 46 17 Dam
A 840 756.96 1417.28
P B 840 756.96 0.89 1417.28 3.43 2.18 2.00 -85.0 0.0 -3.0 Basalt 38 36 40 17 Dam
P B 840 756.52 2.36 1417.28 3.04 0.96 1.55 -88.5 -0.9 0.0 Basalt 52 50 54 17 Dam
A 841 757.25 1420.40
P B 841 757.25 0.87 1420.40 3.43 2.15 2.14 -84.9 0.0 0.4 Basalt 66 62 60 17 Dam
P B 841 757.31 2.48 1420.40 2.81 1.26 1.52 -93.7 2.7 0.0 Basalt 52 50 54 17 Dam
A 842 757.54 1423.51
P B 842 757.54 0.67 1423.51 3.43 1.74 2.20 -84.6 0.0 0.6 Basalt 66 62 60 17 Dam
A 843 757.83 1426.63
P B 843 757.83 0.67 1426.63 3.43 1.75 2.24 -87.7 0.0 2.5 Basalt 52 50 54 17 Dam
P B 843 757.46 1.98 1426.63 2.40 1.06 1.65 -90.0 0.1 0.0 Basalt 52 50 54 17 Dam
A 844 758.12 1429.75
P B 844 758.12 0.87 1429.75 3.43 2.14 2.15 -85.7 0.0 -0.0 Basalt 66 62 60 17 Dam
P B 844 758.45 2.34 1429.75 2.78 1.00 1.69 -77.4 -4.0 0.0 Basalt 52 50 54 17 Dam
A 845 758.41 1432.86
P B 845 758.41 0.69 1432.86 3.43 1.77 2.10 -84.9 0.0 -2.6 Basalt 38 36 40 17 Dam
P B 845 758.43 2.07 1432.86 2.49 1.20 1.64 -93.3 4.0 0.0 Basalt 58 56 56 17 Dam
A 846 758.70 1435.98
P B 846 758.70 0.84 1435.98 3.43 2.07 2.13 -87.8 0.0 2.6 Basalt 66 62 60 17 Dam
A 847 758.99 1439.09
P B 847 758.99 0.67 1439.09 3.43 1.74 2.27 -82.1 0.0 -2.0 Basalt 46 44 46 17 Dam
P B 847 758.55 1.91 1439.09 2.79 0.93 1.61 -92.3 1.2 0.0 Basalt 52 50 54 17 Dam
A 848 759.28 1442.21
P B 848 759.28 0.77 1442.21 3.43 1.95 2.23 -86.8 0.0 -0.5 Basalt 46 44 46 17 Dam
P B 848 759.76 2.11 1442.21 2.94 0.91 1.61 -80.6 -0.2 0.0 Basalt 46 44 46 17 Dam
A 849 759.57 1445.33
P B 849 759.57 0.73 1445.33 3.43 1.87 2.08 -88.4 0.0 1.2 Basalt 46 44 46 17 Dam
P B 849 759.94 2.21 1445.33 2.19 1.29 1.64 -79.2 -2.3 0.0 Basalt 38 36 40 17 Dam
A 850 759.86 1448.44
P B 850 759.86 0.75 1448.44 3.43 1.90 2.23 -87.1 0.0 -0.8 Basalt 66 62 60 17 Dam
P B 850 759.93 2.20 1448.44 2.70 1.21 1.56 -82.6 -2.3 0.0 Basalt 46 44 46 17 Dam
A 851 471.55 2149.74
P B 851 471.55 0.73 2149.74 3.45 1.86 2.09 7.9 0.0 -2.2 Basalt 66 62 60 17 Dam
P B 851 471.07 2.19 2149.74 2.76 1.26 1.53 5.6 4.5 0.0 Basalt 38 36 40 17 Dam
A 852 474.66 2149.22
P B 852 474.66 0.67 2149.22 3.45 1.73 2.21 11.7 0.0 2.5 Basalt 46 44 46 17 Dam
P B 852 475.01 1.94 2149.22 2.18 1.02 1.68 10.8 4.1 0.0 Basalt 46 44 46 17 Dam
A 853 477.76 2148.71
P B 853 477.76 0.85 2148.71 3.45 2.11 1.93 6.0 0.0 2.9 Basalt 38 36 40 17 Dam
P B 853 477.57 2.39 2148.71 2.31 1.16 1.46 15.6 3.4 0.0 Basalt 52 50 54 17 Dam
A 854 480.86 2148.19
P B 854 480.86 0.79 2148.19 3.45 1.98 2.24 12.6 0.0 2.5 Basalt 58 56 56 17 Dam
P B 854 481.03 2.35 2148.19 3.02 1.33 1.52 7.4 -2.2 0.0 Basalt 52 50 54 17 Dam
A 855 483.97 2147.67
P B 855 483.97 0.69 2147.67 3.45 1.78 2.28 9.4 0.0 1.6 Basalt 58 56 56 17 Dam
P B 855 484.27 2.07 2147.67 2.89 1.18 1.48 1.5 -1.8 0.0 Basalt 46 44 46 17 Dam
A 856 487.07 2147.16
P B 856 487.07 0.75 2147.16 3.45 1.91 2.13 11.1 0.0 2.3 Basalt 66 62 60 17 Dam
A 857 490.17 2146.64
P B 857 490.17 0.71 2146.64 3.45 1.81 2.26 7.8 0.0 2.3 Basalt 46 44 46 17 Dam
P B 857 489.85 2.11 2146.64 2.86 1.19 1.46 4.2 2.9 0.0 Basalt 46 44 46 17 Dam
A 858 493.28 2146.12
P B 858 493.28 0.68 2146.12 3.45 1.77 2.10 12.3 0.0 1.2 Basalt 46 44 46 17 Dam
A 859 496.38 2145.60
P B 859 496.38 0.67 2145.60 3.45 1.75 2.29 12.2 0.0 2.1 Basalt 52 50 54 17 Dam
P B 859 496.67 1.92 2145.60 2.24 0.94 1.49 5.4 1.4 0.0 Basalt 66 62 60 17 Dam
A 860 499.48 2145.09
P B 860 499.48 0.83 2145.09 3.45 2.05 2.12 6.9 0.0 2.0 Basalt 38 36 40 17 Dam
A 861 502.59 2144.57
P B 861 502.59 0.68 2144.57 3.45 1.76 2.06 5.5 0.0 1.4 Basalt 52 50 54 17 Dam
A 862 505.69 2144.05
P B 862 505.69 0.79 2144.05 3.45 1.99 1.99 8.9 0.0 2.8 Basalt 52 50 54 17 Dam
P B 862 505.88 2.25 2144.05 2.61 1.12 1.60 1.9 -2.2 0.0 Basalt 66 62 60 17 Dam
A 863 508.79 2143.53
P B 863 508.79 0.82 2143.53 3.45 2.03 2.28 12.2 0.0 1.8 Basalt 58 56 56 17 Dam
A 864 511.90 2143.02
P B 864 511.90 0.68 2143.02 3.45 1.77 2.17 9.9 0.0 -2.7 Basalt 52 50 54 17 Dam
P B 864 512.03 2.11 2143.02 3.07 1.28 1.63 19.2 3.0 0.0 Basalt 38 36 40 17 Dam
A 865 515.00 2142.50
P B 865 515.00 0.78 2142.50 3.45 1.96 2.23 9.3 0.0 0.3 Basalt 46 44 46 17 Dam
A 866 518.10 2141.98
P B 866 518.10 0.72 2141.98 3.45 1.84 2.11 6.4 0.0 0.5 Basalt 46 44 46 17 Dam
P B 866 518.11 2.00 2141.98 2.36 0.92 1.48 7.6 -0.5 0.0 Basalt 58 56 56 17 Dam
A 867 521.21 2141.47
P B 867 521.21 0.82 2141.47 3.45 2.05 2.03 11.5 0.0 2.8 Basalt 58 56 56 17 Dam
A 868 524.31 2140.95
P B 868 524.31 0.87 2140.95 3.45 2.13 1.90 9.0 0.0 2.6 Basalt 38 36 40 17 Dam
P B 868 524.54 2.51 2140.95 2.67 1.36 1.59 6.7 0.2 0.0 Basalt 38 36 40 17 Dam
A 869 527.41 2140.43
P B 869 527.41 0.86 2140.43 3.45 2.13 1.98 6.2 0.0 0.7 Basalt 38 36 40 17 Dam
P B 869 527.77 2.39 2140.43 2.82 1.12 1.64 0.0 4.0 0.0 Basalt 58 56 56 17 Dam
A 870 530.52 2139.91
P B 870 530.52 0.78 2139.91 3.45 1.97 2.11 10.2 0.0 1.7 Basalt 46 44 46 17 Dam
P B 870 530.99 2.33 2139.91 2.39 1.33 1.70 1.1 -1.2 0.0 Basalt 46 44 46 17 Dam
A 871 533.62 2139.40
P B 871 533.62 0.85 2139.40 3.45 2.10 2.14 6.8 0.0 -0.1 Basalt 66 62 60 17 Dam
P B 871 533.41 2.32 2139.40 2.67 1.04 1.55 13.2 2.5 0.0 Basalt 58 56 56 17 Dam
A 872 536.72 2138.88
P B 872 536.72 0.71 2138.88 3.45 1.82 2.10 6.3 0.0 0.8 Basalt 38 36 40 17 Dam
P B 872 536.71 2.04 2138.88 2.11 1.04 1.67 8.2 -4.5 0.0 Basalt 52 50 54 17 Dam
A 873 539.83 2138.36
P B 873 539.83 0.70 2138.36 3.45 1.80 2.14 11.3 0.0 0.4 Basalt 58 56 56 17 Dam
A 874 542.93 2137.84
P B 874 542.93 0.69 2137.84 3.45 1.77 2.06 6.8 0.0 -0.0 Basalt 52 50 54 17 Dam
P B 874 542.62 2.10 2137.84 2.18 1.26 1.56 6.2 2.1 0.0 Basalt 38 36 40 17 Dam
A 875 546.03 2137.33
P B 875 546.03 0.72 2137.33 3.45 1.83 1.94 13.1 0.0 -2.7 Basalt 46 44 46 17 Dam
P B 875 546.14 2.22 2137.33 2.08 1.37 1.70 8.4 -4.6 0.0 Basalt 46 44 46 17 Dam
A 876 549.14 2136.81
P B 876 549.14 0.72 2136.81 3.45 1.85 2.11 7.2 0.0 -1.0 Basalt 66 62 60 17 Dam
P B 876 549.03 2.15 2136.81 2.25 1.20 1.58 2.2 -1.3 0.0 Basalt 58 56 56 17 Dam
A 877 552.24 2136.29
P B 877 552.24 0.65 2136.29 3.45 1.71 2.19 6.3 0.0 -1.1 Basalt 66 62 60 17 Dam
P B 877 552.31 1.86 2136.29 2.42 0.91 1.44 18.8 -4.8 0.0 Basalt 58 56 56 17 Dam
A 878 555.34 2135.78
P B 878 555.34 0.72 2135.78 3.45 1.83 2.19 5.8 0.0 1.8 Basalt 66 62 60 17 Dam
P B 878 555.49 2.10 2135.78 2.26 1.14 1.53 10.4 1.0 0.0 Basalt 66 62 60 17 Dam
A 879 558.45 2135.26
P B 879 558.45 0.83 2135.26 3.45 2.06 1.99 12.4 0.0 -2.7 Basalt 38 36 40 17 Dam
P B 879 558.31 2.31 2135.26 2.99 1.08 1.66 13.8 3.2 0.0 Basalt 52 50 54 17 Dam
A 880 561.60 2134.90
P B 880 561.60 0.76 2134.90 3.51 1.92 2.19 3.3 0.0 -1.3 Basalt 58 56 56 17 Dam
P B 880 561.51 2.17 2134.90 3.12 1.10 1.67 4.8 2.9 0.0 Basalt 38 36 40 17 Dam
A 881 564.80 2134.70
P B 881 564.80 0.79 2134.70 3.51 1.98 1.96 -0.1 0.0 2.0 Basalt 58 56 56 17 Dam
P B 881 564.65 2.18 2134.70 3.11 1.00 1.69 5.4 -1.8 0.0 Basalt 38 36 40 17 Dam
A 882 568.00 2134.50
P B 882 568.00 0.78 2134.50 3.51 1.95 2.16 3.9 0.0 -2.3 Basalt 52 50 54 17 Dam
P B 882 568.25 2.25 2134.50 2.71 1.19 1.55 11.8 -3.8 0.0 Basalt 52 50 54 17 Dam
A 883 571.20 2134.30
P B 883 571.20 0.82 2134.30 3.51 2.05 2.14 3.6 0.0 -1.5 Basalt 38 36 40 17 Dam
P B 883 571.05 2.31 2134.30 2.79 1.13 1.56 -0.5 0.3 0.0 Basalt 66 62 60 17 Dam
A 884 574.40 2134.10
P B 884 574.40 0.72 2134.10 3.51 1.84 2.20 5.4 0.0 -0.0 Basalt 52 50 54 17 Dam
A 885 577.60 2133.90
P B 885 577.60 0.73 2133.90 3.51 1.86 2.07 5.3 0.0 -0.4 Basalt 52 50 54 17 Dam
P B 885 577.75 2.22 2133.90 3.15 1.32 1.65 9.4 0.4 0.0 Basalt 46 44 46 17 Dam
A 886 580.80 2133.70
P B 886 580.80 0.76 2133.70 3.51 1.92 2.00 0.2 0.0 -2.1 Basalt 38 36 40 17 Dam
P B 886 580.62 2.27 2133.70 2.74 1.30 1.55 9.3 0.4 0.0 Basalt 58 56 56 17 Dam
A 887 584.00 2133.50
P B 887 584.00 0.66 2133.50 3.51 1.71 1.91 2.1 0.0 0.9 Basalt 46 44 46 17 Dam
A 888 587.20 2133.30
P B 888 587.20 0.70 2133.30 3.51 1.81 2.13 7.5 0.0 -1.7 Basalt 66 62 60 17 Dam
P B 888 586.85 2.18 2133.30 2.96 1.35 1.69 9.5 -3.6 0.0 Basalt 52 50 54 17 Dam
A 889 590.40 2133.10
P B 889 590.40 0.78 2133.10 3.51 1.95 2.10 5.0 0.0 -1.2 Basalt 46 44 46 17 Dam
P B 889 590.32 2.35 2133.10 2.19 1.39 1.40 -1.0 -3.2 0.0 Basalt 58 56 56 17 Dam
A 890 593.60 2132.90
P B 890 593.60 0.82 2132.90 3.51 2.03 2.23 0.0 0.0 -2.6 Basalt 58 56 56 17 Dam
A 891 606.40 2132.10
P B 891 606.40 0.83 2132.10 3.51 2.06 2.26 1.3 0.0 1.9 Basalt 46 44 46 17 Dam
P B 891 606.00 2.38 2132.10 2.49 1.24 1.40 12.6 3.0 0.0 Basalt 38 36 40 17 Dam
A 892 609.60 2131.90
P B 892 609.60 0.80 2131.90 3.51 2.00 1.90 4.5 0.0 2.1 Basalt 52 50 54 17 Dam
A 893 612.80 2131.70
P B 893 612.80 0.76 2131.70 3.51 1.92 2.18 2.5 0.0 0.2 Basalt 38 36 40 17 Dam
A 894 616.00 2131.50
P B 894 616.00 0.71 2131.50 3.51 1.82 2.22 6.2 0.0 -1.1 Basalt 46 44 46 17 Dam
P B 894 616.36 2.17 2131.50 2.78 1.30 1.46 -3.2 -0.6 0.0 Basalt 52 50 54 17 Dam
A 895 619.20 2131.30
P B 895 619.20 0.74 2131.30 3.51 1.89 2.14 4.4 0.0 -1.8 Basalt 38 36 40 17 Dam
P B 895 618.90 2.24 2131.30 2.48 1.31 1.51 -1.4 -2.2 0.0 Basalt 58 56 56 17 Dam
A 896 622.40 2131.10
P B 896 622.40 0.84 2131.10 3.51 2.08 1.99 0.9 0.0 -0.6 Basalt 52 50 54 17 Dam
P B 896 622.56 2.47 2131.10 2.58 1.37 1.66 -1.6 2.1 0.0 Basalt 66 62 60 17 Dam
A 897 625.60 2130.90
P B 897 625.60 0.79 2130.90 3.51 1.99 2.07 6.3 0.0 0.8 Basalt 38 36 40 17 Dam
P B 897 625.24 2.29 2130.90 2.52 1.19 1.42 5.2 1.9 0.0 Basalt 58 56 56 17 Dam
A 898 628.80 2130.70
P B 898 628.80 0.65 2130.70 3.51 1.71 2.06 2.7 0.0 2.3 Basalt 58 56 56 17 Dam
P B 898 629.18 1.98 2130.70 2.20 1.15 1.53 -4.4 -3.8 0.0 Basalt 52 50 54 17 Dam
A 899 632.00 2130.50
P B 899 632.00 0.87 2130.50 3.51 2.14 1.99 6.4 0.0 1.8 Basalt 52 50 54 17 Dam
A 900 635.20 2130.30
P B 900 635.20 0.69 2130.30 3.51 1.78 2.00 7.1 0.0 0.9 Basalt 52 50 54 17 Dam
P B 900 635.16 1.94 2130.30 2.71 0.90 1.53 6.6 2.1 0.0 Basalt 38 36 40 17 Dam
A 901 638.40 2130.10
P B 901 638.40 0.84 2130.10 3.51 2.09 2.25 4.9 0.0 -2.9 Basalt 52 50 54 17 Dam
P B 901 638.61 2.32 2130.10 2.12 1.07 1.46 1.2 -3.8 0.0 Basalt 66 62 60 17 Dam
A 902 641.54 2130.19
P B 902 641.54 0.71 2130.19 3.40 1.83 2.03 -7.1 0.0 -2.8 Basalt 46 44 46 17 Dam
P B 902 641.49 2.11 2130.19 2.54 1.16 1.62 -15.5 -3.7 0.0 Basalt 46 44 46 17 Dam
A 903 644.62 2130.58
P B 903 644.62 0.67 2130.58 3.40 1.73 2.11 -3.2 0.0 -0.3 Basalt 58 56 56 17 Dam
P B 903 644.64 1.89 2130.58 2.66 0.92 1.42 -13.6 0.9 0.0 Basalt 46 44 46 17 Dam
A 904 647.69 2130.96
P B 904 647.69 0.71 2130.96 3.40 1.83 2.10 -10.4 0.0 2.2 Basalt 52 50 54 17 Dam
P B 904 647.73 2.21 2130.96 2.17 1.37 1.49 0.3 -3.2 0.0 Basalt 58 56 56 17 Dam
A 905 650.77 2131.35
P B 905 650.77 0.76 2131.35 3.40 1.92 2.20 -3.5 0.0 1.8 Basalt 58 56 56 17 Dam
A 906 653.85 2131.73
P B 906 653.85 0.80 2131.73 3.40 2.00 2.14 -8.0 0.0 2.1 Basalt 58 56 56 17 Dam
P B 906 653.95 2.38 2131.73 2.13 1.36 1.64 -2.1 -1.2 0.0 Basalt 38 36 40 17 Dam
A 907 656.92 2132.12
P B 907 656.92 0.86 2132.12 3.40 2.12 2.05 -7.8 0.0 -2.7 Basalt 38 36 40 17 Dam
P B 907 656.88 2.42 2132.12 2.74 1.20 1.60 -8.7 2.8 0.0 Basalt 46 44 46 17 Dam
A 908 660.00 2132.50
P B 908 660.00 0.66 2132.50 3.40 1.71 2.10 -6.0 0.0 1.8 Basalt 66 62 60 17 Dam
P B 908 660.17 1.93 2132.50 2.58 1.05 1.66 -2.4 -1.6 0.0 Basalt 52 50 54 17 Dam
A 909 663.08 2132.88
P B 909 663.08 0.80 2132.88 3.40 2.01 2.22 -8.3 0.0 -2.2 Basalt 66 62 60 17 Dam
P B 909 662.80 2.29 2132.88 2.99 1.16 1.61 -2.6 3.2 0.0 Basalt 46 44 46 17 Dam
A 910 666.15 2133.27
P B 910 666.15 0.67 2133.27 3.40 1.73 2.23 -7.3 0.0 1.3 Basalt 58 56 56 17 Dam
P B 910 666.45 1.93 2133.27 2.97 1.00 1.52 -1.1 4.5 0.0 Basalt 52 50 54 17 Dam
A 911 669.23 2133.65
P B 911 669.23 0.74 2133.65 3.40 1.87 2.01 -5.9 0.0 -2.7 Basalt 58 56 56 17 Dam
P B 911 669.05 2.03 2133.65 2.34 0.92 1.54 -16.9 -3.2 0.0 Basalt 38 36 40 17 Dam
A 912 672.31 2134.04
P B 912 672.31 0.68 2134.04 3.40 1.75 2.10 -6.6 0.0 -1.5 Basalt 52 50 54 17 Dam
P B 912 672.25 2.13 2134.04 2.27 1.35 1.68 -8.0 -4.9 0.0 Basalt 52 50 54 17 Dam
A 913 675.38 2134.42
P B 913 675.38 0.80 2134.42 3.40 1.99 2.14 -5.0 0.0 2.3 Basalt 46 44 46 17 Dam
P B 913 675.16 2.34 2134.42 2.68 1.30 1.58 -1.3 0.6 0.0 Basalt 46 44 46 17 Dam
A 914 678.46 2134.81
P B 914 678.46 0.67 2134.81 3.40 1.74 1.95 -9.8 0.0 2.8 Basalt 66 62 60 17 Dam
P B 914 678.61 2.04 2134.81 2.95 1.19 1.49 -11.8 1.5 0.0 Basalt 46 44 46 17 Dam
A 915 681.54 2135.19
P B 915 681.54 0.73 2135.19 3.40 1.86 2.25 -8.7 0.0 2.4 Basalt 52 50 54 17 Dam
P B 915 681.51 2.09 2135.19 2.18 1.08 1.43 -1.1 0.4 0.0 Basalt 58 56 56 17 Dam
A 916 684.62 2135.58
P B 916 684.62 0.77 2135.58 3.40 1.93 2.11 -5.0 0.0 -1.1 Basalt 46 44 46 17 Dam
P B 916 684.16 2.25 2135.58 2.44 1.24 1.55 2.2 -1.6 0.0 Basalt 38 36 40 17 Dam
A 917 696.92 2137.12
P B 917 696.92 0.85 2137.12 3.40 2.10 2.09 -10.7 0.0 -2.5 Basalt 52 50 54 17 Dam
P B 917 696.51 2.30 2137.12 2.92 1.00 1.43 -5.4 -0.4 0.0 Basalt 66 62 60 17 Dam
A 918 700.00 2137.50
P B 918 700.00 0.75 2137.50 3.40 1.90 1.91 -4.5 0.0 0.3 Basalt 46 44 46 17 Dam
P B 918 700.04 2.16 2137.50 2.98 1.12 1.53 1.3 -4.2 0.0 Basalt 46 44 46 17 Dam
A 919 703.08 2137.88
P B 919 703.08 0.74 2137.88 3.40 1.89 2.25 -7.0 0.0 -1.1 Basalt 66 62 60 17 Dam
P B 919 703.19 2.22 2137.88 2.06 1.26 1.56 -3.8 1.6 0.0 Basalt 38 36 40 17 Dam
A 920 706.15 2138.27
P B 920 706.15 0.72 2138.27 3.40 1.84 2.00 -5.5 0.0 -1.9 Basalt 58 56 56 17 Dam
P B 920 705.86 2.06 2138.27 2.09 1.04 1.54 -8.5 -2.8 0.0 Basalt 46 44 46 17 Dam
A 921 709.23 2138.65
P B 921 709.23 0.90 2138.65 3.40 2.20 2.02 -4.5 0.0 -1.2 Basalt 38 36 40 17 Dam
P B 921 708.82 2.45 2138.65 2.48 1.10 1.43 0.2 -4.5 0.0 Basalt 58 56 56 17 Dam
A 922 712.31 2139.04
P B 922 712.31 0.78 2139.04 3.40 1.96 2.11 -7.8 0.0 2.4 Basalt 38 36 40 17 Dam
P B 922 711.94 2.31 2139.04 2.21 1.29 1.59 -12.4 0.8 0.0 Basalt 46 44 46 17 Dam
A 923 715.38 2139.42
P B 923 715.38 0.79 2139.42 3.40 1.98 2.13 -8.4 0.0 -2.6 Basalt 38 36 40 17 Dam
A 924 718.46 2139.81
P B 924 718.46 0.88 2139.81 3.40 2.16 2.09 -3.6 0.0 -1.3 Basalt 52 50 54 17 Dam
P B 924 718.42 2.41 2139.81 2.37 1.10 1.54 -2.6 1.1 0.0 Basalt 46 44 46 17 Dam
A 925 721.56 2140.31
P B 925 721.56 0.83 2140.31 3.49 2.07 2.11 -8.9 0.0 0.9 Basalt 52 50 54 17 Dam
P B 925 721.32 2.34 2140.31 2.88 1.14 1.55 -7.3 2.1 0.0 Basalt 58 56 56 17 Dam
A 926 724.69 2140.94
P B 926 724.69 0.71 2140.94 3.49 1.82 2.24 -14.8 0.0 -2.8 Basalt 38 36 40 17 Dam
P B 926 724.71 2.02 2140.94 2.85 1.02 1.58 -9.3 -3.0 0.0 Basalt 52 50 54 17 Dam
A 927 727.81 2141.56
P B 927 727.81 0.71 2141.56 3.49 1.81 1.97 -9.7 0.0 -2.8 Basalt 46 44 46 17 Dam
P B 927 727.66 2.00 2141.56 2.39 0.98 1.64 -13.5 3.7 0.0 Basalt 52 50 54 17 Dam
A 928 730.94 2142.19
P B 928 730.94 0.68 2142.19 3.49 1.76 2.23 -7.6 0.0 -2.3 Basalt 66 62 60 17 Dam
P B 928 730.85 2.07 2142.19 2.26 1.22 1.57 -3.3 3.1 0.0 Basalt 52 50 54 17 Dam
A 929 734.06 2142.81
P B 929 734.06 0.87 2142.81 3.49 2.14 2.05 -14.4 0.0 1.5 Basalt 66 62 60 17 Dam
P B 929 733.64 2.33 2142.81 2.16 0.96 1.58 -21.3 -0.0 0.0 Basalt 66 62 60 17 Dam
A 930 737.19 2143.44
P B 930 737.19 0.89 2143.44 3.49 2.18 2.26 -8.8 0.0 -2.0 Basalt 58 56 56 17 Dam
P B 930 737.64 2.34 2143.44 2.33 0.93 1.48 -16.2 1.9 0.0 Basalt 52 50 54 17 Dam
A 931 740.31 2144.06
P B 931 740.31 0.80 2144.06 3.49 2.01 2.15 -10.1 0.0 0.3 Basalt 52 50 54 17 Dam
P B 931 740.46 2.27 2144.06 2.48 1.13 1.63 -16.7 1.1 0.0 Basalt 58 56 56 17 Dam
A 932 743.44 2144.69
P B 932 743.44 0.85 2144.69 3.49 2.09 2.22 -9.2 0.0 -1.9 Basalt 52 50 54 17 Dam
P B 932 743.11 2.42 2144.69 2.94 1.25 1.60 -5.4 4.1 0.0 Basalt 66 62 60 17 Dam
A 933 746.56 2145.31
P B 933 746.56 0.80 2145.31 3.49 1.99 2.10 -12.6 0.0 -2.1 Basalt 38 36 40 17 Dam
A 934 749.69 2145.94
P B 934 749.69 0.84 2145.94 3.49 2.07 2.02 -10.9 0.0 -1.4 Basalt 58 56 56 17 Dam
P B 934 749.69 2.43 2145.94 2.43 1.32 1.67 -7.4 -4.0 0.0 Basalt 66 62 60 17 Dam
A 935 752.81 2146.56
P B 935 752.81 0.71 2146.56 3.49 1.82 2.25 -14.3 0.0 -0.5 Basalt 52 50 54 17 Dam
P B 935 752.76 2.10 2146.56 2.51 1.16 1.43 -1.9 2.6 0.0 Basalt 52 50 54 17 Dam
A 936 755.94 2147.19
P B 936 755.94 0.68 2147.19 3.49 1.77 1.98 -11.8 0.0 0.7 Basalt 58 56 56 17 Dam
P B 936 756.07 2.06 2147.19 2.46 1.19 1.64 -5.4 3.6 0.0 Basalt 46 44 46 17 Dam
A 937 759.06 2147.81
P B 937 759.06 0.65 2147.81 3.49 1.71 2.23 -11.0 0.0 -3.0 Basalt 66 62 60 17 Dam
A 938 762.19 2148.44
P B 938 762.19 0.82 2148.44 3.49 2.04 1.90 -10.0 0.0 -3.0 Basalt 66 62 60 17 Dam
P B 938 762.57 2.31 2148.44 2.22 1.13 1.60 -10.3 2.0 0.0 Basalt 46 44 46 17 Dam
A 939 765.31 2149.06
P B 939 765.31 0.70 2149.06 3.49 1.80 2.23 -14.9 0.0 2.7 Basalt 46 44 46 17 Dam
A 940 768.44 2149.69
P B 940 768.44 0.81 2149.69 3.49 2.02 2.11 -9.8 0.0 0.7 Basalt 52 50 54 17 Dam
P B 940 768.30 2.32 2149.69 3.13 1.20 1.65 -21.3 -3.1 0.0 Basalt 66 62 60 17 Dam
A 941 771.56 2150.31
P B 941 771.56 0.81 2150.31 3.49 2.02 2.16 -11.8 0.0 -1.1 Basalt 58 56 56 17 Dam
A 942 774.69 2150.94
P B 942 774.69 0.68 2150.94 3.49 1.76 2.10 -12.5 0.0 0.2 Basalt 38 36 40 17 Dam
A 943 777.81 2151.56
P B 943 777.81 0.76 2151.56 3.49 1.92 2.16 -12.3 0.0 1.7 Basalt 58 56 56 17 Dam
P B 943 778.15 2.11 2151.56 2.19 0.97 1.61 -12.5 3.2 0.0 Basalt 58 56 56 17 Dam
A 944 780.94 2152.19
P B 944 780.94 0.78 2152.19 3.49 1.95 2.04 -7.9 0.0 -1.2 Basalt 46 44 46 17 Dam
A 945 784.06 2152.81
P B 945 784.06 0.81 2152.81 3.49 2.02 2.00 -9.7 0.0 0.8 Basalt 52 50 54 17 Dam
P B 945 784.55 2.32 2152.81 2.44 1.20 1.49 -19.1 0.7 0.0 Basalt 46 44 46 17 Dam
A 946 787.19 2153.44
P B 946 787.19 0.72 2153.44 3.49 1.85 2.08 -14.2 0.0 0.6 Basalt 38 36 40 17 Dam
A 947 790.31 2154.06
P B 947 790.31 0.84 2154.06 3.49 2.08 2.13 -9.3 0.0 0.7 Basalt 58 56 56 17 Dam
P B 947 790.71 2.31 2154.06 2.34 1.07 1.52 -12.6 3.3 0.0 Basalt 38 36 40 17 Dam
A 948 793.44 2154.69
P B 948 793.44 0.65 2154.69 3.49 1.71 1.99 -15.2 0.0 -2.4 Basalt 52 50 54 17 Dam
P B 948 793.71 1.86 2154.69 2.25 0.91 1.52 -17.8 -0.7 0.0 Basalt 58 56 56 17 Dam
A 949 796.56 2155.31
P B 949 796.56 0.83 2155.31 3.49 2.07 2.27 -9.0 0.0 2.6 Basalt 66 62 60 17 Dam
P B 949 796.45 2.32 2155.31 2.81 1.11 1.55 -10.9 4.7 0.0 Basalt 52 50 54 17 Dam
A 950 799.69 2155.94
P B 950 799.69 0.77 2155.94 3.49 1.94 2.06 -13.6 0.0 -3.0 Basalt 66 62 60 17 Dam
A 951 802.81 2156.56
P B 951 802.81 0.89 2156.56 3.49 2.18 2.01 -12.2 0.0 1.4 Basalt 52 50 54 17 Dam
A 952 805.94 2157.19
P B 952 805.94 0.76 2157.19 3.49 1.92 2.11 -8.5 0.0 -1.1 Basalt 52 50 54 17 Dam
A 953 809.06 2157.81
P B 953 809.06 0.78 2157.81 3.49 1.96 2.15 -9.5 0.0 -1.4 Basalt 46 44 46 17 Dam
P B 953 809.30 2.13 2157.81 2.39 0.94 1.57 -9.2 -4.2 0.0 Basalt 66 62 60 17 Dam
A 954 812.19 2158.44
P B 954 812.19 0.87 2158.44 3.49 2.14 2.17 -12.2 0.0 -1.3 Basalt 46 44 46 17 Dam
A 955 815.31 2159.06
P B 955 815.31 0.79 2159.06 3.49 1.98 2.23 -13.6 0.0 2.8 Basalt 58 56 56 17 Dam
P B 955 815.54 2.38 2159.06 2.43 1.40 1.68 -12.8 1.7 0.0 Basalt 52 50 54 17 Dam
A 956 818.44 2159.69
P B 956 818.44 0.77 2159.69 3.49 1.93 1.94 -8.7 0.0 -2.2 Basalt 58 56 56 17 Dam
P B 956 818.33 2.11 2159.69 2.15 0.96 1.44 -18.1 0.2 0.0 Basalt 66 62 60 17 Dam
A 957 481.05 2256.18
P B 957 481.05 0.82 2256.18 3.47 2.04 1.92 -49.2 0.0 -0.4 Basalt 52 50 54 17 Dam
P B 957 480.56 2.25 2256.18 2.55 1.03 1.51 -56.3 -1.5 0.0 Basalt 46 44 46 17 Dam
A 958 483.16 2258.55
P B 958 483.16 0.74 2258.55 3.47 1.87 2.01 -48.6 0.0 -1.6 Basalt 46 44 46 17 Dam
P B 958 483.65 2.16 2258.55 2.35 1.16 1.54 -56.9 3.7 0.0 Basalt 52 50 54 17 Dam
A 959 485.26 2260.92
P B 959 485.26 0.67 2260.92 3.47 1.74 2.15 -51.8 0.0 -2.8 Basalt 66 62 60 17 Dam
P B 959 485.41 2.07 2260.92 2.11 1.26 1.60 -40.9 -0.4 0.0 Basalt 52 50 54 17 Dam
A 960 487.37 2263.29
P B 960 487.37 0.66 2263.29 3.47 1.71 1.95 -47.8 0.0 -1.6 Basalt 52 50 54 17 Dam
A 961 489.47 2265.66
P B 961 489.47 0.68 2265.66 3.47 1.76 2.12 -46.8 0.0 1.8 Basalt 66 62 60 17 Dam
A 962 491.58 2268.03
P B 962 491.58 0.90 2268.03 3.47 2.20 1.99 -49.7 0.0 2.6 Basalt 66 62 60 17 Dam
P B 962 491.55 2.56 2268.03 2.23 1.32 1.57 -39.4 0.6 0.0 Basalt 66 62 60 17 Dam
A 963 493.68 2270.39
P B 963 493.68 0.79 2270.39 3.47 1.99 2.01 -49.2 0.0 -2.4 Basalt 38 36 40 17 Dam
P B 963 493.98 2.28 2270.39 2.62 1.18 1.44 -56.4 3.5 0.0 Basalt 58 56 56 17 Dam
A 964 495.79 2272.76
P B 964 495.79 0.84 2272.76 3.47 2.07 1.95 -49.5 0.0 -2.0 Basalt 46 44 46 17 Dam
A 965 497.89 2275.13
P B 965 497.89 0.67 2275.13 3.47 1.75 2.03 -48.3 0.0 -0.4 Basalt 52 50 54 17 Dam
P B 965 497.57 2.03 2275.13 2.86 1.17 1.46 -54.3 -3.8 0.0 Basalt 46 44 46 17 Dam
A 966 500.00 2277.50
P B 966 500.00 0.77 2277.50 3.47 1.93 2.22 -46.1 0.0 1.4 Basalt 58 56 56 17 Dam
P B 966 500.21 2.28 2277.50 2.64 1.30 1.61 -47.9 0.8 0.0 Basalt 52 50 54 17 Dam
A 967 502.11 2279.87
P B 967 502.11 0.85 2279.87 3.47 2.09 1.99 -47.5 0.0 -0.2 Basalt 66 62 60 17 Dam
P B 967 502.51 2.29 2279.87 2.44 1.00 1.52 -40.5 0.1 0.0 Basalt 46 44 46 17 Dam
A 968 504.21 2282.24
P B 968 504.21 0.68 2282.24 3.47 1.77 2.01 -45.6 0.0 -2.7 Basalt 66 62 60 17 Dam
A 969 506.32 2284.61
P B 969 506.32 0.89 2284.61 3.47 2.18 2.20 -50.8 0.0 0.3 Basalt 66 62 60 17 Dam
P B 969 506.79 2.56 2284.61 2.99 1.35 1.57 -57.4 -3.1 0.0 Basalt 52 50 54 17 Dam
A 970 508.42 2286.97
P B 970 508.42 0.67 2286.97 3.47 1.74 2.21 -45.7 0.0 2.3 Basalt 66 62 60 17 Dam
P B 970 508.13 1.93 2286.97 2.21 0.98 1.63 -55.1 -3.2 0.0 Basalt 58 56 56 17 Dam
A 971 510.53 2289.34
P B 971 510.53 0.70 2289.34 3.47 1.80 1.97 -51.9 0.0 -0.3 Basalt 58 56 56 17 Dam
A 972 512.63 2291.71
P B 972 512.63 0.66 2291.71 3.47 1.72 2.17 -52.4 0.0 -2.2 Basalt 58 56 56 17 Dam
P B 972 512.22 1.93 2291.71 2.86 1.02 1.67 -40.5 -2.4 0.0 Basalt 58 56 56 17 Dam
A 973 514.74 2294.08
P B 973 514.74 0.70 2294.08 3.47 1.79 2.28 -48.9 0.0 0.5 Basalt 38 36 40 17 Dam
P B 973 514.53 2.05 2294.08 2.79 1.10 1.48 -54.3 1.2 0.0 Basalt 66 62 60 17 Dam
A 974 516.84 2296.45
P B 974 516.84 0.88 2296.45 3.47 2.17 2.17 -48.1 0.0 1.0 Basalt 38 36 40 17 Dam
P B 974 516.59 2.44 2296.45 2.38 1.14 1.66 -55.9 3.1 0.0 Basalt 52 50 54 17 Dam
A 975 518.95 2298.82
P B 975 518.95 0.80 2298.82 3.47 2.01 2.08 -49.0 0.0 -0.3 Basalt 66 62 60 17 Dam
P B 975 518.56 2.29 2298.82 2.98 1.16 1.59 -52.1 -2.9 0.0 Basalt 38 36 40 17 Dam
A 976 521.25 2300.94
P B 976 521.25 0.83 2300.94 3.42 2.06 2.30 -35.0 0.0 -0.6 Basalt 52 50 54 17 Dam
P B 976 521.13 2.24 2300.94 3.04 0.95 1.58 -41.1 -4.3 0.0 Basalt 38 36 40 17 Dam
A 977 523.75 2302.81
P B 977 523.75 0.89 2302.81 3.42 2.19 2.29 -36.7 0.0 -1.4 Basalt 38 36 40 17 Dam
A 978 526.25 2304.69
P B 978 526.25 0.78 2304.69 3.42 1.96 1.96 -35.7 0.0 2.9 Basalt 58 56 56 17 Dam
P B 978 526.27 2.23 2304.69 2.44 1.14 1.64 -37.4 3.1 0.0 Basalt 66 62 60 17 Dam
A 979 528.75 2306.56
P B 979 528.75 0.76 2306.56 3.42 1.91 2.11 -38.3 0.0 -0.1 Basalt 52 50 54 17 Dam
P B 979 528.82 2.09 2306.56 2.45 0.96 1.44 -38.0 1.6 0.0 Basalt 58 56 56 17 Dam
A 980 531.25 2308.44
P B 980 531.25 0.78 2308.44 3.42 1.96 2.21 -36.2 0.0 -1.8 Basalt 52 50 54 17 Dam
P B 980 530.86 2.16 2308.44 2.63 1.01 1.64 -33.5 -1.0 0.0 Basalt 66 62 60 17 Dam
A 981 533.75 2310.31
P B 981 533.75 0.83 2310.31 3.42 2.06 2.13 -33.5 0.0 0.5 Basalt 52 50 54 17 Dam
A 982 536.25 2312.19
P B 982 536.25 0.76 2312.19 3.42 1.91 2.24 -34.0 0.0 1.1 Basalt 38 36 40 17 Dam
P B 982 536.66 2.10 2312.19 2.80 0.98 1.49 -42.0 2.3 0.0 Basalt 66 62 60 17 Dam
A 983 538.75 2314.06
P B 983 538.75 0.81 2314.06 3.42 2.01 2.07 -38.9 0.0 1.2 Basalt 46 44 46 17 Dam
A 984 541.25 2315.94
P B 984 541.25 0.77 2315.94 3.42 1.93 2.27 -36.4 0.0 -1.5 Basalt 46 44 46 17 Dam
A 985 543.75 2317.81
P B 985 543.75 0.88 2317.81 3.42 2.16 2.07 -36.6 0.0 0.6 Basalt 46 44 46 17 Dam
P B 985 543.73 2.42 2317.81 2.94 1.13 1.55 -35.8 2.3 0.0 Basalt 46 44 46 17 Dam
A 986 546.25 2319.69
P B 986 546.25 0.78 2319.69 3.42 1.97 2.04 -36.7 0.0 1.1 Basalt 66 62 60 17 Dam
A 987 548.75 2321.56
P B 987 548.75 0.75 2321.56 3.42 1.89 2.06 -35.8 0.0 -0.1 Basalt 52 50 54 17 Dam
P B 987 549.09 2.14 2321.56 2.37 1.09 1.67 -36.3 -4.3 0.0 Basalt 58 56 56 17 Dam
A 988 551.25 2323.44
P B 988 551.25 0.77 2323.44 3.42 1.94 1.95 -34.3 0.0 1.9 Basalt 46 44 46 17 Dam
P B 988 550.92 2.31 2323.44 2.79 1.34 1.46 -28.4 1.9 0.0 Basalt 38 36 40 17 Dam
A 989 553.75 2325.31
P B 989 553.75 0.79 2325.31 3.42 1.98 1.91 -34.7 0.0 2.9 Basalt 52 50 54 17 Dam
A 990 556.25 2327.19
P B 990 556.25 0.87 2327.19 3.42 2.14 2.21 -40.1 0.0 0.4 Basalt 58 56 56 17 Dam
P B 990 556.55 2.40 2327.19 2.06 1.13 1.43 -44.5 -3.2 0.0 Basalt 58 56 56 17 Dam
A 991 558.75 2329.06
P B 991 558.75 0.76 2329.06 3.42 1.93 2.02 -35.3 0.0 0.8 Basalt 38 36 40 17 Dam
P B 991 558.37 2.08 2329.06 2.49 0.90 1.65 -40.4 1.7 0.0 Basalt 66 62 60 17 Dam
A 992 789.06 2281.25
P B 992 789.06 0.73 2281.25 3.42 1.85 2.01 -130.2 0.0 -3.0 Basalt 58 56 56 17 Dam
P B 992 788.70 2.15 2281.25 2.90 1.20 1.49 -123.4 -0.3 0.0 Basalt 52 50 54 17 Dam
A 993 787.19 2283.75
P B 993 787.19 0.81 2283.75 3.42 2.01 2.15 -129.8 0.0 2.7 Basalt 38 36 40 17 Dam
P B 993 786.97 2.37 2283.75 2.09 1.31 1.58 -136.2 3.0 0.0 Basalt 58 56 56 17 Dam
A 994 785.31 2286.25
P B 994 785.31 0.67 2286.25 3.42 1.74 1.95 -128.2 0.0 -0.1 Basalt 38 36 40 17 Dam
P B 994 785.08 2.06 2286.25 2.72 1.24 1.67 -133.3 2.2 0.0 Basalt 52 50 54 17 Dam
A 995 783.44 2288.75
P B 995 783.44 0.73 2288.75 3.42 1.85 1.99 -126.0 0.0 -1.1 Basalt 58 56 56 17 Dam
P B 995 783.81 2.20 2288.75 2.23 1.29 1.49 -121.5 1.7 0.0 Basalt 58 56 56 17 Dam
A 996 781.56 2291.25
P B 996 781.56 0.80 2291.25 3.42 2.01 2.15 -127.1 0.0 -2.2 Basalt 66 62 60 17 Dam
P B 996 781.63 2.18 2291.25 2.54 0.95 1.61 -126.9 -4.8 0.0 Basalt 46 44 46 17 Dam
A 997 779.69 2293.75
P B 997 779.69 0.71 2293.75 3.42 1.83 2.30 -130.1 0.0 -0.6 Basalt 46 44 46 17 Dam
P B 997 779.91 2.14 2293.75 2.88 1.23 1.56 -122.0 1.7 0.0 Basalt 38 36 40 17 Dam
A 998 777.81 2296.25
P B 998 777.81 0.67 2296.25 3.42 1.73 2.27 -128.5 0.0 2.0 Basalt 38 36 40 17 Dam
P B 998 777.96 1.99 2296.25 2.54 1.11 1.45 -129.3 2.0 0.0 Basalt 66 62 60 17 Dam
A 999 775.94 2298.75
P B 999 775.94 0.65 2298.75 3.42 1.71 2.00 -130.2 0.0 1.7 Basalt 58 56 56 17 Dam
P B 999 776.27 1.97 2298.75 2.65 1.13 1.69 -131.5 -3.2 0.0 Basalt 38 36 40 17 Dam
A 1000 774.06 2301.25
P B 1000 774.06 0.72 2301.25 3.42 1.84 2.05 -123.8 0.0 0.6 Basalt 46 44 46 17 Dam
P B 1000 774.31 2.17 2301.25 2.85 1.27 1.53 -125.7 1.3 0.0 Basalt 52 50 54 17 Dam
A 1001 772.19 2303.75
P B 1001 772.19 0.70 2303.75 3.42 1.79 2.11 -123.7 0.0 1.7 Basalt 66 62 60 17 Dam
P B 1001 772.31 2.08 2303.75 2.17 1.18 1.62 -125.6 3.2 0.0 Basalt 38 36 40 17 Dam
A 1002 770.31 2306.25
P B 1002 770.31 0.74 2306.25 3.42 1.88 1.94 -126.6 0.0 1.4 Basalt 58 56 56 17 Dam
P B 1002 770.37 2.25 2306.25 2.25 1.34 1.61 -136.1 4.8 0.0 Basalt 66 62 60 17 Dam
A 1003 768.44 2308.75
P B 1003 768.44 0.84 2308.75 3.42 2.08 1.95 -127.1 0.0 -1.3 Basalt 66 62 60 17 Dam
P B 1003 768.48 2.25 2308.75 2.77 0.95 1.47 -129.1 0.3 0.0 Basalt 66 62 60 17 Dam
A 1004 766.56 2311.25
P B 1004 766.56 0.80 2311.25 3.42 2.01 2.27 -123.7 0.0 1.8 Basalt 58 56 56 17 Dam
P B 1004 766.41 2.31 2311.25 2.52 1.20 1.66 -130.7 -3.9 0.0 Basalt 58 56 56 17 Dam
A 1005 764.69 2313.75
P B 1005 764.69 0.88 2313.75 3.42 2.16 1.92 -130.0 0.0 -1.8 Basalt 46 44 46 17 Dam
A 1006 762.81 2316.25
P B 1006 762.81 0.82 2316.25 3.42 2.05 2.28 -125.9 0.0 0.5 Basalt 66 62 60 17 Dam
A 1007 760.94 2318.75
P B 1007 760.94 0.83 2318.75 3.42 2.06 1.98 -126.5 0.0 0.8 Basalt 52 50 54 17 Dam
P B 1007 761.32 2.32 2318.75 3.06 1.11 1.67 -128.2 -4.6 0.0 Basalt 52 50 54 17 Dam
A 1008 -498.46 1760.38
P B 1008 -498.46 0.66 1760.38 3.47 1.71 2.20 -16.2 0.0 -1.3 Basalt 58 56 56 17 Dam
P B 1008 -498.84 1.94 1760.38 2.84 1.06 1.64 -10.4 1.4 0.0 Basalt 52 50 54 17 Dam
A 1009 -495.38 1761.15
P B 1009 -495.38 0.70 1761.15 3.47 1.81 2.01 -17.7 0.0 -0.5 Basalt 46 44 46 17 Dam
A 1010 -492.31 1761.92
P B 1010 -492.31 0.68 1761.92 3.47 1.76 1.99 -11.5 0.0 1.7 Basalt 46 44 46 17 Dam
P B 1010 -492.55 1.96 1761.92 2.22 1.00 1.58 -13.4 -2.6 0.0 Basalt 58 56 56 17 Dam
A 1011 -489.23 1762.69
P B 1011 -489.23 0.85 1762.69 3.47 2.10 2.25 -17.5 0.0 2.5 Basalt 58 56 56 17 Dam
A 1012 -486.15 1763.46
P B 1012 -486.15 0.78 1763.46 3.47 1.95 2.20 -12.8 0.0 2.9 Basalt 38 36 40 17 Dam
P B 1012 -485.90 2.30 1763.46 2.41 1.30 1.58 -11.9 1.1 0.0 Basalt 52 50 54 17 Dam
A 1013 -483.08 1764.23
P B 1013 -483.08 0.86 1764.23 3.47 2.13 2.00 -10.4 0.0 -2.6 Basalt 58 56 56 17 Dam
A 1014 -480.00 1765.00
P B 1014 -480.00 0.69 1765.00 3.47 1.78 2.03 -11.5 0.0 0.1 Basalt 38 36 40 17 Dam
P B 1014 -479.99 2.10 1765.00 2.16 1.23 1.65 -14.2 -1.3 0.0 Basalt 66 62 60 17 Dam
A 1015 -476.92 1765.77
P B 1015 -476.92 0.75 1765.77 3.47 1.90 2.24 -16.3 0.0 -0.7 Basalt 66 62 60 17 Dam
P B 1015 -477.39 2.29 1765.77 2.26 1.38 1.60 -12.6 -1.3 0.0 Basalt 58 56 56 17 Dam
A 1016 -473.85 1766.54
P B 1016 -473.85 0.77 1766.54 3.47 1.94 2.27 -13.6 0.0 -1.4 Basalt 66 62 60 17 Dam
P B 1016 -474.09 2.31 1766.54 2.70 1.34 1.49 -23.9 2.4 0.0 Basalt 38 36 40 17 Dam
A 1017 -470.77 1767.31
P B 1017 -470.77 0.86 1767.31 3.47 2.11 2.26 -11.7 0.0 -1.9 Basalt 52 50 54 17 Dam
P B 1017 -470.87 2.39 1767.31 2.89 1.15 1.60 -4.9 3.4 0.0 Basalt 58 56 56 17 Dam
A 1018 -467.69 1768.08
P B 1018 -467.69 0.70 1768.08 3.47 1.80 2.18 -15.3 0.0 -0.8 Basalt 46 44 46 17 Dam
P B 1018 -467.36 2.18 1768.08 2.14 1.36 1.52 -8.0 -1.0 0.0 Basalt 52 50 54 17 Dam
A 1019 -464.62 1768.85
P B 1019 -464.62 0.86 1768.85 3.47 2.12 2.20 -13.8 0.0 1.0 Basalt 38 36 40 17 Dam
P B 1019 -464.51 2.28 1768.85 2.96 0.92 1.66 -20.7 1.4 0.0 Basalt 52 50 54 17 Dam
A 1020 -461.54 1769.62
P B 1020 -461.54 0.86 1769.62 3.47 2.12 2.04 -10.4 0.0 2.1 Basalt 46 44 46 17 Dam
A 1021 -458.46 1770.38
P B 1021 -458.46 0.88 1770.38 3.47 2.17 2.26 -15.4 0.0 -0.0 Basalt 46 44 46 17 Dam
P B 1021 -458.31 2.44 1770.38 2.58 1.15 1.62 -15.8 -2.7 0.0 Basalt 66 62 60 17 Dam
A 1022 -455.38 1771.15
P B 1022 -455.38 0.80 1771.15 3.47 2.00 1.98 -17.8 0.0 -1.8 Basalt 58 56 56 17 Dam
P B 1022 -455.87 2.15 1771.15 2.51 0.90 1.61 -18.8 0.1 0.0 Basalt 38 36 40 17 Dam
A 1023 -452.31 1771.92
P B 1023 -452.31 0.83 1771.92 3.47 2.06 1.93 -13.7 0.0 -2.6 Basalt 52 50 54 17 Dam
P B 1023 -452.31 2.30 1771.92 2.41 1.08 1.43 -19.1 1.6 0.0 Basalt 52 50 54 17 Dam
A 1024 -449.23 1772.69
P B 1024 -449.23 0.88 1772.69 3.47 2.15 2.22 -16.3 0.0 -0.4 Basalt 38 36 40 17 Dam
P B 1024 -449.39 2.38 1772.69 2.97 1.05 1.45 -7.0 4.3 0.0 Basalt 52 50 54 17 Dam
A 1025 -446.15 1773.46
P B 1025 -446.15 0.89 1773.46 3.47 2.18 2.11 -10.3 0.0 -2.7 Basalt 58 56 56 17 Dam
A 1026 -443.08 1774.23
P B 1026 -443.08 0.84 1774.23 3.47 2.08 1.91 -13.6 0.0 2.1 Basalt 38 36 40 17 Dam
P B 1026 -443.33 2.45 1774.23 2.19 1.35 1.52 -4.1 -3.1 0.0 Basalt 58 56 56 17 Dam
A 1027 -440.00 1775.00
P B 1027 -440.00 0.85 1775.00 3.47 2.09 2.28 -13.7 0.0 -0.7 Basalt 46 44 46 17 Dam
P B 1027 -439.79 2.38 1775.00 2.59 1.16 1.52 -21.0 3.6 0.0 Basalt 52 50 54 17 Dam
A 1028 -436.92 1775.77
P B 1028 -436.92 0.89 1775.77 3.47 2.18 1.94 -12.3 0.0 -2.0 Basalt 38 36 40 17 Dam
P B 1028 -436.95 2.46 1775.77 2.99 1.16 1.59 -22.9 -1.3 0.0 Basalt 46 44 46 17 Dam
A 1029 -433.85 1776.54
P B 1029 -433.85 0.85 1776.54 3.47 2.10 2.09 -14.3 0.0 0.2 Basalt 52 50 54 17 Dam
A 1030 -430.77 1777.31
P B 1030 -430.77 0.69 1777.31 3.47 1.79 2.27 -17.9 0.0 -1.1 Basalt 46 44 46 17 Dam
P B 1030 -430.40 2.13 1777.31 2.25 1.28 1.48 -16.9 0.3 0.0 Basalt 46 44 46 17 Dam
A 1031 -427.69 1778.08
P B 1031 -427.69 0.67 1778.08 3.47 1.74 2.07 -14.9 0.0 0.4 Basalt 58 56 56 17 Dam
A 1032 -424.62 1778.85
P B 1032 -424.62 0.70 1778.85 3.47 1.80 2.12 -11.9 0.0 -0.7 Basalt 52 50 54 17 Dam
P B 1032 -424.56 2.00 1778.85 2.71 1.00 1.51 -7.6 2.7 0.0 Basalt 46 44 46 17 Dam
A 1033 -421.54 1779.62
P B 1033 -421.54 0.79 1779.62 3.47 1.98 2.28 -17.9 0.0 -1.0 Basalt 38 36 40 17 Dam
A 1034 -418.46 1780.38
P B 1034 -418.46 0.88 1780.38 3.47 2.16 2.06 -14.7 0.0 1.6 Basalt 52 50 54 17 Dam
P B 1034 -418.36 2.46 1780.38 2.20 1.19 1.64 -15.8 -4.3 0.0 Basalt 58 56 56 17 Dam
A 1035 -415.38 1781.15
P B 1035 -415.38 0.76 1781.15 3.47 1.92 1.96 -13.9 0.0 1.9 Basalt 46 44 46 17 Dam
P B 1035 -414.92 2.21 1781.15 2.37 1.18 1.69 -4.5 3.5 0.0 Basalt 46 44 46 17 Dam
A 1036 -412.31 1781.92
P B 1036 -412.31 0.80 1781.92 3.47 1.99 1.95 -13.6 0.0 -1.6 Basalt 52 50 54 17 Dam
P B 1036 -412.10 2.27 1781.92 2.77 1.17 1.48 -21.5 -1.4 0.0 Basalt 46 44 46 17 Dam
A 1037 -409.23 1782.69
P B 1037 -409.23 0.87 1782.69 3.47 2.13 2.23 -12.1 0.0 -0.1 Basalt 52 50 54 17 Dam
A 1038 -406.15 1783.46
P B 1038 -406.15 0.79 1783.46 3.47 1.99 1.99 -11.5 0.0 -2.8 Basalt 66 62 60 17 Dam
P B 1038 -406.01 2.22 1783.46 2.93 1.07 1.53 -19.6 1.0 0.0 Basalt 58 56 56 17 Dam
A 1039 -403.08 1784.23
P B 1039 -403.08 0.81 1784.23 3.47 2.03 1.95 -16.3 0.0 -2.4 Basalt 52 50 54 17 Dam
P B 1039 -403.37 2.24 1784.23 3.06 1.02 1.54 -6.3 -3.1 0.0 Basalt 38 36 40 17 Dam
A 1040 -400.00 1785.00
P B 1040 -400.00 0.77 1785.00 3.47 1.93 2.09 -11.6 0.0 -0.6 Basalt 66 62 60 17 Dam
P B 1040 -400.11 2.14 1785.00 3.04 1.02 1.44 -21.6 -4.2 0.0 Basalt 58 56 56 17 Dam
A 1041 -396.92 1785.77
P B 1041 -396.92 0.80 1785.77 3.47 1.99 1.93 -13.0 0.0 0.3 Basalt 52 50 54 17 Dam
P B 1041 -396.90 2.37 1785.77 2.24 1.35 1.70 -4.7 -0.6 0.0 Basalt 46 44 46 17 Dam
A 1042 -393.85 1786.54
P B 1042 -393.85 0.82 1786.54 3.47 2.03 2.25 -17.7 0.0 1.6 Basalt 66 62 60 17 Dam
P B 1042 -393.51 2.33 1786.54 2.10 1.19 1.58 -21.0 3.7 0.0 Basalt 52 50 54 17 Dam
A 1043 -390.77 1787.31
P B 1043 -390.77 0.74 1787.31 3.47 1.89 2.26 -10.9 0.0 -0.4 Basalt 38 36 40 17 Dam
P B 1043 -390.61 2.08 1787.31 2.54 0.98 1.46 -22.9 -4.8 0.0 Basalt 38 36 40 17 Dam
A 1044 -387.69 1788.08
P B 1044 -387.69 0.85 1788.08 3.47 2.10 2.19 -13.2 0.0 -0.7 Basalt 52 50 54 17 Dam
P B 1044 -388.06 2.34 1788.08 3.12 1.09 1.64 -11.9 1.4 0.0 Basalt 58 56 56 17 Dam
A 1045 -384.62 1788.85
P B 1045 -384.62 0.66 1788.85 3.47 1.72 2.23 -13.8 0.0 -2.7 Basalt 46 44 46 17 Dam
P B 1045 -384.49 1.88 1788.85 2.26 0.92 1.50 -19.6 0.2 0.0 Basalt 66 62 60 17 Dam
A 1046 -381.54 1789.62
P B 1046 -381.54 0.73 1789.62 3.47 1.85 2.25 -11.5 0.0 2.5 Basalt 52 50 54 17 Dam
P B 1046 -381.22 2.18 1789.62 2.70 1.25 1.64 -13.3 4.9 0.0 Basalt 66 62 60 17 Dam
A 1047 -378.44 1790.11
P B 1047 -378.44 0.79 1790.11 3.42 1.97 2.14 -6.4 0.0 1.6 Basalt 66 62 60 17 Dam
P B 1047 -378.15 2.33 1790.11 2.26 1.32 1.45 -13.4 4.4 0.0 Basalt 46 44 46 17 Dam
A 1048 -375.33 1790.33
P B 1048 -375.33 0.87 1790.33 3.42 2.13 1.96 -2.0 0.0 -0.7 Basalt 46 44 46 17 Dam
P B 1048 -375.31 2.47 1790.33 3.02 1.28 1.45 -12.0 1.5 0.0 Basalt 38 36 40 17 Dam
A 1049 -372.22 1790.56
P B 1049 -372.22 0.66 1790.56 3.42 1.72 2.00 -7.0 0.0 2.9 Basalt 52 50 54 17 Dam
P B 1049 -372.62 1.93 1790.56 2.88 1.02 1.69 2.4 2.9 0.0 Basalt 66 62 60 17 Dam
A 1050 -369.11 1790.78
P B 1050 -369.11 0.81 1790.78 3.42 2.03 2.29 -2.0 0.0 -1.1 Basalt 66 62 60 17 Dam
A 1051 -366.00 1791.00
P B 1051 -366.00 0.83 1791.00 3.42 2.07 1.97 -2.9 0.0 2.7 Basalt 58 56 56 17 Dam
P B 1051 -365.62 2.38 1791.00 2.98 1.23 1.62 0.1 -0.8 0.0 Basalt 38 36 40 17 Dam
A 1052 -362.89 1791.22
P B 1052 -362.89 0.87 1791.22 3.42 2.14 2.12 -7.4 0.0 -2.4 Basalt 46 44 46 17 Dam
A 1053 -359.78 1791.44
P B 1053 -359.78 0.79 1791.44 3.42 1.98 2.23 -3.3 0.0 2.6 Basalt 46 44 46 17 Dam
P B 1053 -360.19 2.16 1791.44 2.60 0.96 1.69 -10.5 -3.5 0.0 Basalt 52 50 54 17 Dam
A 1054 -356.67 1791.67
P B 1054 -356.67 0.77 1791.67 3.42 1.95 2.28 -1.3 0.0 -1.9 Basalt 58 56 56 17 Dam
P B 1054 -357.08 2.10 1791.67 3.02 0.91 1.68 -9.4 1.6 0.0 Basalt 46 44 46 17 Dam
A 1055 -353.56 1791.89
P B 1055 -353.56 0.71 1791.89 3.42 1.83 2.15 -0.9 0.0 -2.7 Basalt 66 62 60 17 Dam
P B 1055 -353.52 2.10 1791.89 2.41 1.14 1.42 -13.0 -1.3 0.0 Basalt 52 50 54 17 Dam
A 1056 -350.44 1792.11
P B 1056 -350.44 0.66 1792.11 3.42 1.73 2.14 -6.3 0.0 -0.5 Basalt 46 44 46 17 Dam
A 1057 -347.33 1792.33
P B 1057 -347.33 0.84 1792.33 3.42 2.09 1.99 -5.8 0.0 0.8 Basalt 38 36 40 17 Dam
P B 1057 -347.49 2.49 1792.33 3.03 1.39 1.69 -8.9 -2.8 0.0 Basalt 46 44 46 17 Dam
A 1058 -344.22 1792.56
P B 1058 -344.22 0.84 1792.56 3.42 2.09 1.96 -1.1 0.0 0.6 Basalt 66 62 60 17 Dam
A 1059 -341.11 1792.78
P B 1059 -341.11 0.76 1792.78 3.42 1.93 2.17 -6.2 0.0 1.2 Basalt 46 44 46 17 Dam
A 1060 -338.00 1793.00
P B 1060 -338.00 0.84 1793.00 3.42 2.08 2.01 -1.5 0.0 -0.2 Basalt 46 44 46 17 Dam
P B 1060 -337.55 2.47 1793.00 2.62 1.38 1.45 0.9 -4.4 0.0 Basalt 46 44 46 17 Dam
A 1061 -334.89 1793.22
P B 1061 -334.89 0.81 1793.22 3.42 2.02 2.06 -5.4 0.0 -2.6 Basalt 66 62 60 17 Dam
P B 1061 -334.75 2.24 1793.22 2.37 1.03 1.54 -4.7 -1.4 0.0 Basalt 58 56 56 17 Dam
A 1062 -331.78 1793.44
P B 1062 -331.78 0.84 1793.44 3.42 2.08 1.98 -3.6 0.0 1.2 Basalt 46 44 46 17 Dam
P B 1062 -331.34 2.39 1793.44 2.32 1.22 1.45 -7.0 1.8 0.0 Basalt 38 36 40 17 Dam
A 1063 -328.67 1793.67
P B 1063 -328.67 0.83 1793.67 3.42 2.06 2.30 -5.9 0.0 0.5 Basalt 66 62 60 17 Dam
P B 1063 -328.82 2.24 1793.67 2.37 0.97 1.60 -0.0 -2.1 0.0 Basalt 58 56 56 17 Dam
A 1064 -325.56 1793.89
P B 1064 -325.56 0.88 1793.89 3.42 2.16 1.96 -3.7 0.0 -0.7 Basalt 38 36 40 17 Dam
P B 1064 -325.35 2.48 1793.89 2.51 1.25 1.63 4.7 2.3 0.0 Basalt 66 62 60 17 Dam
A 1065 -322.44 1794.11
P B 1065 -322.44 0.70 1794.11 3.42 1.80 2.09 -3.1 0.0 2.1 Basalt 38 36 40 17 Dam
P B 1065 -322.85 2.18 1794.11 2.37 1.36 1.62 -7.0 -1.2 0.0 Basalt 58 56 56 17 Dam
A 1066 -319.33 1794.33
P B 1066 -319.33 0.83 1794.33 3.42 2.05 2.29 -2.9 0.0 -2.4 Basalt 52 50 54 17 Dam
A 1067 -316.22 1794.56
P B 1067 -316.22 0.69 1794.56 3.42 1.78 2.12 -4.5 0.0 -2.5 Basalt 38 36 40 17 Dam
P B 1067 -316.59 2.14 1794.56 2.17 1.31 1.46 3.8 -1.8 0.0 Basalt 46 44 46 17 Dam
A 1068 -303.78 1795.44
P B 1068 -303.78 0.68 1795.44 3.42 1.77 2.27 -1.5 0.0 -0.8 Basalt 46 44 46 17 Dam
A 1069 -300.67 1795.67
P B 1069 -300.67 0.72 1795.67 3.42 1.85 1.95 -2.1 0.0 -2.2 Basalt 66 62 60 17 Dam
P B 1069 -300.27 2.00 1795.67 2.23 0.90 1.54 2.0 -4.9 0.0 Basalt 66 62 60 17 Dam
A 1070 -297.56 1795.89
P B 1070 -297.56 0.89 1795.89 3.42 2.19 2.07 -6.3 0.0 2.1 Basalt 66 62 60 17 Dam
P B 1070 -297.10 2.50 1795.89 2.56 1.22 1.53 -5.8 -2.4 0.0 Basalt 38 36 40 17 Dam
A 1071 -294.44 1796.11
P B 1071 -294.44 0.74 1796.11 3.42 1.89 2.02 -8.0 0.0 -1.5 Basalt 66 62 60 17 Dam
P B 1071 -294.59 2.27 1796.11 2.15 1.37 1.58 -11.8 -0.8 0.0 Basalt 38 36 40 17 Dam
A 1072 -291.33 1796.33
P B 1072 -291.33 0.70 1796.33 3.42 1.79 1.98 -3.8 0.0 -1.1 Basalt 66 62 60 17 Dam
P B 1072 -291.68 2.08 1796.33 2.81 1.17 1.61 -0.6 -2.1 0.0 Basalt 46 44 46 17 Dam
A 1073 -288.22 1796.56
P B 1073 -288.22 0.75 1796.56 3.42 1.89 1.92 -6.1 0.0 2.8 Basalt 38 36 40 17 Dam
P B 1073 -288.17 2.28 1796.56 2.36 1.37 1.63 -12.8 3.7 0.0 Basalt 66 62 60 17 Dam
A 1074 -285.11 1796.78
P B 1074 -285.11 0.66 1796.78 3.42 1.73 1.93 -1.5 0.0 -2.2 Basalt 66 62 60 17 Dam
P B 1074 -284.62 2.07 1796.78 2.56 1.28 1.61 5.5 1.1 0.0 Basalt 58 56 56 17 Dam
A 1075 -282.00 1797.00
P B 1075 -282.00 0.68 1797.00 3.42 1.75 1.91 -2.3 0.0 0.1 Basalt 38 36 40 17 Dam
P B 1075 -281.90 1.98 1797.00 2.96 1.05 1.53 -8.5 -3.1 0.0 Basalt 38 36 40 17 Dam
A 1076 -278.89 1797.22
P B 1076 -278.89 0.86 1797.22 3.42 2.11 2.01 -3.1 0.0 -1.5 Basalt 38 36 40 17 Dam
P B 1076 -278.74 2.33 1797.22 3.04 1.04 1.48 -2.5 -4.5 0.0 Basalt 52 50 54 17 Dam
A 1077 -275.78 1797.44
P B 1077 -275.78 0.82 1797.44 3.42 2.03 2.00 -2.3 0.0 0.6 Basalt 46 44 46 17 Dam
P B 1077 -275.36 2.32 1797.44 2.15 1.17 1.68 -7.7 -3.8 0.0 Basalt 38 36 40 17 Dam
A 1078 -272.67 1797.67
P B 1078 -272.67 0.79 1797.67 3.42 1.99 2.13 -5.3 0.0 0.4 Basalt 66 62 60 17 Dam
P B 1078 -273.04 2.22 1797.67 2.09 1.06 1.40 -1.8 -0.3 0.0 Basalt 38 36 40 17 Dam
A 1079 -269.56 1797.89
P B 1079 -269.56 0.69 1797.89 3.42 1.78 1.99 -1.0 0.0 2.0 Basalt 52 50 54 17 Dam
P B 1079 -269.60 1.97 1797.89 2.54 0.98 1.53 -4.9 1.6 0.0 Basalt 66 62 60 17 Dam
A 1080 -266.44 1798.11
P B 1080 -266.44 0.80 1798.11 3.42 1.99 2.20 -5.1 0.0 -1.4 Basalt 66 62 60 17 Dam
P B 1080 -266.28 2.16 1798.11 2.78 0.93 1.61 -6.6 -0.6 0.0 Basalt 52 50 54 17 Dam
A 1081 -263.33 1798.33
P B 1081 -263.33 0.66 1798.33 3.42 1.72 2.27 -3.4 0.0 -0.3 Basalt 52 50 54 17 Dam
A 1082 -260.22 1798.56
P B 1082 -260.22 0.66 1798.56 3.42 1.72 2.08 -5.8 0.0 1.4 Basalt 46 44 46 17 Dam
P B 1082 -259.91 1.96 1798.56 3.05 1.09 1.61 -2.7 2.3 0.0 Basalt 66 62 60 17 Dam
A 1083 -257.11 1798.78
P B 1083 -257.11 0.68 1798.78 3.42 1.75 1.92 -2.1 0.0 -1.0 Basalt 46 44 46 17 Dam
P B 1083 -256.75 1.98 1798.78 2.15 1.04 1.43 -8.7 -3.7 0.0 Basalt 58 56 56 17 Dam
A 1084 -254.00 1799.00
P B 1084 -254.00 0.75 1799.00 3.42 1.90 2.02 -3.1 0.0 -1.3 Basalt 46 44 46 17 Dam
P B 1084 -254.11 2.21 1799.00 3.06 1.23 1.41 5.6 1.7 0.0 Basalt 46 44 46 17 Dam
A 1085 -250.89 1799.22
P B 1085 -250.89 0.88 1799.22 3.42 2.16 2.29 -6.3 0.0 2.4 Basalt 52 50 54 17 Dam
P B 1085 -250.84 2.37 1799.22 2.19 1.02 1.56 -3.5 2.8 0.0 Basalt 66 62 60 17 Dam
A 1086 -247.78 1799.44
P B 1086 -247.78 0.86 1799.44 3.42 2.11 2.25 -6.7 0.0 2.7 Basalt 66 62 60 17 Dam
P B 1086 -247.30 2.27 1799.44 3.01 0.93 1.43 1.2 -4.3 0.0 Basalt 38 36 40 17 Dam
A 1087 -244.67 1799.67
P B 1087 -244.67 0.85 1799.67 3.42 2.09 2.25 -0.8 0.0 -2.3 Basalt 52 50 54 17 Dam
P B 1087 -244.72 2.44 1799.67 3.02 1.30 1.54 -2.8 0.6 0.0 Basalt 66 62 60 17 Dam
A 1088 -241.56 1799.89
P B 1088 -241.56 0.80 1799.89 3.42 2.01 2.08 -4.6 0.0 -0.4 Basalt 52 50 54 17 Dam
P B 1088 -241.30 2.30 1799.89 2.65 1.19 1.64 -5.7 -2.1 0.0 Basalt 58 56 56 17 Dam
A 1089 -238.55 1800.65
P B 1089 -238.55 0.82 1800.65 3.48 2.04 1.97 -23.6 0.0 0.2 Basalt 38 36 40 17 Dam
P B 1089 -238.14 2.40 1800.65 2.92 1.33 1.49 -33.2 1.2 0.0 Basalt 66 62 60 17 Dam
A 1090 -235.65 1801.94
P B 1090 -235.65 0.72 1801.94 3.48 1.83 1.97 -22.6 0.0 -0.5 Basalt 46 44 46 17 Dam
P B 1090 -235.64 2.08 1801.94 2.95 1.10 1.55 -24.5 0.3 0.0 Basalt 66 62 60 17 Dam
A 1091 -232.74 1803.23
P B 1091 -232.74 0.73 1803.23 3.48 1.85 2.20 -20.7 0.0 0.6 Basalt 38 36 40 17 Dam
P B 1091 -232.82 2.04 1803.23 2.71 0.97 1.43 -19.5 -1.0 0.0 Basalt 66 62 60 17 Dam
A 1092 -229.84 1804.52
P B 1092 -229.84 0.77 1804.52 3.48 1.95 1.92 -25.0 0.0 0.3 Basalt 52 50 54 17 Dam
A 1093 -226.94 1805.81
P B 1093 -226.94 0.76 1805.81 3.48 1.92 2.17 -23.3 0.0 -1.3 Basalt 52 50 54 17 Dam
P B 1093 -226.51 2.28 1805.81 2.32 1.32 1.49 -19.3 -2.0 0.0 Basalt 66 62 60 17 Dam
A 1094 -224.03 1807.10
P B 1094 -224.03 0.68 1807.10 3.48 1.75 2.29 -26.6 0.0 -1.3 Basalt 58 56 56 17 Dam
P B 1094 -223.84 2.06 1807.10 2.26 1.22 1.52 -19.8 -0.1 0.0 Basalt 66 62 60 17 Dam
A 1095 -221.13 1808.39
P B 1095 -221.13 0.82 1808.39 3.48 2.03 2.17 -27.7 0.0 0.9 Basalt 52 50 54 17 Dam
P B 1095 -220.77 2.39 1808.39 2.61 1.31 1.41 -24.9 2.9 0.0 Basalt 58 56 56 17 Dam
A 1096 -218.23 1809.68
P B 1096 -218.23 0.79 1809.68 3.48 1.98 2.16 -21.8 0.0 -0.9 Basalt 66 62 60 17 Dam
P B 1096 -218.61 2.21 1809.68 2.53 1.05 1.44 -23.4 -0.0 0.0 Basalt 58 56 56 17 Dam
A 1097 -215.32 1810.97
P B 1097 -215.32 0.75 1810.97 3.48 1.90 2.19 -27.0 0.0 -0.2 Basalt 66 62 60 17 Dam
P B 1097 -215.36 2.09 1810.97 2.84 0.98 1.61 -17.6 1.2 0.0 Basalt 46 44 46 17 Dam
A 1098 -212.42 1812.26
P B 1098 -212.42 0.69 1812.26 3.48 1.77 2.00 -24.6 0.0 -2.4 Basalt 58 56 56 17 Dam
A 1099 -209.52 1813.55
P B 1099 -209.52 0.77 1813.55 3.48 1.93 2.04 -23.7 0.0 1.9 Basalt 46 44 46 17 Dam
A 1100 -206.61 1814.84
P B 1100 -206.61 0.68 1814.84 3.48 1.76 2.25 -24.8 0.0 -0.7 Basalt 66 62 60 17 Dam
P B 1100 -206.94 2.01 1814.84 2.74 1.09 1.63 -15.1 -1.1 0.0 Basalt 38 36 40 17 Dam
A 1101 -203.71 1816.13
P B 1101 -203.71 0.68 1816.13 3.48 1.76 2.12 -26.6 0.0 1.7 Basalt 52 50 54 17 Dam
P B 1101 -203.97 1.97 1816.13 2.14 1.02 1.49 -22.0 1.8 0.0 Basalt 38 36 40 17 Dam
A 1102 -200.81 1817.42
P B 1102 -200.81 0.84 1817.42 3.48 2.08 1.91 -27.0 0.0 -1.5 Basalt 46 44 46 17 Dam
P B 1102 -201.29 2.30 1817.42 2.23 1.04 1.45 -25.8 -4.4 0.0 Basalt 58 56 56 17 Dam
A 1103 -197.90 1818.71
P B 1103 -197.90 0.68 1818.71 3.48 1.76 2.05 -25.4 0.0 2.5 Basalt 66 62 60 17 Dam
P B 1103 -197.71 2.07 1818.71 2.24 1.22 1.49 -14.5 0.1 0.0 Basalt 38 36 40 17 Dam
A 1104 -195.00 1820.00
P B 1104 -195.00 0.80 1820.00 3.48 2.00 2.19 -23.6 0.0 2.1 Basalt 46 44 46 17 Dam
A 1105 -192.10 1821.29
P B 1105 -192.10 0.74 1821.29 3.48 1.88 2.02 -25.7 0.0 -2.6 Basalt 46 44 46 17 Dam
P B 1105 -192.25 2.08 1821.29 2.87 0.98 1.64 -15.0 1.8 0.0 Basalt 66 62 60 17 Dam
A 1106 -189.19 1822.58
P B 1106 -189.19 0.67 1822.58 3.48 1.73 2.24 -25.4 0.0 2.6 Basalt 38 36 40 17 Dam
A 1107 -186.29 1823.87
P B 1107 -186.29 0.76 1823.87 3.48 1.92 2.06 -27.8 0.0 -2.1 Basalt 66 62 60 17 Dam
A 1108 -183.39 1825.16
P B 1108 -183.39 0.83 1825.16 3.48 2.06 2.19 -23.4 0.0 2.8 Basalt 58 56 56 17 Dam
A 1109 -180.48 1826.45
P B 1109 -180.48 0.76 1826.45 3.48 1.92 1.92 -20.4 0.0 -1.4 Basalt 58 56 56 17 Dam
A 1110 -177.58 1827.74
P B 1110 -177.58 0.69 1827.74 3.48 1.78 2.04 -25.8 0.0 -2.6 Basalt 66 62 60 17 Dam
P B 1110 -177.56 2.13 1827.74 2.85 1.31 1.69 -32.7 0.4 0.0 Basalt 58 56 56 17 Dam
A 1111 -174.68 1829.03
P B 1111 -174.68 0.72 1829.03 3.48 1.83 2.20 -23.9 0.0 -0.8 Basalt 58 56 56 17 Dam
P B 1111 -174.48 2.11 1829.03 2.32 1.15 1.42 -33.8 3.8 0.0 Basalt 58 56 56 17 Dam
A 1112 -171.77 1830.32
P B 1112 -171.77 0.89 1830.32 3.48 2.18 2.27 -23.0 0.0 -1.3 Basalt 52 50 54 17 Dam
A 1113 -168.87 1831.61
P B 1113 -168.87 0.85 1831.61 3.48 2.09 1.90 -23.8 0.0 2.4 Basalt 46 44 46 17 Dam
P B 1113 -169.13 2.41 1831.61 2.36 1.23 1.66 -18.8 4.5 0.0 Basalt 52 50 54 17 Dam
A 1114 -157.26 1836.77
P B 1114 -157.26 0.88 1836.77 3.48 2.15 2.23 -23.5 0.0 -1.9 Basalt 46 44 46 17 Dam
P B 1114 -156.84 2.33 1836.77 2.86 0.95 1.63 -17.5 -0.0 0.0 Basalt 46 44 46 17 Dam
A 1115 -154.35 1838.06
P B 1115 -154.35 0.73 1838.06 3.48 1.86 1.99 -23.0 0.0 2.2 Basalt 46 44 46 17 Dam
P B 1115 -154.39 2.16 1838.06 2.80 1.21 1.56 -31.9 1.9 0.0 Basalt 58 56 56 17 Dam
A 1116 -151.45 1839.35
P B 1116 -151.45 0.76 1839.35 3.48 1.92 2.17 -25.2 0.0 0.7 Basalt 46 44 46 17 Dam
A 1117 -518.44 1419.69
P B 1117 -518.44 0.74 1419.69 3.49 1.87 1.90 14.5 0.0 1.5 Basalt 58 56 56 17 Dam
P B 1117 -518.37 2.25 1419.69 2.16 1.36 1.58 3.9 0.1 0.0 Basalt 46 44 46 17 Dam
A 1118 -515.31 1419.06
P B 1118 -515.31 0.72 1419.06 3.49 1.83 2.22 10.8 0.0 -1.4 Basalt 52 50 54 17 Dam
P B 1118 -515.68 2.22 1419.06 2.67 1.38 1.67 17.0 -1.3 0.0 Basalt 46 44 46 17 Dam
A 1119 -512.19 1418.44
P B 1119 -512.19 0.86 1418.44 3.49 2.12 2.06 10.7 0.0 -0.1 Basalt 58 56 56 17 Dam
A 1120 -509.06 1417.81
P B 1120 -509.06 0.86 1417.81 3.49 2.12 2.05 8.8 0.0 2.8 Basalt 38 36 40 17 Dam
P B 1120 -509.19 2.36 1417.81 2.63 1.07 1.64 9.3 -4.9 0.0 Basalt 58 56 56 17 Dam
A 1121 -505.94 1417.19
P B 1121 -505.94 0.87 1417.19 3.49 2.14 2.03 15.2 0.0 2.9 Basalt 66 62 60 17 Dam
P B 1121 -505.98 2.54 1417.19 2.41 1.40 1.56 3.2 1.9 0.0 Basalt 52 50 54 17 Dam
A 1122 -502.81 1416.56
P B 1122 -502.81 0.77 1416.56 3.49 1.94 2.21 11.0 0.0 -2.8 Basalt 66 62 60 17 Dam
P B 1122 -502.47 2.15 1416.56 2.54 1.02 1.64 9.4 3.8 0.0 Basalt 58 56 56 17 Dam
A 1123 -499.69 1415.94
P B 1123 -499.69 0.69 1415.94 3.49 1.78 1.98 8.1 0.0 -1.7 Basalt 58 56 56 17 Dam
P B 1123 -499.30 2.11 1415.94 2.98 1.26 1.59 6.2 -2.1 0.0 Basalt 66 62 60 17 Dam
A 1124 -496.56 1415.31
P B 1124 -496.56 0.88 1415.31 3.49 2.15 2.28 13.6 0.0 2.4 Basalt 38 36 40 17 Dam
A 1125 -493.44 1414.69
P B 1125 -493.44 0.76 1414.69 3.49 1.91 2.21 10.9 0.0 -0.1 Basalt 58 56 56 17 Dam
A 1126 -490.31 1414.06
P B 1126 -490.31 0.80 1414.06 3.49 2.00 1.94 11.3 0.0 -2.8 Basalt 38 36 40 17 Dam
A 1127 -487.19 1413.44
P B 1127 -487.19 0.69 1413.44 3.49 1.77 2.30 7.4 0.0 0.6 Basalt 58 56 56 17 Dam
P B 1127 -486.99 2.00 1413.44 2.77 1.05 1.53 9.5 1.7 0.0 Basalt 66 62 60 17 Dam
A 1128 -484.06 1412.81
P B 1128 -484.06 0.82 1412.81 3.49 2.04 2.25 8.1 0.0 2.5 Basalt 66 62 60 17 Dam
P B 1128 -484.03 2.19 1412.81 2.21 0.90 1.61 3.8 -3.0 0.0 Basalt 38 36 40 17 Dam
A 1129 -480.94 1412.19
P B 1129 -480.94 0.80 1412.19 3.49 1.99 1.92 11.2 0.0 1.5 Basalt 52 50 54 17 Dam
P B 1129 -481.43 2.32 1412.19 2.09 1.25 1.58 4.1 3.1 0.0 Basalt 46 44 46 17 Dam
A 1130 -477.81 1411.56
P B 1130 -477.81 0.81 1411.56 3.49 2.02 2.05 8.7 0.0 1.3 Basalt 46 44 46 17 Dam
P B 1130 -478.08 2.24 1411.56 2.68 1.04 1.57 17.8 -1.9 0.0 Basalt 52 50 54 17 Dam
A 1131 -474.69 1410.94
P B 1131 -474.69 0.69 1410.94 3.49 1.78 2.23 13.0 0.0 2.3 Basalt 52 50 54 17 Dam
P B 1131 -474.57 2.12 1410.94 2.31 1.28 1.69 9.1 1.9 0.0 Basalt 52 50 54 17 Dam
A 1132 -471.56 1410.31
P B 1132 -471.56 0.66 1410.31 3.49 1.72 1.91 14.1 0.0 -1.4 Basalt 52 50 54 17 Dam
A 1133 -468.44 1409.69
P B 1133 -468.44 0.69 1409.69 3.49 1.78 2.08 7.6 0.0 -2.9 Basalt 52 50 54 17 Dam
P B 1133 -468.89 1.98 1409.69 2.26 0.99 1.45 6.9 -0.3 0.0 Basalt 52 50 54 17 Dam
A 1134 -465.31 1409.06
P B 1134 -465.31 0.69 1409.06 3.49 1.79 2.02 14.7 0.0 -2.7 Basalt 66 62 60 17 Dam
P B 1134 -465.46 2.14 1409.06 2.43 1.31 1.68 6.0 1.3 0.0 Basalt 46 44 46 17 Dam
A 1135 -462.19 1408.44
P B 1135 -462.19 0.82 1408.44 3.49 2.03 2.27 11.6 0.0 1.7 Basalt 58 56 56 17 Dam
P B 1135 -462.38 2.31 1408.44 2.40 1.16 1.49 3.2 1.0 0.0 Basalt 66 62 60 17 Dam
A 1136 -459.06 1407.81
P B 1136 -459.06 0.68 1407.81 3.49 1.75 2.24 8.7 0.0 1.8 Basalt 52 50 54 17 Dam
P B 1136 -459.10 2.11 1407.81 2.60 1.31 1.69 13.7 -1.9 0.0 Basalt 52 50 54 17 Dam
A 1137 -455.94 1407.19
P B 1137 -455.94 0.67 1407.19 3.49 1.73 1.93 11.9 0.0 -2.9 Basalt 58 56 56 17 Dam
P B 1137 -455.87 1.97 1407.19 2.67 1.08 1.60 5.0 4.6 0.0 Basalt 38 36 40 17 Dam
A 1138 -452.81 1406.56
P B 1138 -452.81 0.66 1406.56 3.49 1.72 1.93 15.1 0.0 -2.2 Basalt 52 50 54 17 Dam
A 1139 -449.69 1405.94
P B 1139 -449.69 0.84 1405.94 3.49 2.07 2.21 7.5 0.0 1.3 Basalt 52 50 54 17 Dam
P B 1139 -449.76 2.43 1405.94 2.66 1.32 1.68 18.6 -3.2 0.0 Basalt 52 50 54 17 Dam
A 1140 -446.56 1405.31
P B 1140 -446.56 0.69 1405.31 3.49 1.77 2.20 8.6 0.0 -2.1 Basalt 46 44 46 17 Dam
P B 1140 -446.68 1.95 1405.31 2.48 0.95 1.65 3.0 -0.4 0.0 Basalt 52 50 54 17 Dam
A 1141 -443.44 1404.69
P B 1141 -443.44 0.65 1404.69 3.49 1.70 2.24 8.0 0.0 -2.4 Basalt 66 62 60 17 Dam
A 1142 -440.31 1404.06
P B 1142 -440.31 0.72 1404.06 3.49 1.84 2.15 14.5 0.0 -2.2 Basalt 58 56 56 17 Dam
P B 1142 -440.00 2.01 1404.06 2.85 0.93 1.55 6.7 -3.9 0.0 Basalt 66 62 60 17 Dam
A 1143 -437.19 1403.44
P B 1143 -437.19 0.72 1403.44 3.49 1.84 1.94 11.7 0.0 -2.1 Basalt 66 62 60 17 Dam
P B 1143 -436.90 2.01 1403.44 2.23 0.93 1.65 12.9 1.9 0.0 Basalt 38 36 40 17 Dam
A 1144 -434.06 1402.81
P B 1144 -434.06 0.88 1402.81 3.49 2.17 1.93 9.2 0.0 2.9 Basalt 66 62 60 17 Dam
A 1145 -430.94 1402.19
P B 1145 -430.94 0.82 1402.19 3.49 2.03 2.30 14.1 0.0 0.0 Basalt 66 62 60 17 Dam
P B 1145 -430.82 2.35 1402.19 3.04 1.24 1.63 17.9 -0.8 0.0 Basalt 66 62 60 17 Dam
A 1146 -427.81 1401.56
P B 1146 -427.81 0.66 1401.56 3.49 1.72 2.16 10.1 0.0 1.4 Basalt 58 56 56 17 Dam
A 1147 -424.69 1400.94
P B 1147 -424.69 0.76 1400.94 3.49 1.92 2.15 11.2 0.0 -0.2 Basalt 52 50 54 17 Dam
A 1148 -421.56 1400.31
P B 1148 -421.56 0.77 1400.31 3.49 1.93 2.09 13.2 0.0 0.5 Basalt 66 62 60 17 Dam
P B 1148 -421.57 2.14 1400.31 2.46 1.02 1.68 17.8 3.3 0.0 Basalt 58 56 56 17 Dam
A 1149 -418.50 1400.50
P B 1149 -418.50 0.72 1400.50 3.46 1.84 2.05 -19.7 0.0 1.4 Basalt 46 44 46 17 Dam
P B 1149 -418.83 2.09 1400.50 3.05 1.10 1.70 -27.3 0.0 0.0 Basalt 66 62 60 17 Dam
A 1150 -415.50 1401.50
P B 1150 -415.50 0.89 1401.50 3.46 2.18 1.97 -17.3 0.0 2.9 Basalt 66 62 60 17 Dam
A 1151 -412.50 1402.50
P B 1151 -412.50 0.71 1402.50 3.46 1.83 2.15 -14.8 0.0 1.6 Basalt 58 56 56 17 Dam
P B 1151 -412.44 2.05 1402.50 2.66 1.05 1.66 -28.3 -4.2 0.0 Basalt 58 56 56 17 Dam
A 1152 -409.50 1403.50
P B 1152 -409.50 0.87 1403.50 3.46 2.13 2.01 -18.1 0.0 1.9 Basalt 58 56 56 17 Dam
P B 1152 -409.91 2.53 1403.50 2.88 1.40 1.52 -10.1 1.4 0.0 Basalt 52 50 54 17 Dam
A 1153 -406.50 1404.50
P B 1153 -406.50 0.77 1404.50 3.46 1.94 2.12 -15.1 0.0 2.3 Basalt 58 56 56 17 Dam
P B 1153 -406.39 2.27 1404.50 2.93 1.27 1.56 -27.6 2.5 0.0 Basalt 38 36 40 17 Dam
A 1154 -403.50 1405.50
P B 1154 -403.50 0.74 1405.50 3.46 1.88 1.91 -16.4 0.0 1.4 Basalt 66 62 60 17 Dam
P B 1154 -403.69 2.27 1405.50 2.36 1.36 1.52 -25.4 -2.8 0.0 Basalt 46 44 46 17 Dam
A 1155 -400.50 1406.50
P B 1155 -400.50 0.71 1406.50 3.46 1.81 2.00 -16.4 0.0 -3.0 Basalt 52 50 54 17 Dam
P B 1155 -400.42 2.00 1406.50 2.45 0.98 1.53 -17.5 -4.5 0.0 Basalt 66 62 60 17 Dam
A 1156 -397.50 1407.50
P B 1156 -397.50 0.75 1407.50 3.46 1.91 2.24 -21.4 0.0 -0.0 Basalt 46 44 46 17 Dam
P B 1156 -397.28 2.18 1407.50 2.99 1.14 1.68 -17.5 -0.1 0.0 Basalt 52 50 54 17 Dam
A 1157 -394.50 1408.50
P B 1157 -394.50 0.89 1408.50 3.46 2.18 2.18 -15.0 0.0 -1.5 Basalt 66 62 60 17 Dam
P B 1157 -394.22 2.33 1408.50 2.62 0.91 1.44 -14.6 1.3 0.0 Basalt 38 36 40 17 Dam
A 1158 -391.50 1409.50
P B 1158 -391.50 0.70 1409.50 3.46 1.80 1.99 -17.7 0.0 -0.1 Basalt 52 50 54 17 Dam
P B 1158 -391.11 2.17 1409.50 2.69 1.35 1.48 -27.1 0.4 0.0 Basalt 52 50 54 17 Dam
A 1159 -388.50 1410.50
P B 1159 -388.50 0.82 1410.50 3.46 2.05 2.18 -14.5 0.0 0.6 Basalt 52 50 54 17 Dam
P B 1159 -388.37 2.28 1410.50 2.63 1.07 1.46 -27.8 -3.4 0.0 Basalt 52 50 54 17 Dam
A 1160 -385.50 1411.50
P B 1160 -385.50 0.66 1411.50 3.46 1.71 2.24 -17.0 0.0 1.6 Basalt 38 36 40 17 Dam
P B 1160 -385.69 2.01 1411.50 2.70 1.21 1.45 -12.0 -2.9 0.0 Basalt 66 62 60 17 Dam
A 1161 -382.50 1412.50
P B 1161 -382.50 0.81 1412.50 3.46 2.03 2.05 -21.5 0.0 1.0 Basalt 46 44 46 17 Dam
P B 1161 -382.10 2.23 1412.50 2.79 1.00 1.53 -20.2 2.9 0.0 Basalt 66 62 60 17 Dam
A 1162 -379.50 1413.50
P B 1162 -379.50 0.79 1413.50 3.46 1.98 2.21 -19.6 0.0 0.4 Basalt 66 62 60 17 Dam
P B 1162 -379.22 2.27 1413.50 2.37 1.18 1.61 -28.0 -4.4 0.0 Basalt 66 62 60 17 Dam
A 1163 -376.50 1414.50
P B 1163 -376.50 0.82 1414.50 3.46 2.04 2.24 -17.1 0.0 0.5 Basalt 46 44 46 17 Dam
P B 1163 -376.18 2.23 1414.50 2.89 0.99 1.46 -20.2 2.3 0.0 Basalt 46 44 46 17 Dam
A 1164 -373.50 1415.50
P B 1164 -373.50 0.84 1415.50 3.46 2.08 2.13 -17.6 0.0 -2.6 Basalt 38 36 40 17 Dam
A 1165 -370.50 1416.50
P B 1165 -370.50 0.70 1416.50 3.46 1.80 1.95 -15.8 0.0 1.6 Basalt 52 50 54 17 Dam
A 1166 -367.50 1417.50
P B 1166 -367.50 0.84 1417.50 3.46 2.08 2.03 -17.5 0.0 -0.8 Basalt 46 44 46 17 Dam
P B 1166 -367.95 2.25 1417.50 2.48 0.94 1.50 -23.3 -3.5 0.0 Basalt 52 50 54 17 Dam
A 1167 -352.50 1422.50
P B 1167 -352.50 0.89 1422.50 3.46 2.17 2.04 -19.1 0.0 2.6 Basalt 52 50 54 17 Dam
A 1168 -349.50 1423.50
P B 1168 -349.50 0.85 1423.50 3.46 2.09 2.02 -17.5 0.0 -2.5 Basalt 46 44 46 17 Dam
A 1169 -346.50 1424.50
P B 1169 -346.50 0.79 1424.50 3.46 1.97 1.90 -14.6 0.0 -1.9 Basalt 52 50 54 17 Dam
P B 1169 -346.80 2.23 1424.50 2.33 1.11 1.47 -15.5 2.6 0.0 Basalt 58 56 56 17 Dam
A 1170 -343.50 1425.50
P B 1170 -343.50 0.67 1425.50 3.46 1.75 2.02 -20.2 0.0 -1.9 Basalt 38 36 40 17 Dam
P B 1170 -343.04 1.99 1425.50 2.47 1.09 1.62 -8.8 3.4 0.0 Basalt 46 44 46 17 Dam
A 1171 -340.50 1426.50
P B 1171 -340.50 0.74 1426.50 3.46 1.88 2.05 -20.7 0.0 -0.6 Basalt 38 36 40 17 Dam
A 1172 -337.50 1427.50
P B 1172 -337.50 0.70 1427.50 3.46 1.79 2.25 -18.4 0.0 -0.8 Basalt 66 62 60 17 Dam
P B 1172 -337.81 1.99 1427.50 2.81 0.99 1.51 -22.1 -3.1 0.0 Basalt 58 56 56 17 Dam
A 1173 -334.50 1428.50
P B 1173 -334.50 0.85 1428.50 3.46 2.10 2.16 -17.1 0.0 -0.6 Basalt 46 44 46 17 Dam
A 1174 -331.50 1429.50
P B 1174 -331.50 0.84 1429.50 3.46 2.07 2.05 -20.8 0.0 -1.7 Basalt 66 62 60 17 Dam
P B 1174 -331.97 2.30 1429.50 2.17 1.06 1.53 -27.4 -1.1 0.0 Basalt 38 36 40 17 Dam
A 1175 -328.50 1430.50
P B 1175 -328.50 0.75 1430.50 3.46 1.90 2.22 -14.7 0.0 1.9 Basalt 46 44 46 17 Dam
P B 1175 -328.58 2.06 1430.50 2.44 0.92 1.51 -14.8 -0.6 0.0 Basalt 58 56 56 17 Dam
A 1176 -325.50 1431.50
P B 1176 -325.50 0.69 1431.50 3.46 1.77 1.98 -17.9 0.0 2.4 Basalt 66 62 60 17 Dam
P B 1176 -325.05 1.96 1431.50 2.36 0.98 1.45 -8.7 2.8 0.0 Basalt 38 36 40 17 Dam
A 1177 -322.50 1432.50
P B 1177 -322.50 0.68 1432.50 3.46 1.75 2.15 -19.5 0.0 1.1 Basalt 66 62 60 17 Dam
A 1178 -319.50 1433.50
P B 1178 -319.50 0.84 1433.50 3.46 2.08 2.14 -18.1 0.0 1.4 Basalt 46 44 46 17 Dam
P B 1178 -319.86 2.39 1433.50 2.83 1.23 1.53 -13.8 -4.4 0.0 Basalt 46 44 46 17 Dam
A 1179 -316.50 1434.50
P B 1179 -316.50 0.72 1434.50 3.46 1.84 1.98 -20.8 0.0 -1.7 Basalt 46 44 46 17 Dam
P B 1179 -316.09 2.06 1434.50 2.97 1.03 1.63 -11.0 4.5 0.0 Basalt 52 50 54 17 Dam
A 1180 -313.50 1435.50
P B 1180 -313.50 0.70 1435.50 3.46 1.80 2.09 -15.9 0.0 -0.2 Basalt 38 36 40 17 Dam
A 1181 -310.50 1436.50
P B 1181 -310.50 0.87 1436.50 3.46 2.14 1.92 -17.1 0.0 -0.3 Basalt 58 56 56 17 Dam
P B 1181 -310.07 2.52 1436.50 2.58 1.35 1.64 -22.9 -2.2 0.0 Basalt 38 36 40 17 Dam
A 1182 -307.50 1437.50
P B 1182 -307.50 0.75 1437.50 3.46 1.89 1.94 -22.1 0.0 -3.0 Basalt 46 44 46 17 Dam
P B 1182 -307.95 2.07 1437.50 2.89 0.95 1.67 -15.4 4.5 0.0 Basalt 66 62 60 17 Dam
A 1183 -304.50 1438.50
P B 1183 -304.50 0.86 1438.50 3.46 2.12 1.99 -17.7 0.0 -1.3 Basalt 52 50 54 17 Dam
P B 1183 -304.50 2.40 1438.50 3.05 1.17 1.55 -16.0 -1.9 0.0 Basalt 58 56 56 17 Dam
A 1184 -301.50 1439.50
P B 1184 -301.50 0.87 1439.50 3.46 2.13 2.07 -18.7 0.0 0.7 Basalt 38 36 40 17 Dam
P B 1184 -301.76 2.37 1439.50 2.81 1.06 1.63 -19.3 1.2 0.0 Basalt 38 36 40 17 Dam
A 1185 -298.46 1439.74
P B 1185 -298.46 0.75 1439.74 3.42 1.91 2.23 6.3 0.0 -2.1 Basalt 38 36 40 17 Dam
P B 1185 -298.49 2.23 1439.74 2.99 1.24 1.41 2.1 -4.9 0.0 Basalt 58 56 56 17 Dam
A 1186 -295.38 1439.23
P B 1186 -295.38 0.85 1439.23 3.42 2.10 2.13 6.8 0.0 1.1 Basalt 66 62 60 17 Dam
A 1187 -292.31 1438.72
P B 1187 -292.31 0.85 1438.72 3.42 2.10 1.98 12.8 0.0 -0.1 Basalt 66 62 60 17 Dam
P B 1187 -291.95 2.30 1438.72 2.79 1.00 1.62 1.4 -1.9 0.0 Basalt 58 56 56 17 Dam
A 1188 -289.23 1438.21
P B 1188 -289.23 0.78 1438.21 3.42 1.95 2.20 7.5 0.0 -2.4 Basalt 52 50 54 17 Dam
A 1189 -286.15 1437.69
P B 1189 -286.15 0.71 1437.69 3.42 1.82 2.28 11.7 0.0 -2.4 Basalt 52 50 54 17 Dam
P B 1189 -285.68 2.05 1437.69 2.29 1.06 1.65 10.2 -4.1 0.0 Basalt 52 50 54 17 Dam
A 1190 -283.08 1437.18
P B 1190 -283.08 0.71 1437.18 3.42 1.82 2.12 8.9 0.0 0.6 Basalt 66 62 60 17 Dam
P B 1190 -283.52 2.22 1437.18 2.64 1.40 1.49 0.2 -3.6 0.0 Basalt 38 36 40 17 Dam
A 1191 -280.00 1436.67
P B 1191 -280.00 0.87 1436.67 3.42 2.13 2.24 9.4 0.0 -2.6 Basalt 38 36 40 17 Dam
P B 1191 -280.13 2.45 1436.67 2.12 1.23 1.40 3.9 -0.2 0.0 Basalt 46 44 46 17 Dam
A 1192 -276.92 1436.15
P B 1192 -276.92 0.85 1436.15 3.42 2.09 2.26 10.8 0.0 1.3 Basalt 66 62 60 17 Dam
P B 1192 -277.41 2.40 1436.15 2.83 1.21 1.54 10.2 3.9 0.0 Basalt 38 36 40 17 Dam
A 1193 -273.85 1435.64
P B 1193 -273.85 0.71 1435.64 3.42 1.81 2.09 6.9 0.0 -0.4 Basalt 58 56 56 17 Dam
P B 1193 -274.20 2.15 1435.64 2.76 1.28 1.60 9.8 -3.7 0.0 Basalt 52 50 54 17 Dam
A 1194 -270.77 1435.13
P B 1194 -270.77 0.72 1435.13 3.42 1.83 2.00 6.4 0.0 0.5 Basalt 52 50 54 17 Dam
P B 1194 -270.43 2.02 1435.13 2.66 0.98 1.53 0.6 -4.2 0.0 Basalt 38 36 40 17 Dam
A 1195 -267.69 1434.62
P B 1195 -267.69 0.73 1434.62 3.42 1.87 2.22 11.0 0.0 -2.4 Basalt 38 36 40 17 Dam
P B 1195 -267.34 2.20 1434.62 2.70 1.26 1.52 12.3 3.5 0.0 Basalt 52 50 54 17 Dam
A 1196 -264.62 1434.10
P B 1196 -264.62 0.77 1434.10 3.42 1.95 2.20 6.2 0.0 2.2 Basalt 66 62 60 17 Dam
P B 1196 -264.51 2.15 1434.10 2.43 1.01 1.42 3.8 0.0 0.0 Basalt 52 50 54 17 Dam
A 1197 -261.54 1433.59
P B 1197 -261.54 0.66 1433.59 3.42 1.72 1.95 11.9 0.0 1.7 Basalt 58 56 56 17 Dam
A 1198 -258.46 1433.08
P B 1198 -258.46 0.81 1433.08 3.42 2.01 2.25 5.9 0.0 -2.5 Basalt 52 50 54 17 Dam
P B 1198 -258.46 2.35 1433.08 2.46 1.27 1.69 10.5 4.6 0.0 Basalt 46 44 46 17 Dam
A 1199 -255.38 1432.56
P B 1199 -255.38 0.89 1432.56 3.42 2.18 1.96 7.2 0.0 0.0 Basalt 38 36 40 17 Dam
P B 1199 -255.80 2.56 1432.56 2.42 1.36 1.47 0.5 -0.6 0.0 Basalt 38 36 40 17 Dam
A 1200 -252.31 1432.05
P B 1200 -252.31 0.80 1432.05 3.42 2.00 2.13 11.2 0.0 -0.5 Basalt 66 62 60 17 Dam
P B 1200 -252.43 2.39 1432.05 2.54 1.39 1.60 2.5 0.1 0.0 Basalt 52 50 54 17 Dam
A 1201 -249.23 1431.54
P B 1201 -249.23 0.71 1431.54 3.42 1.81 2.01 6.9 0.0 -0.6 Basalt 52 50 54 17 Dam
A 1202 -246.15 1431.03
P B 1202 -246.15 0.85 1431.03 3.42 2.10 2.04 6.0 0.0 2.5 Basalt 66 62 60 17 Dam
P B 1202 -245.91 2.38 1431.03 2.28 1.16 1.43 14.0 1.4 0.0 Basalt 66 62 60 17 Dam
A 1203 -243.08 1430.51
P B 1203 -243.08 0.81 1430.51 3.42 2.03 2.13 9.1 0.0 2.1 Basalt 66 62 60 17 Dam
P B 1203 -242.64 2.32 1430.51 2.49 1.18 1.68 14.9 -1.5 0.0 Basalt 66 62 60 17 Dam
A 1204 -240.00 1430.00
P B 1204 -240.00 0.75 1430.00 3.42 1.90 1.92 6.7 0.0 0.5 Basalt 58 56 56 17 Dam
P B 1204 -239.81 2.22 1430.00 3.05 1.24 1.61 1.2 2.9 0.0 Basalt 38 36 40 17 Dam
A 1205 -236.92 1429.49
P B 1205 -236.92 0.88 1429.49 3.42 2.17 1.91 7.4 0.0 -0.2 Basalt 52 50 54 17 Dam
A 1206 -233.85 1428.97
P B 1206 -233.85 0.88 1428.97 3.42 2.16 2.06 6.7 0.0 -2.0 Basalt 38 36 40 17 Dam
P B 1206 -233.75 2.44 1428.97 2.32 1.15 1.55 8.4 3.8 0.0 Basalt 52 50 54 17 Dam
A 1207 -230.77 1428.46
P B 1207 -230.77 0.67 1428.46 3.42 1.74 1.99 12.2 0.0 0.9 Basalt 52 50 54 17 Dam
P B 1207 -230.84 1.94 1428.46 2.57 1.01 1.41 9.1 -4.6 0.0 Basalt 66 62 60 17 Dam
A 1208 -227.69 1427.95
P B 1208 -227.69 0.66 1427.95 3.42 1.72 2.20 5.9 0.0 -1.4 Basalt 46 44 46 17 Dam
P B 1208 -228.02 1.92 1427.95 3.03 1.00 1.56 9.6 3.5 0.0 Basalt 38 36 40 17 Dam
A 1209 -224.62 1427.44
P B 1209 -224.62 0.67 1427.44 3.42 1.75 2.10 11.1 0.0 -2.1 Basalt 38 36 40 17 Dam
P B 1209 -224.74 2.14 1427.44 2.96 1.38 1.69 15.9 -1.2 0.0 Basalt 66 62 60 17 Dam
A 1210 -221.54 1426.92
P B 1210 -221.54 0.76 1426.92 3.42 1.93 2.21 11.2 0.0 -1.8 Basalt 58 56 56 17 Dam
P B 1210 -221.49 2.25 1426.92 2.94 1.24 1.49 3.2 3.5 0.0 Basalt 66 62 60 17 Dam
A 1211 -218.46 1426.41
P B 1211 -218.46 0.81 1426.41 3.42 2.01 2.29 12.5 0.0 1.7 Basalt 38 36 40 17 Dam
P B 1211 -218.61 2.40 1426.41 3.02 1.39 1.67 7.1 1.6 0.0 Basalt 46 44 46 17 Dam
A 1212 -215.38 1425.90
P B 1212 -215.38 0.85 1425.90 3.42 2.11 2.04 10.5 0.0 1.5 Basalt 46 44 46 17 Dam
P B 1212 -215.29 2.47 1425.90 2.65 1.32 1.64 11.8 -4.0 0.0 Basalt 58 56 56 17 Dam
A 1213 -212.31 1425.38
P B 1213 -212.31 0.68 1425.38 3.42 1.76 2.21 13.4 0.0 0.6 Basalt 58 56 56 17 Dam
P B 1213 -212.65 2.02 1425.38 2.19 1.12 1.59 4.4 -0.9 0.0 Basalt 38 36 40 17 Dam
A 1214 -209.23 1424.87
P B 1214 -209.23 0.69 1424.87 3.42 1.78 1.97 12.3 0.0 2.3 Basalt 52 50 54 17 Dam
P B 1214 -209.23 1.96 1424.87 2.10 0.97 1.53 9.6 -3.4 0.0 Basalt 58 56 56 17 Dam
A 1215 -206.15 1424.36
P B 1215 -206.15 0.87 1424.36 3.42 2.14 2.21 10.7 0.0 2.6 Basalt 58 56 56 17 Dam
P B 1215 -206.24 2.50 1424.36 2.99 1.33 1.62 3.7 2.2 0.0 Basalt 58 56 56 17 Dam
A 1216 -203.08 1423.85
P B 1216 -203.08 0.75 1423.85 3.42 1.89 2.09 13.1 0.0 0.5 Basalt 52 50 54 17 Dam
A 1217 -200.00 1423.33
P B 1217 -200.00 0.77 1423.33 3.42 1.95 2.09 8.8 0.0 2.3 Basalt 46 44 46 17 Dam
P B 1217 -200.18 2.29 1423.33 2.36 1.28 1.63 2.5 -2.5 0.0 Basalt 52 50 54 17 Dam
A 1218 -196.92 1422.82
P B 1218 -196.92 0.79 1422.82 3.42 1.98 2.24 11.2 0.0 -1.7 Basalt 66 62 60 17 Dam
P B 1218 -197.04 2.26 1422.82 2.65 1.16 1.43 1.9 -0.1 0.0 Basalt 52 50 54 17 Dam
A 1219 -193.85 1422.31
P B 1219 -193.85 0.84 1422.31 3.42 2.09 2.02 6.5 0.0 -0.8 Basalt 66 62 60 17 Dam
P B 1219 -193.41 2.24 1422.31 2.33 0.90 1.61 7.1 -1.0 0.0 Basalt 46 44 46 17 Dam
A 1220 -190.77 1421.79
P B 1220 -190.77 0.79 1421.79 3.42 1.98 1.95 7.8 0.0 -2.8 Basalt 58 56 56 17 Dam
A 1221 -187.69 1421.28
P B 1221 -187.69 0.68 1421.28 3.42 1.76 1.98 6.6 0.0 -2.6 Basalt 52 50 54 17 Dam
A 1222 -184.62 1420.77
P B 1222 -184.62 0.65 1420.77 3.42 1.70 1.95 11.8 0.0 -0.3 Basalt 52 50 54 17 Dam
A 1223 -181.54 1420.26
P B 1223 -181.54 0.83 1420.26 3.42 2.07 2.28 8.6 0.0 0.4 Basalt 46 44 46 17 Dam
A 1224 383.27 1084.30
G 18 밭/Canola
P B 1224 383.27 0.15 1084.30 163.50 0.60 4.90 -2.8 0.0 0.0 Ground 104 84 60 18 Soil
P B 1224 383.27 1.25 1084.30 162.90 1.60 2.10 -2.8 0.0 0.0 Grass 96 140 60 18 Crop
A 1225 383.78 1089.33
P B 1225 383.78 0.15 1089.33 162.00 0.60 4.90 -2.8 0.0 0.0 Ground 104 84 60 18 Soil
P B 1225 383.78 1.25 1089.33 161.40 1.60 2.10 -2.8 0.0 0.0 Grass 236 212 52 18 Crop
A 1226 383.54 1094.32
P B 1226 383.54 0.15 1094.32 162.00 0.60 4.90 -2.8 0.0 0.0 Ground 104 84 60 18 Soil
P B 1226 383.54 1.25 1094.32 161.40 1.60 2.10 -2.8 0.0 0.0 Grass 96 140 60 18 Crop
A 1227 383.30 1099.32
P B 1227 383.30 0.15 1099.32 162.00 0.60 4.90 -2.8 0.0 0.0 Ground 104 84 60 18 Soil
P B 1227 383.30 1.25 1099.32 161.40 1.60 2.10 -2.8 0.0 0.0 Grass 236 212 52 18 Crop
A 1228 383.06 1104.31
P B 1228 383.06 0.15 1104.31 162.00 0.60 4.90 -2.8 0.0 0.0 Ground 104 84 60 18 Soil
P B 1228 383.06 1.25 1104.31 161.40 1.60 2.10 -2.8 0.0 0.0 Grass 96 140 60 18 Crop
A 1229 383.56 1109.34
P B 1229 383.56 0.15 1109.34 160.50 0.60 4.90 -2.8 0.0 0.0 Ground 104 84 60 18 Soil
P B 1229 383.56 1.25 1109.34 159.90 1.60 2.10 -2.8 0.0 0.0 Grass 236 212 52 18 Crop
A 1230 383.32 1114.33
P B 1230 383.32 0.15 1114.33 160.50 0.60 4.90 -2.8 0.0 0.0 Ground 104 84 60 18 Soil
P B 1230 383.32 1.25 1114.33 159.90 1.60 2.10 -2.8 0.0 0.0 Grass 96 140 60 18 Crop
A 1231 383.08 1119.33
P B 1231 383.08 0.15 1119.33 160.50 0.60 4.90 -2.8 0.0 0.0 Ground 104 84 60 18 Soil
P B 1231 383.08 1.25 1119.33 159.90 1.60 2.10 -2.8 0.0 0.0 Grass 236 212 52 18 Crop
A 1232 382.84 1124.32
P B 1232 382.84 0.15 1124.32 160.50 0.60 4.90 -2.8 0.0 0.0 Ground 104 84 60 18 Soil
P B 1232 382.84 1.25 1124.32 159.90 1.60 2.10 -2.8 0.0 0.0 Grass 96 140 60 18 Crop
A 1233 383.35 1129.35
P B 1233 383.35 0.15 1129.35 159.00 0.60 4.90 -2.8 0.0 0.0 Ground 104 84 60 18 Soil
P B 1233 383.35 1.25 1129.35 158.40 1.60 2.10 -2.8 0.0 0.0 Grass 236 212 52 18 Crop
A 1234 383.11 1134.35
P B 1234 383.11 0.15 1134.35 159.00 0.60 4.90 -2.8 0.0 0.0 Ground 104 84 60 18 Soil
P B 1234 383.11 1.25 1134.35 158.40 1.60 2.10 -2.8 0.0 0.0 Grass 96 140 60 18 Crop
A 1235 382.87 1139.34
P B 1235 382.87 0.15 1139.34 159.00 0.60 4.90 -2.8 0.0 0.0 Ground 104 84 60 18 Soil
P B 1235 382.87 1.25 1139.34 158.40 1.60 2.10 -2.8 0.0 0.0 Grass 236 212 52 18 Crop
A 1236 382.63 1144.34
P B 1236 382.63 0.15 1144.34 159.00 0.60 4.90 -2.8 0.0 0.0 Ground 104 84 60 18 Soil
P B 1236 382.63 1.25 1144.34 158.40 1.60 2.10 -2.8 0.0 0.0 Grass 96 140 60 18 Crop
A 1237 383.14 1149.37
P B 1237 383.14 0.15 1149.37 157.50 0.60 4.90 -2.8 0.0 0.0 Ground 104 84 60 18 Soil
P B 1237 383.14 1.25 1149.37 156.90 1.60 2.10 -2.8 0.0 0.0 Grass 236 212 52 18 Crop
A 1238 382.90 1154.36
P B 1238 382.90 0.15 1154.36 157.50 0.60 4.90 -2.8 0.0 0.0 Ground 104 84 60 18 Soil
P B 1238 382.90 1.25 1154.36 156.90 1.60 2.10 -2.8 0.0 0.0 Grass 96 140 60 18 Crop
A 1239 382.66 1159.35
P B 1239 382.66 0.15 1159.35 157.50 0.60 4.90 -2.8 0.0 0.0 Ground 104 84 60 18 Soil
P B 1239 382.66 1.25 1159.35 156.90 1.60 2.10 -2.8 0.0 0.0 Grass 236 212 52 18 Crop
A 1240 382.41 1164.35
P B 1240 382.41 0.15 1164.35 157.50 0.60 4.90 -2.8 0.0 0.0 Ground 104 84 60 18 Soil
P B 1240 382.41 1.25 1164.35 156.90 1.60 2.10 -2.8 0.0 0.0 Grass 96 140 60 18 Crop
A 1241 382.92 1169.38
P B 1241 382.92 0.15 1169.38 156.00 0.60 4.90 -2.8 0.0 0.0 Ground 104 84 60 18 Soil
P B 1241 382.92 1.25 1169.38 155.40 1.60 2.10 -2.8 0.0 0.0 Grass 236 212 52 18 Crop
A 1242 382.68 1174.37
P B 1242 382.68 0.15 1174.37 156.00 0.60 4.90 -2.8 0.0 0.0 Ground 104 84 60 18 Soil
P B 1242 382.68 1.25 1174.37 155.40 1.60 2.10 -2.8 0.0 0.0 Grass 96 140 60 18 Crop
A 1243 382.44 1179.37
P B 1243 382.44 0.15 1179.37 156.00 0.60 4.90 -2.8 0.0 0.0 Ground 104 84 60 18 Soil
P B 1243 382.44 1.25 1179.37 155.40 1.60 2.10 -2.8 0.0 0.0 Grass 236 212 52 18 Crop
A 1244 382.20 1184.36
P B 1244 382.20 0.15 1184.36 156.00 0.60 4.90 -2.8 0.0 0.0 Ground 104 84 60 18 Soil
P B 1244 382.20 1.25 1184.36 155.40 1.60 2.10 -2.8 0.0 0.0 Grass 96 140 60 18 Crop
A 1245 382.71 1189.39
P B 1245 382.71 0.15 1189.39 154.50 0.60 4.90 -2.8 0.0 0.0 Ground 104 84 60 18 Soil
P B 1245 382.71 1.25 1189.39 153.90 1.60 2.10 -2.8 0.0 0.0 Grass 236 212 52 18 Crop
A 1246 382.47 1194.39
P B 1246 382.47 0.15 1194.39 154.50 0.60 4.90 -2.8 0.0 0.0 Ground 104 84 60 18 Soil
P B 1246 382.47 1.25 1194.39 153.90 1.60 2.10 -2.8 0.0 0.0 Grass 96 140 60 18 Crop
A 1247 382.23 1199.38
P B 1247 382.23 0.15 1199.38 154.50 0.60 4.90 -2.8 0.0 0.0 Ground 104 84 60 18 Soil
P B 1247 382.23 1.25 1199.38 153.90 1.60 2.10 -2.8 0.0 0.0 Grass 236 212 52 18 Crop
A 1248 381.99 1204.37
P B 1248 381.99 0.15 1204.37 154.50 0.60 4.90 -2.8 0.0 0.0 Ground 104 84 60 18 Soil
P B 1248 381.99 1.25 1204.37 153.90 1.60 2.10 -2.8 0.0 0.0 Grass 96 140 60 18 Crop
A 1249 381.75 1209.37
P B 1249 381.75 0.15 1209.37 154.50 0.60 4.90 -2.8 0.0 0.0 Ground 104 84 60 18 Soil
P B 1249 381.75 1.25 1209.37 153.90 1.60 2.10 -2.8 0.0 0.0 Grass 236 212 52 18 Crop
A 1250 382.26 1214.40
P B 1250 382.26 0.15 1214.40 153.00 0.60 4.90 -2.8 0.0 0.0 Ground 104 84 60 18 Soil
P B 1250 382.26 1.25 1214.40 152.40 1.60 2.10 -2.8 0.0 0.0 Grass 96 140 60 18 Crop
A 1251 382.01 1219.39
P B 1251 382.01 0.15 1219.39 153.00 0.60 4.90 -2.8 0.0 0.0 Ground 104 84 60 18 Soil
P B 1251 382.01 1.25 1219.39 152.40 1.60 2.10 -2.8 0.0 0.0 Grass 236 212 52 18 Crop
A 1252 381.77 1224.39
P B 1252 381.77 0.15 1224.39 153.00 0.60 4.90 -2.8 0.0 0.0 Ground 104 84 60 18 Soil
P B 1252 381.77 1.25 1224.39 152.40 1.60 2.10 -2.8 0.0 0.0 Grass 96 140 60 18 Crop
A 1253 381.53 1229.38
P B 1253 381.53 0.15 1229.38 153.00 0.60 4.90 -2.8 0.0 0.0 Ground 104 84 60 18 Soil
P B 1253 381.53 1.25 1229.38 152.40 1.60 2.10 -2.8 0.0 0.0 Grass 236 212 52 18 Crop
A 1254 371.55 1233.91
P B 1254 371.55 0.15 1233.91 130.50 0.60 4.90 -2.8 0.0 0.0 Ground 104 84 60 18 Soil
P B 1254 371.55 1.25 1233.91 129.90 1.60 2.10 -2.8 0.0 0.0 Grass 96 140 60 18 Crop
A 1255 346.59 1237.71
P B 1255 346.59 0.15 1237.71 81.00 0.60 4.90 -2.8 0.0 0.0 Ground 104 84 60 18 Soil
P B 1255 346.59 1.25 1237.71 80.40 1.60 2.10 -2.8 0.0 0.0 Grass 236 212 52 18 Crop
A 1256 320.88 1241.48
P B 1256 320.88 0.15 1241.48 30.00 0.60 4.90 -2.8 0.0 0.0 Ground 104 84 60 18 Soil
P B 1256 320.88 1.25 1241.48 29.40 1.60 2.10 -2.8 0.0 0.0 Grass 96 140 60 18 Crop
A 1257 617.08 1162.40
G 19 밭/Barley
P B 1257 617.08 0.15 1162.40 178.50 0.60 3.92 -98.8 0.0 0.0 Ground 110 92 64 19 Soil
P B 1257 617.08 1.15 1162.40 177.90 1.40 1.68 -98.8 0.0 0.0 Grass 186 180 96 19 Crop
A 1258 613.01 1162.52
P B 1258 613.01 0.15 1162.52 177.00 0.60 3.92 -98.8 0.0 0.0 Ground 110 92 64 19 Soil
P B 1258 613.01 1.15 1162.52 176.40 1.40 1.68 -98.8 0.0 0.0 Grass 150 176 80 19 Crop
A 1259 608.94 1162.65
P B 1259 608.94 0.15 1162.65 175.50 0.60 3.92 -98.8 0.0 0.0 Ground 110 92 64 19 Soil
P B 1259 608.94 1.15 1162.65 174.90 1.40 1.68 -98.8 0.0 0.0 Grass 186 180 96 19 Crop
A 1260 604.88 1162.77
P B 1260 604.88 0.15 1162.77 177.00 0.60 3.92 -98.8 0.0 0.0 Ground 110 92 64 19 Soil
P B 1260 604.88 1.15 1162.77 176.40 1.40 1.68 -98.8 0.0 0.0 Grass 150 176 80 19 Crop
A 1261 600.81 1162.90
P B 1261 600.81 0.15 1162.90 175.50 0.60 3.92 -98.8 0.0 0.0 Ground 110 92 64 19 Soil
P B 1261 600.81 1.15 1162.90 174.90 1.40 1.68 -98.8 0.0 0.0 Grass 186 180 96 19 Crop
A 1262 596.86 1162.29
P B 1262 596.86 0.15 1162.29 175.50 0.60 3.92 -98.8 0.0 0.0 Ground 110 92 64 19 Soil
P B 1262 596.86 1.15 1162.29 174.90 1.40 1.68 -98.8 0.0 0.0 Grass 150 176 80 19 Crop
A 1263 592.79 1162.41
P B 1263 592.79 0.15 1162.41 174.00 0.60 3.92 -98.8 0.0 0.0 Ground 110 92 64 19 Soil
P B 1263 592.79 1.15 1162.41 173.40 1.40 1.68 -98.8 0.0 0.0 Grass 186 180 96 19 Crop
A 1264 588.72 1162.54
P B 1264 588.72 0.15 1162.54 172.50 0.60 3.92 -98.8 0.0 0.0 Ground 110 92 64 19 Soil
P B 1264 588.72 1.15 1162.54 171.90 1.40 1.68 -98.8 0.0 0.0 Grass 150 176 80 19 Crop
A 1265 584.77 1161.92
P B 1265 584.77 0.15 1161.92 172.50 0.60 3.92 -98.8 0.0 0.0 Ground 110 92 64 19 Soil
P B 1265 584.77 1.15 1161.92 171.90 1.40 1.68 -98.8 0.0 0.0 Grass 186 180 96 19 Crop
A 1266 580.70 1162.05
P B 1266 580.70 0.15 1162.05 171.00 0.60 3.92 -98.8 0.0 0.0 Ground 110 92 64 19 Soil
P B 1266 580.70 1.15 1162.05 170.40 1.40 1.68 -98.8 0.0 0.0 Grass 150 176 80 19 Crop
A 1267 576.63 1162.18
P B 1267 576.63 0.15 1162.18 169.50 0.60 3.92 -98.8 0.0 0.0 Ground 110 92 64 19 Soil
P B 1267 576.63 1.15 1162.18 168.90 1.40 1.68 -98.8 0.0 0.0 Grass 186 180 96 19 Crop
A 1268 572.68 1161.56
P B 1268 572.68 0.15 1161.56 169.50 0.60 3.92 -98.8 0.0 0.0 Ground 110 92 64 19 Soil
P B 1268 572.68 1.15 1161.56 168.90 1.40 1.68 -98.8 0.0 0.0 Grass 150 176 80 19 Crop
A 1269 568.50 1162.43
P B 1269 568.50 0.15 1162.43 169.50 0.60 3.92 -98.8 0.0 0.0 Ground 110 92 64 19 Soil
P B 1269 568.50 1.15 1162.43 168.90 1.40 1.68 -98.8 0.0 0.0 Grass 186 180 96 19 Crop
A 1270 564.43 1162.56
P B 1270 564.43 0.15 1162.56 168.00 0.60 3.92 -98.8 0.0 0.0 Ground 110 92 64 19 Soil
P B 1270 564.43 1.15 1162.56 167.40 1.40 1.68 -98.8 0.0 0.0 Grass 150 176 80 19 Crop
A 1271 560.48 1161.94
P B 1271 560.48 0.15 1161.94 168.00 0.60 3.92 -98.8 0.0 0.0 Ground 110 92 64 19 Soil
P B 1271 560.48 1.15 1161.94 167.40 1.40 1.68 -98.8 0.0 0.0 Grass 186 180 96 19 Crop
A 1272 556.41 1162.07
P B 1272 556.41 0.15 1162.07 166.50 0.60 3.92 -98.8 0.0 0.0 Ground 110 92 64 19 Soil
P B 1272 556.41 1.15 1162.07 165.90 1.40 1.68 -98.8 0.0 0.0 Grass 150 176 80 19 Crop
A 1273 552.34 1162.19
P B 1273 552.34 0.15 1162.19 165.00 0.60 3.92 -98.8 0.0 0.0 Ground 110 92 64 19 Soil
P B 1273 552.34 1.15 1162.19 164.40 1.40 1.68 -98.8 0.0 0.0 Grass 186 180 96 19 Crop
A 1274 548.39 1161.58
P B 1274 548.39 0.15 1161.58 165.00 0.60 3.92 -98.8 0.0 0.0 Ground 110 92 64 19 Soil
P B 1274 548.39 1.15 1161.58 164.40 1.40 1.68 -98.8 0.0 0.0 Grass 150 176 80 19 Crop
A 1275 544.32 1161.70
P B 1275 544.32 0.15 1161.70 163.50 0.60 3.92 -98.8 0.0 0.0 Ground 110 92 64 19 Soil
P B 1275 544.32 1.15 1161.70 162.90 1.40 1.68 -98.8 0.0 0.0 Grass 186 180 96 19 Crop
A 1276 540.25 1161.83
P B 1276 540.25 0.15 1161.83 162.00 0.60 3.92 -98.8 0.0 0.0 Ground 110 92 64 19 Soil
P B 1276 540.25 1.15 1161.83 161.40 1.40 1.68 -98.8 0.0 0.0 Grass 150 176 80 19 Crop
A 1277 536.30 1161.22
P B 1277 536.30 0.15 1161.22 162.00 0.60 3.92 -98.8 0.0 0.0 Ground 110 92 64 19 Soil
P B 1277 536.30 1.15 1161.22 161.40 1.40 1.68 -98.8 0.0 0.0 Grass 186 180 96 19 Crop
A 1278 532.12 1162.08
P B 1278 532.12 0.15 1162.08 162.00 0.60 3.92 -98.8 0.0 0.0 Ground 110 92 64 19 Soil
P B 1278 532.12 1.15 1162.08 161.40 1.40 1.68 -98.8 0.0 0.0 Grass 150 176 80 19 Crop
A 1279 528.05 1162.21
P B 1279 528.05 0.15 1162.21 160.50 0.60 3.92 -98.8 0.0 0.0 Ground 110 92 64 19 Soil
P B 1279 528.05 1.15 1162.21 159.90 1.40 1.68 -98.8 0.0 0.0 Grass 186 180 96 19 Crop
A 1280 524.10 1161.59
P B 1280 524.10 0.15 1161.59 160.50 0.60 3.92 -98.8 0.0 0.0 Ground 110 92 64 19 Soil
P B 1280 524.10 1.15 1161.59 159.90 1.40 1.68 -98.8 0.0 0.0 Grass 150 176 80 19 Crop
A 1281 520.03 1161.72
P B 1281 520.03 0.15 1161.72 159.00 0.60 3.92 -98.8 0.0 0.0 Ground 110 92 64 19 Soil
P B 1281 520.03 1.15 1161.72 158.40 1.40 1.68 -98.8 0.0 0.0 Grass 186 180 96 19 Crop
A 1282 515.96 1161.85
P B 1282 515.96 0.15 1161.85 157.50 0.60 3.92 -98.8 0.0 0.0 Ground 110 92 64 19 Soil
P B 1282 515.96 1.15 1161.85 156.90 1.40 1.68 -98.8 0.0 0.0 Grass 150 176 80 19 Crop
A 1283 512.01 1161.23
P B 1283 512.01 0.15 1161.23 157.50 0.60 3.92 -98.8 0.0 0.0 Ground 110 92 64 19 Soil
P B 1283 512.01 1.15 1161.23 156.90 1.40 1.68 -98.8 0.0 0.0 Grass 186 180 96 19 Crop
A 1284 507.94 1161.36
P B 1284 507.94 0.15 1161.36 156.00 0.60 3.92 -98.8 0.0 0.0 Ground 110 92 64 19 Soil
P B 1284 507.94 1.15 1161.36 155.40 1.40 1.68 -98.8 0.0 0.0 Grass 150 176 80 19 Crop
A 1285 503.87 1161.48
P B 1285 503.87 0.15 1161.48 154.50 0.60 3.92 -98.8 0.0 0.0 Ground 110 92 64 19 Soil
P B 1285 503.87 1.15 1161.48 153.90 1.40 1.68 -98.8 0.0 0.0 Grass 186 180 96 19 Crop
A 1286 499.92 1160.87
P B 1286 499.92 0.15 1160.87 154.50 0.60 3.92 -98.8 0.0 0.0 Ground 110 92 64 19 Soil
P B 1286 499.92 1.15 1160.87 153.90 1.40 1.68 -98.8 0.0 0.0 Grass 150 176 80 19 Crop
A 1287 495.85 1161.00
P B 1287 495.85 0.15 1161.00 153.00 0.60 3.92 -98.8 0.0 0.0 Ground 110 92 64 19 Soil
P B 1287 495.85 1.15 1161.00 152.40 1.40 1.68 -98.8 0.0 0.0 Grass 186 180 96 19 Crop
A 1288 491.67 1161.86
P B 1288 491.67 0.15 1161.86 153.00 0.60 3.92 -98.8 0.0 0.0 Ground 110 92 64 19 Soil
P B 1288 491.67 1.15 1161.86 152.40 1.40 1.68 -98.8 0.0 0.0 Grass 150 176 80 19 Crop
A 1289 487.72 1161.25
P B 1289 487.72 0.15 1161.25 153.00 0.60 3.92 -98.8 0.0 0.0 Ground 110 92 64 19 Soil
P B 1289 487.72 1.15 1161.25 152.40 1.40 1.68 -98.8 0.0 0.0 Grass 186 180 96 19 Crop
A 1290 483.65 1161.37
P B 1290 483.65 0.15 1161.37 151.50 0.60 3.92 -98.8 0.0 0.0 Ground 110 92 64 19 Soil
P B 1290 483.65 1.15 1161.37 150.90 1.40 1.68 -98.8 0.0 0.0 Grass 150 176 80 19 Crop
A 1291 479.58 1161.50
P B 1291 479.58 0.15 1161.50 150.00 0.60 3.92 -98.8 0.0 0.0 Ground 110 92 64 19 Soil
P B 1291 479.58 1.15 1161.50 149.40 1.40 1.68 -98.8 0.0 0.0 Grass 186 180 96 19 Crop
A 1292 477.36 1149.77
P B 1292 477.36 0.15 1149.77 127.50 0.60 3.92 -98.8 0.0 0.0 Ground 110 92 64 19 Soil
P B 1292 477.36 1.15 1149.77 126.90 1.40 1.68 -98.8 0.0 0.0 Grass 150 176 80 19 Crop
A 1293 476.87 1126.92
P B 1293 476.87 0.15 1126.92 79.50 0.60 3.92 -98.8 0.0 0.0 Ground 110 92 64 19 Soil
P B 1293 476.87 1.15 1126.92 78.90 1.40 1.68 -98.8 0.0 0.0 Grass 186 180 96 19 Crop
A 1294 476.26 1104.82
P B 1294 476.26 0.15 1104.82 33.00 0.60 3.92 -98.8 0.0 0.0 Ground 110 92 64 19 Soil
P B 1294 476.26 1.15 1104.82 32.40 1.40 1.68 -98.8 0.0 0.0 Grass 150 176 80 19 Crop
A 1295 631.12 1161.49
G 20 밭/Radish
P B 1295 631.12 0.15 1161.49 175.50 0.60 4.41 80.3 0.0 0.0 Ground 96 76 54 20 Soil
P B 1295 631.12 0.90 1161.49 174.90 0.90 1.89 80.3 0.0 0.0 Grass 92 150 70 20 Crop
A 1296 635.68 1161.51
P B 1296 635.68 0.15 1161.51 174.00 0.60 4.41 80.3 0.0 0.0 Ground 96 76 54 20 Soil
P B 1296 635.68 0.90 1161.51 173.40 0.90 1.89 80.3 0.0 0.0 Grass 92 150 70 20 Crop
A 1297 640.24 1161.53
P B 1297 640.24 0.15 1161.53 172.50 0.60 4.41 80.3 0.0 0.0 Ground 96 76 54 20 Soil
P B 1297 640.24 0.90 1161.53 171.90 0.90 1.89 80.3 0.0 0.0 Grass 92 150 70 20 Crop
A 1298 644.80 1161.54
P B 1298 644.80 0.15 1161.54 171.00 0.60 4.41 80.3 0.0 0.0 Ground 96 76 54 20 Soil
P B 1298 644.80 0.90 1161.54 170.40 0.90 1.89 80.3 0.0 0.0 Grass 92 150 70 20 Crop
A 1299 649.49 1160.82
P B 1299 649.49 0.15 1160.82 168.00 0.60 4.41 80.3 0.0 0.0 Ground 96 76 54 20 Soil
P B 1299 649.49 0.90 1160.82 167.40 0.90 1.89 80.3 0.0 0.0 Grass 92 150 70 20 Crop
A 1300 654.05 1160.84
P B 1300 654.05 0.15 1160.84 166.50 0.60 4.41 80.3 0.0 0.0 Ground 96 76 54 20 Soil
P B 1300 654.05 0.90 1160.84 165.90 0.90 1.89 80.3 0.0 0.0 Grass 92 150 70 20 Crop
A 1301 658.62 1160.85
P B 1301 658.62 0.15 1160.85 165.00 0.60 4.41 80.3 0.0 0.0 Ground 96 76 54 20 Soil
P B 1301 658.62 0.90 1160.85 164.40 0.90 1.89 80.3 0.0 0.0 Grass 92 150 70 20 Crop
A 1302 663.18 1160.87
P B 1302 663.18 0.15 1160.87 163.50 0.60 4.41 80.3 0.0 0.0 Ground 96 76 54 20 Soil
P B 1302 663.18 0.90 1160.87 162.90 0.90 1.89 80.3 0.0 0.0 Grass 92 150 70 20 Crop
A 1303 667.74 1160.89
P B 1303 667.74 0.15 1160.89 162.00 0.60 4.41 80.3 0.0 0.0 Ground 96 76 54 20 Soil
P B 1303 667.74 0.90 1160.89 161.40 0.90 1.89 80.3 0.0 0.0 Grass 92 150 70 20 Crop
A 1304 672.30 1160.91
P B 1304 672.30 0.15 1160.91 160.50 0.60 4.41 80.3 0.0 0.0 Ground 96 76 54 20 Soil
P B 1304 672.30 0.90 1160.91 159.90 0.90 1.89 80.3 0.0 0.0 Grass 92 150 70 20 Crop
A 1305 676.87 1160.92
P B 1305 676.87 0.15 1160.92 159.00 0.60 4.41 80.3 0.0 0.0 Ground 96 76 54 20 Soil
P B 1305 676.87 0.90 1160.92 158.40 0.90 1.89 80.3 0.0 0.0 Grass 92 150 70 20 Crop
A 1306 681.43 1160.94
P B 1306 681.43 0.15 1160.94 157.50 0.60 4.41 80.3 0.0 0.0 Ground 96 76 54 20 Soil
P B 1306 681.43 0.90 1160.94 156.90 0.90 1.89 80.3 0.0 0.0 Grass 92 150 70 20 Crop
A 1307 685.99 1160.96
P B 1307 685.99 0.15 1160.96 156.00 0.60 4.41 80.3 0.0 0.0 Ground 96 76 54 20 Soil
P B 1307 685.99 0.90 1160.96 155.40 0.90 1.89 80.3 0.0 0.0 Grass 92 150 70 20 Crop
A 1308 690.68 1160.23
P B 1308 690.68 0.15 1160.23 153.00 0.60 4.41 80.3 0.0 0.0 Ground 96 76 54 20 Soil
P B 1308 690.68 0.90 1160.23 152.40 0.90 1.89 80.3 0.0 0.0 Grass 92 150 70 20 Crop
A 1309 695.24 1160.25
P B 1309 695.24 0.15 1160.25 151.50 0.60 4.41 80.3 0.0 0.0 Ground 96 76 54 20 Soil
P B 1309 695.24 0.90 1160.25 150.90 0.90 1.89 80.3 0.0 0.0 Grass 92 150 70 20 Crop
A 1310 699.80 1160.27
P B 1310 699.80 0.15 1160.27 150.00 0.60 4.41 80.3 0.0 0.0 Ground 96 76 54 20 Soil
P B 1310 699.80 0.90 1160.27 149.40 0.90 1.89 80.3 0.0 0.0 Grass 92 150 70 20 Crop
A 1311 704.36 1160.28
P B 1311 704.36 0.15 1160.28 148.50 0.60 4.41 80.3 0.0 0.0 Ground 96 76 54 20 Soil
P B 1311 704.36 0.90 1160.28 147.90 0.90 1.89 80.3 0.0 0.0 Grass 92 150 70 20 Crop
A 1312 708.93 1160.30
P B 1312 708.93 0.15 1160.30 147.00 0.60 4.41 80.3 0.0 0.0 Ground 96 76 54 20 Soil
P B 1312 708.93 0.90 1160.30 146.40 0.90 1.89 80.3 0.0 0.0 Grass 92 150 70 20 Crop
A 1313 712.86 1164.01
P B 1313 712.86 0.15 1164.01 138.00 0.60 4.41 80.3 0.0 0.0 Ground 96 76 54 20 Soil
P B 1313 712.86 0.90 1164.01 137.40 0.90 1.89 80.3 0.0 0.0 Grass 92 150 70 20 Crop
A 1314 715.91 1172.90
P B 1314 715.91 0.15 1172.90 118.50 0.60 4.41 80.3 0.0 0.0 Ground 96 76 54 20 Soil
P B 1314 715.91 0.90 1172.90 117.90 0.90 1.89 80.3 0.0 0.0 Grass 92 150 70 20 Crop
A 1315 718.83 1182.53
P B 1315 718.83 0.15 1182.53 97.50 0.60 4.41 80.3 0.0 0.0 Ground 96 76 54 20 Soil
P B 1315 718.83 0.90 1182.53 96.90 0.90 1.89 80.3 0.0 0.0 Grass 92 150 70 20 Crop
A 1316 721.88 1191.42
P B 1316 721.88 0.15 1191.42 78.00 0.60 4.41 80.3 0.0 0.0 Ground 96 76 54 20 Soil
P B 1316 721.88 0.90 1191.42 77.40 0.90 1.89 80.3 0.0 0.0 Grass 92 150 70 20 Crop
A 1317 724.93 1200.31
P B 1317 724.93 0.15 1200.31 58.50 0.60 4.41 80.3 0.0 0.0 Ground 96 76 54 20 Soil
P B 1317 724.93 0.90 1200.31 57.90 0.90 1.89 80.3 0.0 0.0 Grass 92 150 70 20 Crop
A 1318 728.11 1208.46
P B 1318 728.11 0.15 1208.46 37.50 0.60 4.41 80.3 0.0 0.0 Ground 96 76 54 20 Soil
P B 1318 728.11 0.90 1208.46 36.90 0.90 1.89 80.3 0.0 0.0 Grass 92 150 70 20 Crop
A 1319 731.03 1218.09
P B 1319 731.03 0.15 1218.09 16.50 0.60 4.41 80.3 0.0 0.0 Ground 96 76 54 20 Soil
P B 1319 731.03 0.90 1218.09 15.90 0.90 1.89 80.3 0.0 0.0 Grass 92 150 70 20 Crop
A 1320 456.67 1337.22
P B 1320 456.67 0.15 1337.22 171.00 0.60 3.92 -88.0 0.0 0.0 Ground 110 92 64 19 Soil
P B 1320 456.67 1.15 1337.22 170.40 1.40 1.68 -88.0 0.0 0.0 Grass 150 176 80 19 Crop
A 1321 452.68 1337.36
P B 1321 452.68 0.15 1337.36 171.00 0.60 3.92 -88.0 0.0 0.0 Ground 110 92 64 19 Soil
P B 1321 452.68 1.15 1337.36 170.40 1.40 1.68 -88.0 0.0 0.0 Grass 186 180 96 19 Crop
A 1322 448.71 1338.25
P B 1322 448.71 0.15 1338.25 169.50 0.60 3.92 -88.0 0.0 0.0 Ground 110 92 64 19 Soil
P B 1322 448.71 1.15 1338.25 168.90 1.40 1.68 -88.0 0.0 0.0 Grass 150 176 80 19 Crop
A 1323 444.71 1338.38
P B 1323 444.71 0.15 1338.38 169.50 0.60 3.92 -88.0 0.0 0.0 Ground 110 92 64 19 Soil
P B 1323 444.71 1.15 1338.38 168.90 1.40 1.68 -88.0 0.0 0.0 Grass 186 180 96 19 Crop
A 1324 440.68 1337.77
P B 1324 440.68 0.15 1337.77 168.00 0.60 3.92 -88.0 0.0 0.0 Ground 110 92 64 19 Soil
P B 1324 440.68 1.15 1337.77 167.40 1.40 1.68 -88.0 0.0 0.0 Grass 150 176 80 19 Crop
A 1325 436.69 1337.91
P B 1325 436.69 0.15 1337.91 168.00 0.60 3.92 -88.0 0.0 0.0 Ground 110 92 64 19 Soil
P B 1325 436.69 1.15 1337.91 167.40 1.40 1.68 -88.0 0.0 0.0 Grass 186 180 96 19 Crop
A 1326 432.69 1338.05
P B 1326 432.69 0.15 1338.05 168.00 0.60 3.92 -88.0 0.0 0.0 Ground 110 92 64 19 Soil
P B 1326 432.69 1.15 1338.05 167.40 1.40 1.68 -88.0 0.0 0.0 Grass 150 176 80 19 Crop
A 1327 428.69 1338.18
P B 1327 428.69 0.15 1338.18 168.00 0.60 3.92 -88.0 0.0 0.0 Ground 110 92 64 19 Soil
P B 1327 428.69 1.15 1338.18 167.40 1.40 1.68 -88.0 0.0 0.0 Grass 186 180 96 19 Crop
A 1328 424.67 1337.57
P B 1328 424.67 0.15 1337.57 166.50 0.60 3.92 -88.0 0.0 0.0 Ground 110 92 64 19 Soil
P B 1328 424.67 1.15 1337.57 165.90 1.40 1.68 -88.0 0.0 0.0 Grass 150 176 80 19 Crop
A 1329 420.67 1337.71
P B 1329 420.67 0.15 1337.71 166.50 0.60 3.92 -88.0 0.0 0.0 Ground 110 92 64 19 Soil
P B 1329 420.67 1.15 1337.71 165.90 1.40 1.68 -88.0 0.0 0.0 Grass 186 180 96 19 Crop
A 1330 416.67 1337.85
P B 1330 416.67 0.15 1337.85 166.50 0.60 3.92 -88.0 0.0 0.0 Ground 110 92 64 19 Soil
P B 1330 416.67 1.15 1337.85 165.90 1.40 1.68 -88.0 0.0 0.0 Grass 150 176 80 19 Crop
A 1331 412.67 1337.99
P B 1331 412.67 0.15 1337.99 166.50 0.60 3.92 -88.0 0.0 0.0 Ground 110 92 64 19 Soil
P B 1331 412.67 1.15 1337.99 165.90 1.40 1.68 -88.0 0.0 0.0 Grass 186 180 96 19 Crop
A 1332 408.65 1337.37
P B 1332 408.65 0.15 1337.37 165.00 0.60 3.92 -88.0 0.0 0.0 Ground 110 92 64 19 Soil
P B 1332 408.65 1.15 1337.37 164.40 1.40 1.68 -88.0 0.0 0.0 Grass 150 176 80 19 Crop
A 1333 404.65 1337.51
P B 1333 404.65 0.15 1337.51 165.00 0.60 3.92 -88.0 0.0 0.0 Ground 110 92 64 19 Soil
P B 1333 404.65 1.15 1337.51 164.40 1.40 1.68 -88.0 0.0 0.0 Grass 186 180 96 19 Crop
A 1334 400.66 1337.65
P B 1334 400.66 0.15 1337.65 165.00 0.60 3.92 -88.0 0.0 0.0 Ground 110 92 64 19 Soil
P B 1334 400.66 1.15 1337.65 164.40 1.40 1.68 -88.0 0.0 0.0 Grass 150 176 80 19 Crop
A 1335 396.66 1337.79
P B 1335 396.66 0.15 1337.79 165.00 0.60 3.92 -88.0 0.0 0.0 Ground 110 92 64 19 Soil
P B 1335 396.66 1.15 1337.79 164.40 1.40 1.68 -88.0 0.0 0.0 Grass 186 180 96 19 Crop
A 1336 392.64 1337.18
P B 1336 392.64 0.15 1337.18 163.50 0.60 3.92 -88.0 0.0 0.0 Ground 110 92 64 19 Soil
P B 1336 392.64 1.15 1337.18 162.90 1.40 1.68 -88.0 0.0 0.0 Grass 150 176 80 19 Crop
A 1337 388.64 1337.31
P B 1337 388.64 0.15 1337.31 163.50 0.60 3.92 -88.0 0.0 0.0 Ground 110 92 64 19 Soil
P B 1337 388.64 1.15 1337.31 162.90 1.40 1.68 -88.0 0.0 0.0 Grass 186 180 96 19 Crop
A 1338 384.64 1337.45
P B 1338 384.64 0.15 1337.45 163.50 0.60 3.92 -88.0 0.0 0.0 Ground 110 92 64 19 Soil
P B 1338 384.64 1.15 1337.45 162.90 1.40 1.68 -88.0 0.0 0.0 Grass 150 176 80 19 Crop
A 1339 380.64 1337.59
P B 1339 380.64 0.15 1337.59 163.50 0.60 3.92 -88.0 0.0 0.0 Ground 110 92 64 19 Soil
P B 1339 380.64 1.15 1337.59 162.90 1.40 1.68 -88.0 0.0 0.0 Grass 186 180 96 19 Crop
A 1340 376.62 1336.98
P B 1340 376.62 0.15 1336.98 162.00 0.60 3.92 -88.0 0.0 0.0 Ground 110 92 64 19 Soil
P B 1340 376.62 1.15 1336.98 161.40 1.40 1.68 -88.0 0.0 0.0 Grass 150 176 80 19 Crop
A 1341 372.62 1337.12
P B 1341 372.62 0.15 1337.12 162.00 0.60 3.92 -88.0 0.0 0.0 Ground 110 92 64 19 Soil
P B 1341 372.62 1.15 1337.12 161.40 1.40 1.68 -88.0 0.0 0.0 Grass 186 180 96 19 Crop
A 1342 368.65 1338.00
P B 1342 368.65 0.15 1338.00 160.50 0.60 3.92 -88.0 0.0 0.0 Ground 110 92 64 19 Soil
P B 1342 368.65 1.15 1338.00 159.90 1.40 1.68 -88.0 0.0 0.0 Grass 150 176 80 19 Crop
A 1343 364.65 1338.14
P B 1343 364.65 0.15 1338.14 160.50 0.60 3.92 -88.0 0.0 0.0 Ground 110 92 64 19 Soil
P B 1343 364.65 1.15 1338.14 159.90 1.40 1.68 -88.0 0.0 0.0 Grass 186 180 96 19 Crop
A 1344 360.63 1337.53
P B 1344 360.63 0.15 1337.53 159.00 0.60 3.92 -88.0 0.0 0.0 Ground 110 92 64 19 Soil
P B 1344 360.63 1.15 1337.53 158.40 1.40 1.68 -88.0 0.0 0.0 Grass 150 176 80 19 Crop
A 1345 356.63 1337.67
P B 1345 356.63 0.15 1337.67 159.00 0.60 3.92 -88.0 0.0 0.0 Ground 110 92 64 19 Soil
P B 1345 356.63 1.15 1337.67 158.40 1.40 1.68 -88.0 0.0 0.0 Grass 186 180 96 19 Crop
A 1346 352.63 1337.81
P B 1346 352.63 0.15 1337.81 159.00 0.60 3.92 -88.0 0.0 0.0 Ground 110 92 64 19 Soil
P B 1346 352.63 1.15 1337.81 158.40 1.40 1.68 -88.0 0.0 0.0 Grass 150 176 80 19 Crop
A 1347 348.64 1337.94
P B 1347 348.64 0.15 1337.94 159.00 0.60 3.92 -88.0 0.0 0.0 Ground 110 92 64 19 Soil
P B 1347 348.64 1.15 1337.94 158.40 1.40 1.68 -88.0 0.0 0.0 Grass 186 180 96 19 Crop
A 1348 344.61 1337.33
P B 1348 344.61 0.15 1337.33 157.50 0.60 3.92 -88.0 0.0 0.0 Ground 110 92 64 19 Soil
P B 1348 344.61 1.15 1337.33 156.90 1.40 1.68 -88.0 0.0 0.0 Grass 150 176 80 19 Crop
A 1349 340.61 1337.47
P B 1349 340.61 0.15 1337.47 157.50 0.60 3.92 -88.0 0.0 0.0 Ground 110 92 64 19 Soil
P B 1349 340.61 1.15 1337.47 156.90 1.40 1.68 -88.0 0.0 0.0 Grass 186 180 96 19 Crop
A 1350 336.62 1337.61
P B 1350 336.62 0.15 1337.61 157.50 0.60 3.92 -88.0 0.0 0.0 Ground 110 92 64 19 Soil
P B 1350 336.62 1.15 1337.61 156.90 1.40 1.68 -88.0 0.0 0.0 Grass 150 176 80 19 Crop
A 1351 332.62 1337.75
P B 1351 332.62 0.15 1337.75 157.50 0.60 3.92 -88.0 0.0 0.0 Ground 110 92 64 19 Soil
P B 1351 332.62 1.15 1337.75 156.90 1.40 1.68 -88.0 0.0 0.0 Grass 186 180 96 19 Crop
A 1352 328.60 1337.13
P B 1352 328.60 0.15 1337.13 156.00 0.60 3.92 -88.0 0.0 0.0 Ground 110 92 64 19 Soil
P B 1352 328.60 1.15 1337.13 155.40 1.40 1.68 -88.0 0.0 0.0 Grass 150 176 80 19 Crop
A 1353 324.60 1337.27
P B 1353 324.60 0.15 1337.27 156.00 0.60 3.92 -88.0 0.0 0.0 Ground 110 92 64 19 Soil
P B 1353 324.60 1.15 1337.27 155.40 1.40 1.68 -88.0 0.0 0.0 Grass 186 180 96 19 Crop
A 1354 320.60 1337.41
P B 1354 320.60 0.15 1337.41 156.00 0.60 3.92 -88.0 0.0 0.0 Ground 110 92 64 19 Soil
P B 1354 320.60 1.15 1337.41 155.40 1.40 1.68 -88.0 0.0 0.0 Grass 150 176 80 19 Crop
A 1355 316.60 1337.55
P B 1355 316.60 0.15 1337.55 156.00 0.60 3.92 -88.0 0.0 0.0 Ground 110 92 64 19 Soil
P B 1355 316.60 1.15 1337.55 155.40 1.40 1.68 -88.0 0.0 0.0 Grass 186 180 96 19 Crop
A 1356 312.58 1336.94
P B 1356 312.58 0.15 1336.94 154.50 0.60 3.92 -88.0 0.0 0.0 Ground 110 92 64 19 Soil
P B 1356 312.58 1.15 1336.94 153.90 1.40 1.68 -88.0 0.0 0.0 Grass 150 176 80 19 Crop
A 1357 308.61 1337.82
P B 1357 308.61 0.15 1337.82 153.00 0.60 3.92 -88.0 0.0 0.0 Ground 110 92 64 19 Soil
P B 1357 308.61 1.15 1337.82 152.40 1.40 1.68 -88.0 0.0 0.0 Grass 186 180 96 19 Crop
A 1358 305.15 1353.70
P B 1358 305.15 0.15 1353.70 121.50 0.60 3.92 -88.0 0.0 0.0 Ground 110 92 64 19 Soil
P B 1358 305.15 1.15 1353.70 120.90 1.40 1.68 -88.0 0.0 0.0 Grass 150 176 80 19 Crop
A 1359 301.72 1370.33
P B 1359 301.72 0.15 1370.33 88.50 0.60 3.92 -88.0 0.0 0.0 Ground 110 92 64 19 Soil
P B 1359 301.72 1.15 1370.33 87.90 1.40 1.68 -88.0 0.0 0.0 Grass 186 180 96 19 Crop
A 1360 298.24 1385.46
P B 1360 298.24 0.15 1385.46 55.50 0.60 3.92 -88.0 0.0 0.0 Ground 110 92 64 19 Soil
P B 1360 298.24 1.15 1385.46 54.90 1.40 1.68 -88.0 0.0 0.0 Grass 150 176 80 19 Crop
A 1361 294.81 1402.09
P B 1361 294.81 0.15 1402.09 22.50 0.60 3.92 -88.0 0.0 0.0 Ground 110 92 64 19 Soil
P B 1361 294.81 1.15 1402.09 21.90 1.40 1.68 -88.0 0.0 0.0 Grass 186 180 96 19 Crop
A 1362 471.17 1339.20
P B 1362 471.17 0.15 1339.20 177.00 0.60 4.90 91.3 0.0 0.0 Ground 104 84 60 18 Soil
P B 1362 471.17 1.25 1339.20 176.40 1.60 2.10 91.3 0.0 0.0 Grass 96 140 60 18 Crop
A 1363 476.16 1339.09
P B 1363 476.16 0.15 1339.09 174.00 0.60 4.90 91.3 0.0 0.0 Ground 104 84 60 18 Soil
P B 1363 476.16 1.25 1339.09 173.40 1.60 2.10 91.3 0.0 0.0 Grass 236 212 52 18 Crop
A 1364 481.16 1338.97
P B 1364 481.16 0.15 1338.97 174.00 0.60 4.90 91.3 0.0 0.0 Ground 104 84 60 18 Soil
P B 1364 481.16 1.25 1338.97 173.40 1.60 2.10 91.3 0.0 0.0 Grass 96 140 60 18 Crop
A 1365 486.18 1339.61
P B 1365 486.18 0.15 1339.61 172.50 0.60 4.90 91.3 0.0 0.0 Ground 104 84 60 18 Soil
P B 1365 486.18 1.25 1339.61 171.90 1.60 2.10 91.3 0.0 0.0 Grass 236 212 52 18 Crop
A 1366 491.16 1338.75
P B 1366 491.16 0.15 1338.75 171.00 0.60 4.90 91.3 0.0 0.0 Ground 104 84 60 18 Soil
P B 1366 491.16 1.25 1338.75 170.40 1.60 2.10 91.3 0.0 0.0 Grass 96 140 60 18 Crop
A 1367 496.18 1339.39
P B 1367 496.18 0.15 1339.39 169.50 0.60 4.90 91.3 0.0 0.0 Ground 104 84 60 18 Soil
P B 1367 496.18 1.25 1339.39 168.90 1.60 2.10 91.3 0.0 0.0 Grass 236 212 52 18 Crop
A 1368 501.18 1339.28
P B 1368 501.18 0.15 1339.28 169.50 0.60 4.90 91.3 0.0 0.0 Ground 104 84 60 18 Soil
P B 1368 501.18 1.25 1339.28 168.90 1.60 2.10 91.3 0.0 0.0 Grass 96 140 60 18 Crop
A 1369 506.16 1338.42
P B 1369 506.16 0.15 1338.42 168.00 0.60 4.90 91.3 0.0 0.0 Ground 104 84 60 18 Soil
P B 1369 506.16 1.25 1338.42 167.40 1.60 2.10 91.3 0.0 0.0 Grass 236 212 52 18 Crop
A 1370 511.17 1339.06
P B 1370 511.17 0.15 1339.06 166.50 0.60 4.90 91.3 0.0 0.0 Ground 104 84 60 18 Soil
P B 1370 511.17 1.25 1339.06 165.90 1.60 2.10 91.3 0.0 0.0 Grass 96 140 60 18 Crop
A 1371 516.17 1338.95
P B 1371 516.17 0.15 1338.95 166.50 0.60 4.90 91.3 0.0 0.0 Ground 104 84 60 18 Soil
P B 1371 516.17 1.25 1338.95 165.90 1.60 2.10 91.3 0.0 0.0 Grass 236 212 52 18 Crop
A 1372 521.17 1338.84
P B 1372 521.17 0.15 1338.84 163.50 0.60 4.90 91.3 0.0 0.0 Ground 104 84 60 18 Soil
P B 1372 521.17 1.25 1338.84 162.90 1.60 2.10 91.3 0.0 0.0 Grass 96 140 60 18 Crop
A 1373 526.17 1338.72
P B 1373 526.17 0.15 1338.72 163.50 0.60 4.90 91.3 0.0 0.0 Ground 104 84 60 18 Soil
P B 1373 526.17 1.25 1338.72 162.90 1.60 2.10 91.3 0.0 0.0 Grass 236 212 52 18 Crop
A 1374 531.18 1339.36
P B 1374 531.18 0.15 1339.36 162.00 0.60 4.90 91.3 0.0 0.0 Ground 104 84 60 18 Soil
P B 1374 531.18 1.25 1339.36 161.40 1.60 2.10 91.3 0.0 0.0 Grass 96 140 60 18 Crop
A 1375 536.17 1338.50
P B 1375 536.17 0.15 1338.50 160.50 0.60 4.90 91.3 0.0 0.0 Ground 104 84 60 18 Soil
P B 1375 536.17 1.25 1338.50 159.90 1.60 2.10 91.3 0.0 0.0 Grass 236 212 52 18 Crop
A 1376 541.18 1339.14
P B 1376 541.18 0.15 1339.14 159.00 0.60 4.90 91.3 0.0 0.0 Ground 104 84 60 18 Soil
P B 1376 541.18 1.25 1339.14 158.40 1.60 2.10 91.3 0.0 0.0 Grass 96 140 60 18 Crop
A 1377 546.18 1339.03
P B 1377 546.18 0.15 1339.03 159.00 0.60 4.90 91.3 0.0 0.0 Ground 104 84 60 18 Soil
P B 1377 546.18 1.25 1339.03 158.40 1.60 2.10 91.3 0.0 0.0 Grass 236 212 52 18 Crop
A 1378 551.18 1338.92
P B 1378 551.18 0.15 1338.92 156.00 0.60 4.90 91.3 0.0 0.0 Ground 104 84 60 18 Soil
P B 1378 551.18 1.25 1338.92 155.40 1.60 2.10 91.3 0.0 0.0 Grass 96 140 60 18 Crop
A 1379 556.18 1338.81
P B 1379 556.18 0.15 1338.81 156.00 0.60 4.90 91.3 0.0 0.0 Ground 104 84 60 18 Soil
P B 1379 556.18 1.25 1338.81 155.40 1.60 2.10 91.3 0.0 0.0 Grass 236 212 52 18 Crop
A 1380 561.19 1339.45
P B 1380 561.19 0.15 1339.45 154.50 0.60 4.90 91.3 0.0 0.0 Ground 104 84 60 18 Soil
P B 1380 561.19 1.25 1339.45 153.90 1.60 2.10 91.3 0.0 0.0 Grass 96 140 60 18 Crop
A 1381 566.18 1338.59
P B 1381 566.18 0.15 1338.59 153.00 0.60 4.90 91.3 0.0 0.0 Ground 104 84 60 18 Soil
P B 1381 566.18 1.25 1338.59 152.40 1.60 2.10 91.3 0.0 0.0 Grass 236 212 52 18 Crop
A 1382 571.19 1339.22
P B 1382 571.19 0.15 1339.22 151.50 0.60 4.90 91.3 0.0 0.0 Ground 104 84 60 18 Soil
P B 1382 571.19 1.25 1339.22 150.90 1.60 2.10 91.3 0.0 0.0 Grass 96 140 60 18 Crop
A 1383 576.17 1338.36
P B 1383 576.17 0.15 1338.36 150.00 0.60 4.90 91.3 0.0 0.0 Ground 104 84 60 18 Soil
P B 1383 576.17 1.25 1338.36 149.40 1.60 2.10 91.3 0.0 0.0 Grass 236 212 52 18 Crop
A 1384 581.17 1338.25
P B 1384 581.17 0.15 1338.25 150.00 0.60 4.90 91.3 0.0 0.0 Ground 104 84 60 18 Soil
P B 1384 581.17 1.25 1338.25 149.40 1.60 2.10 91.3 0.0 0.0 Grass 96 140 60 18 Crop
A 1385 586.19 1338.89
P B 1385 586.19 0.15 1338.89 148.50 0.60 4.90 91.3 0.0 0.0 Ground 104 84 60 18 Soil
P B 1385 586.19 1.25 1338.89 147.90 1.60 2.10 91.3 0.0 0.0 Grass 236 212 52 18 Crop
A 1386 591.17 1338.03
P B 1386 591.17 0.15 1338.03 147.00 0.60 4.90 91.3 0.0 0.0 Ground 104 84 60 18 Soil
P B 1386 591.17 1.25 1338.03 146.40 1.60 2.10 91.3 0.0 0.0 Grass 96 140 60 18 Crop
A 1387 595.92 1326.67
P B 1387 595.92 0.15 1326.67 121.50 0.60 4.90 91.3 0.0 0.0 Ground 104 84 60 18 Soil
P B 1387 595.92 1.25 1326.67 120.90 1.60 2.10 91.3 0.0 0.0 Grass 236 212 52 18 Crop
A 1388 600.18 1293.57
P B 1388 600.18 0.15 1293.57 55.50 0.60 4.90 91.3 0.0 0.0 Ground 104 84 60 18 Soil
P B 1388 600.18 1.25 1293.57 54.90 1.60 2.10 91.3 0.0 0.0 Grass 96 140 60 18 Crop
A 1389 742.67 1343.90
G 21 밭/Fallow
P B 1389 742.67 0.15 1343.90 196.50 0.60 8.82 -84.8 0.0 0.0 Ground 128 146 84 21 Soil
A 1390 733.64 1343.97
P B 1390 733.64 0.15 1343.97 192.00 0.60 8.82 -84.8 0.0 0.0 Ground 128 146 84 21 Soil
A 1391 724.67 1344.78
P B 1391 724.67 0.15 1344.78 189.00 0.60 8.82 -84.8 0.0 0.0 Ground 128 146 84 21 Soil
A 1392 715.57 1344.10
P B 1392 715.57 0.15 1344.10 186.00 0.60 8.82 -84.8 0.0 0.0 Ground 128 146 84 21 Soil
A 1393 706.61 1344.92
P B 1393 706.61 0.15 1344.92 183.00 0.60 8.82 -84.8 0.0 0.0 Ground 128 146 84 21 Soil
A 1394 697.58 1344.99
P B 1394 697.58 0.15 1344.99 181.50 0.60 8.82 -84.8 0.0 0.0 Ground 128 146 84 21 Soil
A 1395 688.55 1345.05
P B 1395 688.55 0.15 1345.05 177.00 0.60 8.82 -84.8 0.0 0.0 Ground 128 146 84 21 Soil
A 1396 679.59 1345.87
P B 1396 679.59 0.15 1345.87 174.00 0.60 8.82 -84.8 0.0 0.0 Ground 128 146 84 21 Soil
A 1397 670.55 1345.94
P B 1397 670.55 0.15 1345.94 172.50 0.60 8.82 -84.8 0.0 0.0 Ground 128 146 84 21 Soil
A 1398 661.52 1346.00
P B 1398 661.52 0.15 1346.00 168.00 0.60 8.82 -84.8 0.0 0.0 Ground 128 146 84 21 Soil
A 1399 652.56 1346.82
P B 1399 652.56 0.15 1346.82 165.00 0.60 8.82 -84.8 0.0 0.0 Ground 128 146 84 21 Soil
A 1400 643.46 1346.14
P B 1400 643.46 0.15 1346.14 162.00 0.60 8.82 -84.8 0.0 0.0 Ground 128 146 84 21 Soil
A 1401 634.50 1346.95
P B 1401 634.50 0.15 1346.95 159.00 0.60 8.82 -84.8 0.0 0.0 Ground 128 146 84 21 Soil
A 1402 625.54 1347.77
P B 1402 625.54 0.15 1347.77 156.00 0.60 8.82 -84.8 0.0 0.0 Ground 128 146 84 21 Soil
A 1403 618.41 1368.75
P B 1403 618.41 0.15 1368.75 109.50 0.60 8.82 -84.8 0.0 0.0 Ground 128 146 84 21 Soil
A 1404 611.96 1397.20
P B 1404 611.96 0.15 1397.20 51.00 0.60 8.82 -84.8 0.0 0.0 Ground 128 146 84 21 Soil
A 1405 -120.00 1560.00
G 22 목장/울
P B 1405 -120.00 2.00 1560.00 0.70 4.60 0.70 0.0 0.0 0.0 Wood 116 86 56 22 Post
A 1406 -115.93 1559.93
P B 1406 -115.93 2.00 1559.93 8.15 0.40 0.35 1.0 0.0 0.0 Wood 127 94 61 22 Rail
P B 1406 -115.93 3.60 1559.93 8.15 0.40 0.35 1.0 0.0 0.0 Wood 127 94 61 22 Rail
A 1407 -111.85 1559.85
P B 1407 -111.85 2.00 1559.85 0.70 4.60 0.70 0.0 0.0 0.0 Wood 116 86 56 22 Post
A 1408 -107.78 1559.78
P B 1408 -107.78 2.00 1559.78 8.15 0.40 0.35 1.0 0.0 0.0 Wood 127 94 61 22 Rail
P B 1408 -107.78 3.60 1559.78 8.15 0.40 0.35 1.0 0.0 0.0 Wood 127 94 61 22 Rail
A 1409 -103.70 1559.70
P B 1409 -103.70 2.00 1559.70 0.70 4.60 0.70 0.0 0.0 0.0 Wood 116 86 56 22 Post
A 1410 -99.63 1559.63
P B 1410 -99.63 2.00 1559.63 8.15 0.40 0.35 1.0 0.0 0.0 Wood 127 94 61 22 Rail
P B 1410 -99.63 3.60 1559.63 8.15 0.40 0.35 1.0 0.0 0.0 Wood 127 94 61 22 Rail
A 1411 -95.56 1559.56
P B 1411 -95.56 2.00 1559.56 0.70 4.60 0.70 0.0 0.0 0.0 Wood 116 86 56 22 Post
A 1412 -91.48 1559.48
P B 1412 -91.48 2.00 1559.48 8.15 0.40 0.35 1.0 0.0 0.0 Wood 127 94 61 22 Rail
P B 1412 -91.48 3.60 1559.48 8.15 0.40 0.35 1.0 0.0 0.0 Wood 127 94 61 22 Rail
A 1413 -87.41 1559.41
P B 1413 -87.41 2.00 1559.41 0.70 4.60 0.70 0.0 0.0 0.0 Wood 116 86 56 22 Post
A 1414 -83.33 1559.33
P B 1414 -83.33 2.00 1559.33 8.15 0.40 0.35 1.0 0.0 0.0 Wood 127 94 61 22 Rail
P B 1414 -83.33 3.60 1559.33 8.15 0.40 0.35 1.0 0.0 0.0 Wood 127 94 61 22 Rail
A 1415 -79.26 1559.26
P B 1415 -79.26 2.00 1559.26 0.70 4.60 0.70 0.0 0.0 0.0 Wood 116 86 56 22 Post
A 1416 -75.19 1559.19
P B 1416 -75.19 2.00 1559.19 8.15 0.40 0.35 1.0 0.0 0.0 Wood 127 94 61 22 Rail
P B 1416 -75.19 3.60 1559.19 8.15 0.40 0.35 1.0 0.0 0.0 Wood 127 94 61 22 Rail
A 1417 -71.11 1559.11
P B 1417 -71.11 2.00 1559.11 0.70 4.60 0.70 0.0 0.0 0.0 Wood 116 86 56 22 Post
A 1418 -67.04 1559.04
P B 1418 -67.04 2.00 1559.04 8.15 0.40 0.35 1.0 0.0 0.0 Wood 127 94 61 22 Rail
P B 1418 -67.04 3.60 1559.04 8.15 0.40 0.35 1.0 0.0 0.0 Wood 127 94 61 22 Rail
A 1419 -62.96 1558.96
P B 1419 -62.96 2.00 1558.96 0.70 4.60 0.70 0.0 0.0 0.0 Wood 116 86 56 22 Post
A 1420 -58.89 1558.89
P B 1420 -58.89 2.00 1558.89 8.15 0.40 0.35 1.0 0.0 0.0 Wood 127 94 61 22 Rail
P B 1420 -58.89 3.60 1558.89 8.15 0.40 0.35 1.0 0.0 0.0 Wood 127 94 61 22 Rail
A 1421 -54.81 1558.81
P B 1421 -54.81 2.00 1558.81 0.70 4.60 0.70 0.0 0.0 0.0 Wood 116 86 56 22 Post
A 1422 -50.74 1558.74
P B 1422 -50.74 2.00 1558.74 8.15 0.40 0.35 1.0 0.0 0.0 Wood 127 94 61 22 Rail
P B 1422 -50.74 3.60 1558.74 8.15 0.40 0.35 1.0 0.0 0.0 Wood 127 94 61 22 Rail
A 1423 -46.67 1558.67
P B 1423 -46.67 2.00 1558.67 0.70 4.60 0.70 0.0 0.0 0.0 Wood 116 86 56 22 Post
A 1424 -42.59 1558.59
P B 1424 -42.59 2.00 1558.59 8.15 0.40 0.35 1.0 0.0 0.0 Wood 127 94 61 22 Rail
P B 1424 -42.59 3.60 1558.59 8.15 0.40 0.35 1.0 0.0 0.0 Wood 127 94 61 22 Rail
A 1425 -38.52 1558.52
P B 1425 -38.52 2.00 1558.52 0.70 4.60 0.70 0.0 0.0 0.0 Wood 116 86 56 22 Post
A 1426 -34.44 1558.44
P B 1426 -34.44 2.00 1558.44 8.15 0.40 0.35 1.0 0.0 0.0 Wood 127 94 61 22 Rail
P B 1426 -34.44 3.60 1558.44 8.15 0.40 0.35 1.0 0.0 0.0 Wood 127 94 61 22 Rail
A 1427 -30.37 1558.37
P B 1427 -30.37 2.00 1558.37 0.70 4.60 0.70 0.0 0.0 0.0 Wood 116 86 56 22 Post
A 1428 -26.30 1558.30
P B 1428 -26.30 2.00 1558.30 8.15 0.40 0.35 1.0 0.0 0.0 Wood 127 94 61 22 Rail
P B 1428 -26.30 3.60 1558.30 8.15 0.40 0.35 1.0 0.0 0.0 Wood 127 94 61 22 Rail
A 1429 -22.22 1558.22
P B 1429 -22.22 2.00 1558.22 0.70 4.60 0.70 0.0 0.0 0.0 Wood 116 86 56 22 Post
A 1430 -18.15 1558.15
P B 1430 -18.15 2.00 1558.15 8.15 0.40 0.35 1.0 0.0 0.0 Wood 127 94 61 22 Rail
P B 1430 -18.15 3.60 1558.15 8.15 0.40 0.35 1.0 0.0 0.0 Wood 127 94 61 22 Rail
A 1431 -14.07 1558.07
P B 1431 -14.07 2.00 1558.07 0.70 4.60 0.70 0.0 0.0 0.0 Wood 116 86 56 22 Post
A 1432 -10.00 1558.00
P B 1432 -10.00 2.00 1558.00 8.15 0.40 0.35 1.0 0.0 0.0 Wood 127 94 61 22 Rail
P B 1432 -10.00 3.60 1558.00 8.15 0.40 0.35 1.0 0.0 0.0 Wood 127 94 61 22 Rail
A 1433 -5.93 1557.93
P B 1433 -5.93 2.00 1557.93 0.70 4.60 0.70 0.0 0.0 0.0 Wood 116 86 56 22 Post
A 1434 -1.85 1557.85
P B 1434 -1.85 2.00 1557.85 8.15 0.40 0.35 1.0 0.0 0.0 Wood 127 94 61 22 Rail
P B 1434 -1.85 3.60 1557.85 8.15 0.40 0.35 1.0 0.0 0.0 Wood 127 94 61 22 Rail
A 1435 2.22 1557.78
P B 1435 2.22 2.00 1557.78 0.70 4.60 0.70 0.0 0.0 0.0 Wood 116 86 56 22 Post
A 1436 6.30 1557.70
P B 1436 6.30 2.00 1557.70 8.15 0.40 0.35 1.0 0.0 0.0 Wood 127 94 61 22 Rail
P B 1436 6.30 3.60 1557.70 8.15 0.40 0.35 1.0 0.0 0.0 Wood 127 94 61 22 Rail
A 1437 10.37 1557.63
P B 1437 10.37 2.00 1557.63 0.70 4.60 0.70 0.0 0.0 0.0 Wood 116 86 56 22 Post
A 1438 14.44 1557.56
P B 1438 14.44 2.00 1557.56 8.15 0.40 0.35 1.0 0.0 0.0 Wood 127 94 61 22 Rail
P B 1438 14.44 3.60 1557.56 8.15 0.40 0.35 1.0 0.0 0.0 Wood 127 94 61 22 Rail
A 1439 18.52 1557.48
P B 1439 18.52 2.00 1557.48 0.70 4.60 0.70 0.0 0.0 0.0 Wood 116 86 56 22 Post
A 1440 22.59 1557.41
P B 1440 22.59 2.00 1557.41 8.15 0.40 0.35 1.0 0.0 0.0 Wood 127 94 61 22 Rail
P B 1440 22.59 3.60 1557.41 8.15 0.40 0.35 1.0 0.0 0.0 Wood 127 94 61 22 Rail
A 1441 26.67 1557.33
P B 1441 26.67 2.00 1557.33 0.70 4.60 0.70 0.0 0.0 0.0 Wood 116 86 56 22 Post
A 1442 30.74 1557.26
P B 1442 30.74 2.00 1557.26 8.15 0.40 0.35 1.0 0.0 0.0 Wood 127 94 61 22 Rail
P B 1442 30.74 3.60 1557.26 8.15 0.40 0.35 1.0 0.0 0.0 Wood 127 94 61 22 Rail
A 1443 34.81 1557.19
P B 1443 34.81 2.00 1557.19 0.70 4.60 0.70 0.0 0.0 0.0 Wood 116 86 56 22 Post
A 1444 38.89 1557.11
P B 1444 38.89 2.00 1557.11 8.15 0.40 0.35 1.0 0.0 0.0 Wood 127 94 61 22 Rail
P B 1444 38.89 3.60 1557.11 8.15 0.40 0.35 1.0 0.0 0.0 Wood 127 94 61 22 Rail
A 1445 42.96 1557.04
P B 1445 42.96 2.00 1557.04 0.70 4.60 0.70 0.0 0.0 0.0 Wood 116 86 56 22 Post
A 1446 47.04 1556.96
P B 1446 47.04 2.00 1556.96 8.15 0.40 0.35 1.0 0.0 0.0 Wood 127 94 61 22 Rail
P B 1446 47.04 3.60 1556.96 8.15 0.40 0.35 1.0 0.0 0.0 Wood 127 94 61 22 Rail
A 1447 51.11 1556.89
P B 1447 51.11 2.00 1556.89 0.70 4.60 0.70 0.0 0.0 0.0 Wood 116 86 56 22 Post
A 1448 55.19 1556.81
P B 1448 55.19 2.00 1556.81 8.15 0.40 0.35 1.0 0.0 0.0 Wood 127 94 61 22 Rail
P B 1448 55.19 3.60 1556.81 8.15 0.40 0.35 1.0 0.0 0.0 Wood 127 94 61 22 Rail
A 1449 59.26 1556.74
P B 1449 59.26 2.00 1556.74 0.70 4.60 0.70 0.0 0.0 0.0 Wood 116 86 56 22 Post
A 1450 63.33 1556.67
P B 1450 63.33 2.00 1556.67 8.15 0.40 0.35 1.0 0.0 0.0 Wood 127 94 61 22 Rail
P B 1450 63.33 3.60 1556.67 8.15 0.40 0.35 1.0 0.0 0.0 Wood 127 94 61 22 Rail
A 1451 67.41 1556.59
P B 1451 67.41 2.00 1556.59 0.70 4.60 0.70 0.0 0.0 0.0 Wood 116 86 56 22 Post
A 1452 71.48 1556.52
P B 1452 71.48 2.00 1556.52 8.15 0.40 0.35 1.0 0.0 0.0 Wood 127 94 61 22 Rail
P B 1452 71.48 3.60 1556.52 8.15 0.40 0.35 1.0 0.0 0.0 Wood 127 94 61 22 Rail
A 1453 75.56 1556.44
P B 1453 75.56 2.00 1556.44 0.70 4.60 0.70 0.0 0.0 0.0 Wood 116 86 56 22 Post
A 1454 79.63 1556.37
P B 1454 79.63 2.00 1556.37 8.15 0.40 0.35 1.0 0.0 0.0 Wood 127 94 61 22 Rail
P B 1454 79.63 3.60 1556.37 8.15 0.40 0.35 1.0 0.0 0.0 Wood 127 94 61 22 Rail
A 1455 83.70 1556.30
P B 1455 83.70 2.00 1556.30 0.70 4.60 0.70 0.0 0.0 0.0 Wood 116 86 56 22 Post
A 1456 87.78 1556.22
P B 1456 87.78 2.00 1556.22 8.15 0.40 0.35 1.0 0.0 0.0 Wood 127 94 61 22 Rail
P B 1456 87.78 3.60 1556.22 8.15 0.40 0.35 1.0 0.0 0.0 Wood 127 94 61 22 Rail
A 1457 91.85 1556.15
P B 1457 91.85 2.00 1556.15 0.70 4.60 0.70 0.0 0.0 0.0 Wood 116 86 56 22 Post
A 1458 95.93 1556.07
P B 1458 95.93 2.00 1556.07 8.15 0.40 0.35 1.0 0.0 0.0 Wood 127 94 61 22 Rail
P B 1458 95.93 3.60 1556.07 8.15 0.40 0.35 1.0 0.0 0.0 Wood 127 94 61 22 Rail
A 1459 100.00 1556.00
P B 1459 100.00 2.00 1556.00 0.70 4.60 0.70 0.0 0.0 0.0 Wood 116 86 56 22 Post
A 1460 104.00 1556.05
P B 1460 104.00 2.00 1556.05 8.00 0.40 0.35 -0.7 0.0 0.0 Wood 127 94 61 22 Rail
P B 1460 104.00 3.60 1556.05 8.00 0.40 0.35 -0.7 0.0 0.0 Wood 127 94 61 22 Rail
A 1461 108.00 1556.10
P B 1461 108.00 2.00 1556.10 0.70 4.60 0.70 0.0 0.0 0.0 Wood 116 86 56 22 Post
A 1462 112.00 1556.15
P B 1462 112.00 2.00 1556.15 8.00 0.40 0.35 -0.7 0.0 0.0 Wood 127 94 61 22 Rail
P B 1462 112.00 3.60 1556.15 8.00 0.40 0.35 -0.7 0.0 0.0 Wood 127 94 61 22 Rail
A 1463 116.00 1556.20
P B 1463 116.00 2.00 1556.20 0.70 4.60 0.70 0.0 0.0 0.0 Wood 116 86 56 22 Post
A 1464 120.00 1556.25
P B 1464 120.00 2.00 1556.25 8.00 0.40 0.35 -0.7 0.0 0.0 Wood 127 94 61 22 Rail
P B 1464 120.00 3.60 1556.25 8.00 0.40 0.35 -0.7 0.0 0.0 Wood 127 94 61 22 Rail
A 1465 124.00 1556.30
P B 1465 124.00 2.00 1556.30 0.70 4.60 0.70 0.0 0.0 0.0 Wood 116 86 56 22 Post
A 1466 128.00 1556.35
P B 1466 128.00 2.00 1556.35 8.00 0.40 0.35 -0.7 0.0 0.0 Wood 127 94 61 22 Rail
P B 1466 128.00 3.60 1556.35 8.00 0.40 0.35 -0.7 0.0 0.0 Wood 127 94 61 22 Rail
A 1467 132.00 1556.40
P B 1467 132.00 2.00 1556.40 0.70 4.60 0.70 0.0 0.0 0.0 Wood 116 86 56 22 Post
A 1468 136.00 1556.45
P B 1468 136.00 2.00 1556.45 8.00 0.40 0.35 -0.7 0.0 0.0 Wood 127 94 61 22 Rail
P B 1468 136.00 3.60 1556.45 8.00 0.40 0.35 -0.7 0.0 0.0 Wood 127 94 61 22 Rail
A 1469 140.00 1556.50
P B 1469 140.00 2.00 1556.50 0.70 4.60 0.70 0.0 0.0 0.0 Wood 116 86 56 22 Post
A 1470 144.00 1556.55
P B 1470 144.00 2.00 1556.55 8.00 0.40 0.35 -0.7 0.0 0.0 Wood 127 94 61 22 Rail
P B 1470 144.00 3.60 1556.55 8.00 0.40 0.35 -0.7 0.0 0.0 Wood 127 94 61 22 Rail
A 1471 148.00 1556.60
P B 1471 148.00 2.00 1556.60 0.70 4.60 0.70 0.0 0.0 0.0 Wood 116 86 56 22 Post
A 1472 152.00 1556.65
P B 1472 152.00 2.00 1556.65 8.00 0.40 0.35 -0.7 0.0 0.0 Wood 127 94 61 22 Rail
P B 1472 152.00 3.60 1556.65 8.00 0.40 0.35 -0.7 0.0 0.0 Wood 127 94 61 22 Rail
A 1473 164.00 1556.80
P B 1473 164.00 2.00 1556.80 0.70 4.60 0.70 0.0 0.0 0.0 Wood 116 86 56 22 Post
A 1474 168.00 1556.85
P B 1474 168.00 2.00 1556.85 8.00 0.40 0.35 -0.7 0.0 0.0 Wood 127 94 61 22 Rail
P B 1474 168.00 3.60 1556.85 8.00 0.40 0.35 -0.7 0.0 0.0 Wood 127 94 61 22 Rail
A 1475 172.00 1556.90
P B 1475 172.00 2.00 1556.90 0.70 4.60 0.70 0.0 0.0 0.0 Wood 116 86 56 22 Post
A 1476 176.00 1556.95
P B 1476 176.00 2.00 1556.95 8.00 0.40 0.35 -0.7 0.0 0.0 Wood 127 94 61 22 Rail
P B 1476 176.00 3.60 1556.95 8.00 0.40 0.35 -0.7 0.0 0.0 Wood 127 94 61 22 Rail
A 1477 180.00 1557.00
P B 1477 180.00 2.00 1557.00 0.70 4.60 0.70 0.0 0.0 0.0 Wood 116 86 56 22 Post
A 1478 184.00 1557.05
P B 1478 184.00 2.00 1557.05 8.00 0.40 0.35 -0.7 0.0 0.0 Wood 127 94 61 22 Rail
P B 1478 184.00 3.60 1557.05 8.00 0.40 0.35 -0.7 0.0 0.0 Wood 127 94 61 22 Rail
A 1479 188.00 1557.10
P B 1479 188.00 2.00 1557.10 0.70 4.60 0.70 0.0 0.0 0.0 Wood 116 86 56 22 Post
A 1480 192.00 1557.15
P B 1480 192.00 2.00 1557.15 8.00 0.40 0.35 -0.7 0.0 0.0 Wood 127 94 61 22 Rail
P B 1480 192.00 3.60 1557.15 8.00 0.40 0.35 -0.7 0.0 0.0 Wood 127 94 61 22 Rail
A 1481 196.00 1557.20
P B 1481 196.00 2.00 1557.20 0.70 4.60 0.70 0.0 0.0 0.0 Wood 116 86 56 22 Post
A 1482 200.00 1557.25
P B 1482 200.00 2.00 1557.25 8.00 0.40 0.35 -0.7 0.0 0.0 Wood 127 94 61 22 Rail
P B 1482 200.00 3.60 1557.25 8.00 0.40 0.35 -0.7 0.0 0.0 Wood 127 94 61 22 Rail
A 1483 204.00 1557.30
P B 1483 204.00 2.00 1557.30 0.70 4.60 0.70 0.0 0.0 0.0 Wood 116 86 56 22 Post
A 1484 208.00 1557.35
P B 1484 208.00 2.00 1557.35 8.00 0.40 0.35 -0.7 0.0 0.0 Wood 127 94 61 22 Rail
P B 1484 208.00 3.60 1557.35 8.00 0.40 0.35 -0.7 0.0 0.0 Wood 127 94 61 22 Rail
A 1485 212.00 1557.40
P B 1485 212.00 2.00 1557.40 0.70 4.60 0.70 0.0 0.0 0.0 Wood 116 86 56 22 Post
A 1486 216.00 1557.45
P B 1486 216.00 2.00 1557.45 8.00 0.40 0.35 -0.7 0.0 0.0 Wood 127 94 61 22 Rail
P B 1486 216.00 3.60 1557.45 8.00 0.40 0.35 -0.7 0.0 0.0 Wood 127 94 61 22 Rail
A 1487 220.00 1557.50
P B 1487 220.00 2.00 1557.50 0.70 4.60 0.70 0.0 0.0 0.0 Wood 116 86 56 22 Post
A 1488 224.00 1557.55
P B 1488 224.00 2.00 1557.55 8.00 0.40 0.35 -0.7 0.0 0.0 Wood 127 94 61 22 Rail
P B 1488 224.00 3.60 1557.55 8.00 0.40 0.35 -0.7 0.0 0.0 Wood 127 94 61 22 Rail
A 1489 228.00 1557.60
P B 1489 228.00 2.00 1557.60 0.70 4.60 0.70 0.0 0.0 0.0 Wood 116 86 56 22 Post
A 1490 232.00 1557.65
P B 1490 232.00 2.00 1557.65 8.00 0.40 0.35 -0.7 0.0 0.0 Wood 127 94 61 22 Rail
P B 1490 232.00 3.60 1557.65 8.00 0.40 0.35 -0.7 0.0 0.0 Wood 127 94 61 22 Rail
A 1491 236.00 1557.70
P B 1491 236.00 2.00 1557.70 0.70 4.60 0.70 0.0 0.0 0.0 Wood 116 86 56 22 Post
A 1492 240.00 1557.75
P B 1492 240.00 2.00 1557.75 8.00 0.40 0.35 -0.7 0.0 0.0 Wood 127 94 61 22 Rail
P B 1492 240.00 3.60 1557.75 8.00 0.40 0.35 -0.7 0.0 0.0 Wood 127 94 61 22 Rail
A 1493 244.00 1557.80
P B 1493 244.00 2.00 1557.80 0.70 4.60 0.70 0.0 0.0 0.0 Wood 116 86 56 22 Post
A 1494 248.00 1557.85
P B 1494 248.00 2.00 1557.85 8.00 0.40 0.35 -0.7 0.0 0.0 Wood 127 94 61 22 Rail
P B 1494 248.00 3.60 1557.85 8.00 0.40 0.35 -0.7 0.0 0.0 Wood 127 94 61 22 Rail
A 1495 252.00 1557.90
P B 1495 252.00 2.00 1557.90 0.70 4.60 0.70 0.0 0.0 0.0 Wood 116 86 56 22 Post
A 1496 256.00 1557.95
P B 1496 256.00 2.00 1557.95 8.00 0.40 0.35 -0.7 0.0 0.0 Wood 127 94 61 22 Rail
P B 1496 256.00 3.60 1557.95 8.00 0.40 0.35 -0.7 0.0 0.0 Wood 127 94 61 22 Rail
A 1497 260.00 1558.00
P B 1497 260.00 2.00 1558.00 0.70 4.60 0.70 0.0 0.0 0.0 Wood 116 86 56 22 Post
A 1498 264.00 1558.05
P B 1498 264.00 2.00 1558.05 8.00 0.40 0.35 -0.7 0.0 0.0 Wood 127 94 61 22 Rail
P B 1498 264.00 3.60 1558.05 8.00 0.40 0.35 -0.7 0.0 0.0 Wood 127 94 61 22 Rail
A 1499 268.00 1558.10
P B 1499 268.00 2.00 1558.10 0.70 4.60 0.70 0.0 0.0 0.0 Wood 116 86 56 22 Post
A 1500 272.00 1558.15
P B 1500 272.00 2.00 1558.15 8.00 0.40 0.35 -0.7 0.0 0.0 Wood 127 94 61 22 Rail
P B 1500 272.00 3.60 1558.15 8.00 0.40 0.35 -0.7 0.0 0.0 Wood 127 94 61 22 Rail
A 1501 276.00 1558.20
P B 1501 276.00 2.00 1558.20 0.70 4.60 0.70 0.0 0.0 0.0 Wood 116 86 56 22 Post
A 1502 280.00 1558.25
P B 1502 280.00 2.00 1558.25 8.00 0.40 0.35 -0.7 0.0 0.0 Wood 127 94 61 22 Rail
P B 1502 280.00 3.60 1558.25 8.00 0.40 0.35 -0.7 0.0 0.0 Wood 127 94 61 22 Rail
A 1503 284.00 1558.30
P B 1503 284.00 2.00 1558.30 0.70 4.60 0.70 0.0 0.0 0.0 Wood 116 86 56 22 Post
A 1504 288.00 1558.35
P B 1504 288.00 2.00 1558.35 8.00 0.40 0.35 -0.7 0.0 0.0 Wood 127 94 61 22 Rail
P B 1504 288.00 3.60 1558.35 8.00 0.40 0.35 -0.7 0.0 0.0 Wood 127 94 61 22 Rail
A 1505 292.00 1558.40
P B 1505 292.00 2.00 1558.40 0.70 4.60 0.70 0.0 0.0 0.0 Wood 116 86 56 22 Post
A 1506 296.00 1558.45
P B 1506 296.00 2.00 1558.45 8.00 0.40 0.35 -0.7 0.0 0.0 Wood 127 94 61 22 Rail
P B 1506 296.00 3.60 1558.45 8.00 0.40 0.35 -0.7 0.0 0.0 Wood 127 94 61 22 Rail
A 1507 300.00 1558.50
P B 1507 300.00 2.00 1558.50 0.70 4.60 0.70 0.0 0.0 0.0 Wood 116 86 56 22 Post
A 1508 304.00 1558.55
P B 1508 304.00 2.00 1558.55 8.00 0.40 0.35 -0.7 0.0 0.0 Wood 127 94 61 22 Rail
P B 1508 304.00 3.60 1558.55 8.00 0.40 0.35 -0.7 0.0 0.0 Wood 127 94 61 22 Rail
A 1509 308.00 1558.60
P B 1509 308.00 2.00 1558.60 0.70 4.60 0.70 0.0 0.0 0.0 Wood 116 86 56 22 Post
A 1510 312.00 1558.65
P B 1510 312.00 2.00 1558.65 8.00 0.40 0.35 -0.7 0.0 0.0 Wood 127 94 61 22 Rail
P B 1510 312.00 3.60 1558.65 8.00 0.40 0.35 -0.7 0.0 0.0 Wood 127 94 61 22 Rail
A 1511 316.00 1558.70
P B 1511 316.00 2.00 1558.70 0.70 4.60 0.70 0.0 0.0 0.0 Wood 116 86 56 22 Post
A 1512 320.00 1558.75
P B 1512 320.00 2.00 1558.75 8.00 0.40 0.35 -0.7 0.0 0.0 Wood 127 94 61 22 Rail
P B 1512 320.00 3.60 1558.75 8.00 0.40 0.35 -0.7 0.0 0.0 Wood 127 94 61 22 Rail
A 1513 324.00 1558.80
P B 1513 324.00 2.00 1558.80 0.70 4.60 0.70 0.0 0.0 0.0 Wood 116 86 56 22 Post
A 1514 328.00 1558.85
P B 1514 328.00 2.00 1558.85 8.00 0.40 0.35 -0.7 0.0 0.0 Wood 127 94 61 22 Rail
P B 1514 328.00 3.60 1558.85 8.00 0.40 0.35 -0.7 0.0 0.0 Wood 127 94 61 22 Rail
A 1515 332.00 1558.90
P B 1515 332.00 2.00 1558.90 0.70 4.60 0.70 0.0 0.0 0.0 Wood 116 86 56 22 Post
A 1516 336.00 1558.95
P B 1516 336.00 2.00 1558.95 8.00 0.40 0.35 -0.7 0.0 0.0 Wood 127 94 61 22 Rail
P B 1516 336.00 3.60 1558.95 8.00 0.40 0.35 -0.7 0.0 0.0 Wood 127 94 61 22 Rail
A 1517 340.00 1559.00
P B 1517 340.00 2.00 1559.00 0.70 4.60 0.70 0.0 0.0 0.0 Wood 116 86 56 22 Post
A 1518 344.00 1559.05
P B 1518 344.00 2.00 1559.05 8.00 0.40 0.35 -0.7 0.0 0.0 Wood 127 94 61 22 Rail
P B 1518 344.00 3.60 1559.05 8.00 0.40 0.35 -0.7 0.0 0.0 Wood 127 94 61 22 Rail
A 1519 348.00 1559.10
P B 1519 348.00 2.00 1559.10 0.70 4.60 0.70 0.0 0.0 0.0 Wood 116 86 56 22 Post
A 1520 352.00 1559.15
P B 1520 352.00 2.00 1559.15 8.00 0.40 0.35 -0.7 0.0 0.0 Wood 127 94 61 22 Rail
P B 1520 352.00 3.60 1559.15 8.00 0.40 0.35 -0.7 0.0 0.0 Wood 127 94 61 22 Rail
A 1521 356.00 1559.20
P B 1521 356.00 2.00 1559.20 0.70 4.60 0.70 0.0 0.0 0.0 Wood 116 86 56 22 Post
A 1522 360.00 1559.25
P B 1522 360.00 2.00 1559.25 8.00 0.40 0.35 -0.7 0.0 0.0 Wood 127 94 61 22 Rail
P B 1522 360.00 3.60 1559.25 8.00 0.40 0.35 -0.7 0.0 0.0 Wood 127 94 61 22 Rail
A 1523 364.00 1559.30
P B 1523 364.00 2.00 1559.30 0.70 4.60 0.70 0.0 0.0 0.0 Wood 116 86 56 22 Post
A 1524 368.00 1559.35
P B 1524 368.00 2.00 1559.35 8.00 0.40 0.35 -0.7 0.0 0.0 Wood 127 94 61 22 Rail
P B 1524 368.00 3.60 1559.35 8.00 0.40 0.35 -0.7 0.0 0.0 Wood 127 94 61 22 Rail
A 1525 372.00 1559.40
P B 1525 372.00 2.00 1559.40 0.70 4.60 0.70 0.0 0.0 0.0 Wood 116 86 56 22 Post
A 1526 376.00 1559.45
P B 1526 376.00 2.00 1559.45 8.00 0.40 0.35 -0.7 0.0 0.0 Wood 127 94 61 22 Rail
P B 1526 376.00 3.60 1559.45 8.00 0.40 0.35 -0.7 0.0 0.0 Wood 127 94 61 22 Rail
A 1527 380.00 1559.50
P B 1527 380.00 2.00 1559.50 0.70 4.60 0.70 0.0 0.0 0.0 Wood 116 86 56 22 Post
A 1528 384.00 1559.55
P B 1528 384.00 2.00 1559.55 8.00 0.40 0.35 -0.7 0.0 0.0 Wood 127 94 61 22 Rail
P B 1528 384.00 3.60 1559.55 8.00 0.40 0.35 -0.7 0.0 0.0 Wood 127 94 61 22 Rail
A 1529 388.00 1559.60
P B 1529 388.00 2.00 1559.60 0.70 4.60 0.70 0.0 0.0 0.0 Wood 116 86 56 22 Post
A 1530 392.00 1559.65
P B 1530 392.00 2.00 1559.65 8.00 0.40 0.35 -0.7 0.0 0.0 Wood 127 94 61 22 Rail
P B 1530 392.00 3.60 1559.65 8.00 0.40 0.35 -0.7 0.0 0.0 Wood 127 94 61 22 Rail
A 1531 396.00 1559.70
P B 1531 396.00 2.00 1559.70 0.70 4.60 0.70 0.0 0.0 0.0 Wood 116 86 56 22 Post
A 1532 400.00 1559.75
P B 1532 400.00 2.00 1559.75 8.00 0.40 0.35 -0.7 0.0 0.0 Wood 127 94 61 22 Rail
P B 1532 400.00 3.60 1559.75 8.00 0.40 0.35 -0.7 0.0 0.0 Wood 127 94 61 22 Rail
A 1533 404.00 1559.80
P B 1533 404.00 2.00 1559.80 0.70 4.60 0.70 0.0 0.0 0.0 Wood 116 86 56 22 Post
A 1534 408.00 1559.85
P B 1534 408.00 2.00 1559.85 8.00 0.40 0.35 -0.7 0.0 0.0 Wood 127 94 61 22 Rail
P B 1534 408.00 3.60 1559.85 8.00 0.40 0.35 -0.7 0.0 0.0 Wood 127 94 61 22 Rail
A 1535 412.00 1559.90
P B 1535 412.00 2.00 1559.90 0.70 4.60 0.70 0.0 0.0 0.0 Wood 116 86 56 22 Post
A 1536 416.00 1559.95
P B 1536 416.00 2.00 1559.95 8.00 0.40 0.35 -0.7 0.0 0.0 Wood 127 94 61 22 Rail
P B 1536 416.00 3.60 1559.95 8.00 0.40 0.35 -0.7 0.0 0.0 Wood 127 94 61 22 Rail
A 1537 420.00 1560.00
P B 1537 420.00 2.00 1560.00 0.70 4.60 0.70 0.0 0.0 0.0 Wood 116 86 56 22 Post
A 1538 420.29 1564.12
P B 1538 420.29 2.00 1564.12 8.26 0.40 0.35 -85.9 0.0 0.0 Wood 127 94 61 22 Rail
P B 1538 420.29 3.60 1564.12 8.26 0.40 0.35 -85.9 0.0 0.0 Wood 127 94 61 22 Rail
A 1539 420.59 1568.24
P B 1539 420.59 2.00 1568.24 0.70 4.60 0.70 0.0 0.0 0.0 Wood 116 86 56 22 Post
A 1540 420.88 1572.35
P B 1540 420.88 2.00 1572.35 8.26 0.40 0.35 -85.9 0.0 0.0 Wood 127 94 61 22 Rail
P B 1540 420.88 3.60 1572.35 8.26 0.40 0.35 -85.9 0.0 0.0 Wood 127 94 61 22 Rail
A 1541 421.18 1576.47
P B 1541 421.18 2.00 1576.47 0.70 4.60 0.70 0.0 0.0 0.0 Wood 116 86 56 22 Post
A 1542 421.47 1580.59
P B 1542 421.47 2.00 1580.59 8.26 0.40 0.35 -85.9 0.0 0.0 Wood 127 94 61 22 Rail
P B 1542 421.47 3.60 1580.59 8.26 0.40 0.35 -85.9 0.0 0.0 Wood 127 94 61 22 Rail
A 1543 421.76 1584.71
P B 1543 421.76 2.00 1584.71 0.70 4.60 0.70 0.0 0.0 0.0 Wood 116 86 56 22 Post
A 1544 422.06 1588.82
P B 1544 422.06 2.00 1588.82 8.26 0.40 0.35 -85.9 0.0 0.0 Wood 127 94 61 22 Rail
P B 1544 422.06 3.60 1588.82 8.26 0.40 0.35 -85.9 0.0 0.0 Wood 127 94 61 22 Rail
A 1545 422.35 1592.94
P B 1545 422.35 2.00 1592.94 0.70 4.60 0.70 0.0 0.0 0.0 Wood 116 86 56 22 Post
A 1546 422.65 1597.06
P B 1546 422.65 2.00 1597.06 8.26 0.40 0.35 -85.9 0.0 0.0 Wood 127 94 61 22 Rail
P B 1546 422.65 3.60 1597.06 8.26 0.40 0.35 -85.9 0.0 0.0 Wood 127 94 61 22 Rail
A 1547 422.94 1601.18
P B 1547 422.94 2.00 1601.18 0.70 4.60 0.70 0.0 0.0 0.0 Wood 116 86 56 22 Post
A 1548 423.24 1605.29
P B 1548 423.24 2.00 1605.29 8.26 0.40 0.35 -85.9 0.0 0.0 Wood 127 94 61 22 Rail
P B 1548 423.24 3.60 1605.29 8.26 0.40 0.35 -85.9 0.0 0.0 Wood 127 94 61 22 Rail
A 1549 423.53 1609.41
P B 1549 423.53 2.00 1609.41 0.70 4.60 0.70 0.0 0.0 0.0 Wood 116 86 56 22 Post
A 1550 423.82 1613.53
P B 1550 423.82 2.00 1613.53 8.26 0.40 0.35 -85.9 0.0 0.0 Wood 127 94 61 22 Rail
P B 1550 423.82 3.60 1613.53 8.26 0.40 0.35 -85.9 0.0 0.0 Wood 127 94 61 22 Rail
A 1551 424.12 1617.65
P B 1551 424.12 2.00 1617.65 0.70 4.60 0.70 0.0 0.0 0.0 Wood 116 86 56 22 Post
A 1552 424.41 1621.76
P B 1552 424.41 2.00 1621.76 8.26 0.40 0.35 -85.9 0.0 0.0 Wood 127 94 61 22 Rail
P B 1552 424.41 3.60 1621.76 8.26 0.40 0.35 -85.9 0.0 0.0 Wood 127 94 61 22 Rail
A 1553 424.71 1625.88
P B 1553 424.71 2.00 1625.88 0.70 4.60 0.70 0.0 0.0 0.0 Wood 116 86 56 22 Post
A 1554 425.00 1630.00
P B 1554 425.00 2.00 1630.00 8.26 0.40 0.35 -85.9 0.0 0.0 Wood 127 94 61 22 Rail
P B 1554 425.00 3.60 1630.00 8.26 0.40 0.35 -85.9 0.0 0.0 Wood 127 94 61 22 Rail
A 1555 425.29 1634.12
P B 1555 425.29 2.00 1634.12 0.70 4.60 0.70 0.0 0.0 0.0 Wood 116 86 56 22 Post
A 1556 425.59 1638.24
P B 1556 425.59 2.00 1638.24 8.26 0.40 0.35 -85.9 0.0 0.0 Wood 127 94 61 22 Rail
P B 1556 425.59 3.60 1638.24 8.26 0.40 0.35 -85.9 0.0 0.0 Wood 127 94 61 22 Rail
A 1557 425.88 1642.35
P B 1557 425.88 2.00 1642.35 0.70 4.60 0.70 0.0 0.0 0.0 Wood 116 86 56 22 Post
A 1558 426.18 1646.47
P B 1558 426.18 2.00 1646.47 8.26 0.40 0.35 -85.9 0.0 0.0 Wood 127 94 61 22 Rail
P B 1558 426.18 3.60 1646.47 8.26 0.40 0.35 -85.9 0.0 0.0 Wood 127 94 61 22 Rail
A 1559 426.47 1650.59
P B 1559 426.47 2.00 1650.59 0.70 4.60 0.70 0.0 0.0 0.0 Wood 116 86 56 22 Post
A 1560 426.76 1654.71
P B 1560 426.76 2.00 1654.71 8.26 0.40 0.35 -85.9 0.0 0.0 Wood 127 94 61 22 Rail
P B 1560 426.76 3.60 1654.71 8.26 0.40 0.35 -85.9 0.0 0.0 Wood 127 94 61 22 Rail
A 1561 427.06 1658.82
P B 1561 427.06 2.00 1658.82 0.70 4.60 0.70 0.0 0.0 0.0 Wood 116 86 56 22 Post
A 1562 427.35 1662.94
P B 1562 427.35 2.00 1662.94 8.26 0.40 0.35 -85.9 0.0 0.0 Wood 127 94 61 22 Rail
P B 1562 427.35 3.60 1662.94 8.26 0.40 0.35 -85.9 0.0 0.0 Wood 127 94 61 22 Rail
A 1563 427.65 1667.06
P B 1563 427.65 2.00 1667.06 0.70 4.60 0.70 0.0 0.0 0.0 Wood 116 86 56 22 Post
A 1564 427.94 1671.18
P B 1564 427.94 2.00 1671.18 8.26 0.40 0.35 -85.9 0.0 0.0 Wood 127 94 61 22 Rail
P B 1564 427.94 3.60 1671.18 8.26 0.40 0.35 -85.9 0.0 0.0 Wood 127 94 61 22 Rail
A 1565 428.24 1675.29
P B 1565 428.24 2.00 1675.29 0.70 4.60 0.70 0.0 0.0 0.0 Wood 116 86 56 22 Post
A 1566 428.53 1679.41
P B 1566 428.53 2.00 1679.41 8.26 0.40 0.35 -85.9 0.0 0.0 Wood 127 94 61 22 Rail
P B 1566 428.53 3.60 1679.41 8.26 0.40 0.35 -85.9 0.0 0.0 Wood 127 94 61 22 Rail
A 1567 428.82 1683.53
P B 1567 428.82 2.00 1683.53 0.70 4.60 0.70 0.0 0.0 0.0 Wood 116 86 56 22 Post
A 1568 429.12 1687.65
P B 1568 429.12 2.00 1687.65 8.26 0.40 0.35 -85.9 0.0 0.0 Wood 127 94 61 22 Rail
P B 1568 429.12 3.60 1687.65 8.26 0.40 0.35 -85.9 0.0 0.0 Wood 127 94 61 22 Rail
A 1569 429.41 1691.76
P B 1569 429.41 2.00 1691.76 0.70 4.60 0.70 0.0 0.0 0.0 Wood 116 86 56 22 Post
A 1570 429.71 1695.88
P B 1570 429.71 2.00 1695.88 8.26 0.40 0.35 -85.9 0.0 0.0 Wood 127 94 61 22 Rail
P B 1570 429.71 3.60 1695.88 8.26 0.40 0.35 -85.9 0.0 0.0 Wood 127 94 61 22 Rail
A 1571 430.00 1700.00
P B 1571 430.00 2.00 1700.00 0.70 4.60 0.70 0.0 0.0 0.0 Wood 116 86 56 22 Post
A 1572 427.22 1703.33
P B 1572 427.22 2.00 1703.33 8.68 0.40 0.35 -129.8 0.0 0.0 Wood 127 94 61 22 Rail
P B 1572 427.22 3.60 1703.33 8.68 0.40 0.35 -129.8 0.0 0.0 Wood 127 94 61 22 Rail
A 1573 424.44 1706.67
P B 1573 424.44 2.00 1706.67 0.70 4.60 0.70 0.0 0.0 0.0 Wood 116 86 56 22 Post
A 1574 421.67 1710.00
P B 1574 421.67 2.00 1710.00 8.68 0.40 0.35 -129.8 0.0 0.0 Wood 127 94 61 22 Rail
P B 1574 421.67 3.60 1710.00 8.68 0.40 0.35 -129.8 0.0 0.0 Wood 127 94 61 22 Rail
A 1575 418.89 1713.33
P B 1575 418.89 2.00 1713.33 0.70 4.60 0.70 0.0 0.0 0.0 Wood 116 86 56 22 Post
A 1576 416.11 1716.67
P B 1576 416.11 2.00 1716.67 8.68 0.40 0.35 -129.8 0.0 0.0 Wood 127 94 61 22 Rail
P B 1576 416.11 3.60 1716.67 8.68 0.40 0.35 -129.8 0.0 0.0 Wood 127 94 61 22 Rail
A 1577 413.33 1720.00
P B 1577 413.33 2.00 1720.00 0.70 4.60 0.70 0.0 0.0 0.0 Wood 116 86 56 22 Post
A 1578 410.56 1723.33
P B 1578 410.56 2.00 1723.33 8.68 0.40 0.35 -129.8 0.0 0.0 Wood 127 94 61 22 Rail
P B 1578 410.56 3.60 1723.33 8.68 0.40 0.35 -129.8 0.0 0.0 Wood 127 94 61 22 Rail
A 1579 407.78 1726.67
P B 1579 407.78 2.00 1726.67 0.70 4.60 0.70 0.0 0.0 0.0 Wood 116 86 56 22 Post
A 1580 405.00 1730.00
P B 1580 405.00 2.00 1730.00 8.68 0.40 0.35 -129.8 0.0 0.0 Wood 127 94 61 22 Rail
P B 1580 405.00 3.60 1730.00 8.68 0.40 0.35 -129.8 0.0 0.0 Wood 127 94 61 22 Rail
A 1581 402.22 1733.33
P B 1581 402.22 2.00 1733.33 0.70 4.60 0.70 0.0 0.0 0.0 Wood 116 86 56 22 Post
A 1582 399.44 1736.67
P B 1582 399.44 2.00 1736.67 8.68 0.40 0.35 -129.8 0.0 0.0 Wood 127 94 61 22 Rail
P B 1582 399.44 3.60 1736.67 8.68 0.40 0.35 -129.8 0.0 0.0 Wood 127 94 61 22 Rail
A 1583 396.67 1740.00
P B 1583 396.67 2.00 1740.00 0.70 4.60 0.70 0.0 0.0 0.0 Wood 116 86 56 22 Post
A 1584 393.89 1743.33
P B 1584 393.89 2.00 1743.33 8.68 0.40 0.35 -129.8 0.0 0.0 Wood 127 94 61 22 Rail
P B 1584 393.89 3.60 1743.33 8.68 0.40 0.35 -129.8 0.0 0.0 Wood 127 94 61 22 Rail
A 1585 391.11 1746.67
P B 1585 391.11 2.00 1746.67 0.70 4.60 0.70 0.0 0.0 0.0 Wood 116 86 56 22 Post
A 1586 388.33 1750.00
P B 1586 388.33 2.00 1750.00 8.68 0.40 0.35 -129.8 0.0 0.0 Wood 127 94 61 22 Rail
P B 1586 388.33 3.60 1750.00 8.68 0.40 0.35 -129.8 0.0 0.0 Wood 127 94 61 22 Rail
A 1587 385.56 1753.33
P B 1587 385.56 2.00 1753.33 0.70 4.60 0.70 0.0 0.0 0.0 Wood 116 86 56 22 Post
A 1588 382.78 1756.67
P B 1588 382.78 2.00 1756.67 8.68 0.40 0.35 -129.8 0.0 0.0 Wood 127 94 61 22 Rail
P B 1588 382.78 3.60 1756.67 8.68 0.40 0.35 -129.8 0.0 0.0 Wood 127 94 61 22 Rail
A 1589 380.00 1760.00
P B 1589 380.00 2.00 1760.00 0.70 4.60 0.70 0.0 0.0 0.0 Wood 116 86 56 22 Post
A 1590 375.94 1760.62
P B 1590 375.94 2.00 1760.62 8.22 0.40 0.35 -171.3 0.0 0.0 Wood 127 94 61 22 Rail
P B 1590 375.94 3.60 1760.62 8.22 0.40 0.35 -171.3 0.0 0.0 Wood 127 94 61 22 Rail
A 1591 371.88 1761.25
P B 1591 371.88 2.00 1761.25 0.70 4.60 0.70 0.0 0.0 0.0 Wood 116 86 56 22 Post
A 1592 367.81 1761.88
P B 1592 367.81 2.00 1761.88 8.22 0.40 0.35 -171.3 0.0 0.0 Wood 127 94 61 22 Rail
P B 1592 367.81 3.60 1761.88 8.22 0.40 0.35 -171.3 0.0 0.0 Wood 127 94 61 22 Rail
A 1593 363.75 1762.50
P B 1593 363.75 2.00 1762.50 0.70 4.60 0.70 0.0 0.0 0.0 Wood 116 86 56 22 Post
A 1594 359.69 1763.12
P B 1594 359.69 2.00 1763.12 8.22 0.40 0.35 -171.3 0.0 0.0 Wood 127 94 61 22 Rail
P B 1594 359.69 3.60 1763.12 8.22 0.40 0.35 -171.3 0.0 0.0 Wood 127 94 61 22 Rail
A 1595 355.62 1763.75
P B 1595 355.62 2.00 1763.75 0.70 4.60 0.70 0.0 0.0 0.0 Wood 116 86 56 22 Post
A 1596 351.56 1764.38
P B 1596 351.56 2.00 1764.38 8.22 0.40 0.35 -171.3 0.0 0.0 Wood 127 94 61 22 Rail
P B 1596 351.56 3.60 1764.38 8.22 0.40 0.35 -171.3 0.0 0.0 Wood 127 94 61 22 Rail
A 1597 347.50 1765.00
P B 1597 347.50 2.00 1765.00 0.70 4.60 0.70 0.0 0.0 0.0 Wood 116 86 56 22 Post
A 1598 343.44 1765.62
P B 1598 343.44 2.00 1765.62 8.22 0.40 0.35 -171.3 0.0 0.0 Wood 127 94 61 22 Rail
P B 1598 343.44 3.60 1765.62 8.22 0.40 0.35 -171.3 0.0 0.0 Wood 127 94 61 22 Rail
A 1599 339.38 1766.25
P B 1599 339.38 2.00 1766.25 0.70 4.60 0.70 0.0 0.0 0.0 Wood 116 86 56 22 Post
A 1600 335.31 1766.88
P B 1600 335.31 2.00 1766.88 8.22 0.40 0.35 -171.3 0.0 0.0 Wood 127 94 61 22 Rail
P B 1600 335.31 3.60 1766.88 8.22 0.40 0.35 -171.3 0.0 0.0 Wood 127 94 61 22 Rail
A 1601 331.25 1767.50
P B 1601 331.25 2.00 1767.50 0.70 4.60 0.70 0.0 0.0 0.0 Wood 116 86 56 22 Post
A 1602 327.19 1768.12
P B 1602 327.19 2.00 1768.12 8.22 0.40 0.35 -171.3 0.0 0.0 Wood 127 94 61 22 Rail
P B 1602 327.19 3.60 1768.12 8.22 0.40 0.35 -171.3 0.0 0.0 Wood 127 94 61 22 Rail
A 1603 323.12 1768.75
P B 1603 323.12 2.00 1768.75 0.70 4.60 0.70 0.0 0.0 0.0 Wood 116 86 56 22 Post
A 1604 319.06 1769.38
P B 1604 319.06 2.00 1769.38 8.22 0.40 0.35 -171.3 0.0 0.0 Wood 127 94 61 22 Rail
P B 1604 319.06 3.60 1769.38 8.22 0.40 0.35 -171.3 0.0 0.0 Wood 127 94 61 22 Rail
A 1605 315.00 1770.00
P B 1605 315.00 2.00 1770.00 0.70 4.60 0.70 0.0 0.0 0.0 Wood 116 86 56 22 Post
A 1606 310.94 1770.62
P B 1606 310.94 2.00 1770.62 8.22 0.40 0.35 -171.3 0.0 0.0 Wood 127 94 61 22 Rail
P B 1606 310.94 3.60 1770.62 8.22 0.40 0.35 -171.3 0.0 0.0 Wood 127 94 61 22 Rail
A 1607 306.88 1771.25
P B 1607 306.88 2.00 1771.25 0.70 4.60 0.70 0.0 0.0 0.0 Wood 116 86 56 22 Post
A 1608 302.81 1771.88
P B 1608 302.81 2.00 1771.88 8.22 0.40 0.35 -171.3 0.0 0.0 Wood 127 94 61 22 Rail
P B 1608 302.81 3.60 1771.88 8.22 0.40 0.35 -171.3 0.0 0.0 Wood 127 94 61 22 Rail
A 1609 298.75 1772.50
P B 1609 298.75 2.00 1772.50 0.70 4.60 0.70 0.0 0.0 0.0 Wood 116 86 56 22 Post
A 1610 294.69 1773.12
P B 1610 294.69 2.00 1773.12 8.22 0.40 0.35 -171.3 0.0 0.0 Wood 127 94 61 22 Rail
P B 1610 294.69 3.60 1773.12 8.22 0.40 0.35 -171.3 0.0 0.0 Wood 127 94 61 22 Rail
A 1611 290.62 1773.75
P B 1611 290.62 2.00 1773.75 0.70 4.60 0.70 0.0 0.0 0.0 Wood 116 86 56 22 Post
A 1612 286.56 1774.38
P B 1612 286.56 2.00 1774.38 8.22 0.40 0.35 -171.3 0.0 0.0 Wood 127 94 61 22 Rail
P B 1612 286.56 3.60 1774.38 8.22 0.40 0.35 -171.3 0.0 0.0 Wood 127 94 61 22 Rail
A 1613 282.50 1775.00
P B 1613 282.50 2.00 1775.00 0.70 4.60 0.70 0.0 0.0 0.0 Wood 116 86 56 22 Post
A 1614 278.44 1775.62
P B 1614 278.44 2.00 1775.62 8.22 0.40 0.35 -171.3 0.0 0.0 Wood 127 94 61 22 Rail
P B 1614 278.44 3.60 1775.62 8.22 0.40 0.35 -171.3 0.0 0.0 Wood 127 94 61 22 Rail
A 1615 274.38 1776.25
P B 1615 274.38 2.00 1776.25 0.70 4.60 0.70 0.0 0.0 0.0 Wood 116 86 56 22 Post
A 1616 270.31 1776.88
P B 1616 270.31 2.00 1776.88 8.22 0.40 0.35 -171.3 0.0 0.0 Wood 127 94 61 22 Rail
P B 1616 270.31 3.60 1776.88 8.22 0.40 0.35 -171.3 0.0 0.0 Wood 127 94 61 22 Rail
A 1617 266.25 1777.50
P B 1617 266.25 2.00 1777.50 0.70 4.60 0.70 0.0 0.0 0.0 Wood 116 86 56 22 Post
A 1618 262.19 1778.12
P B 1618 262.19 2.00 1778.12 8.22 0.40 0.35 -171.3 0.0 0.0 Wood 127 94 61 22 Rail
P B 1618 262.19 3.60 1778.12 8.22 0.40 0.35 -171.3 0.0 0.0 Wood 127 94 61 22 Rail
A 1619 258.12 1778.75
P B 1619 258.12 2.00 1778.75 0.70 4.60 0.70 0.0 0.0 0.0 Wood 116 86 56 22 Post
A 1620 254.06 1779.38
P B 1620 254.06 2.00 1779.38 8.22 0.40 0.35 -171.3 0.0 0.0 Wood 127 94 61 22 Rail
P B 1620 254.06 3.60 1779.38 8.22 0.40 0.35 -171.3 0.0 0.0 Wood 127 94 61 22 Rail
A 1621 250.00 1780.00
P B 1621 250.00 2.00 1780.00 0.70 4.60 0.70 0.0 0.0 0.0 Wood 116 86 56 22 Post
A 1622 245.96 1779.90
P B 1622 245.96 2.00 1779.90 8.08 0.40 0.35 178.6 0.0 0.0 Wood 127 94 61 22 Rail
P B 1622 245.96 3.60 1779.90 8.08 0.40 0.35 178.6 0.0 0.0 Wood 127 94 61 22 Rail
A 1623 241.92 1779.81
P B 1623 241.92 2.00 1779.81 0.70 4.60 0.70 0.0 0.0 0.0 Wood 116 86 56 22 Post
A 1624 237.88 1779.71
P B 1624 237.88 2.00 1779.71 8.08 0.40 0.35 178.6 0.0 0.0 Wood 127 94 61 22 Rail
P B 1624 237.88 3.60 1779.71 8.08 0.40 0.35 178.6 0.0 0.0 Wood 127 94 61 22 Rail
A 1625 233.85 1779.62
P B 1625 233.85 2.00 1779.62 0.70 4.60 0.70 0.0 0.0 0.0 Wood 116 86 56 22 Post
A 1626 229.81 1779.52
P B 1626 229.81 2.00 1779.52 8.08 0.40 0.35 178.6 0.0 0.0 Wood 127 94 61 22 Rail
P B 1626 229.81 3.60 1779.52 8.08 0.40 0.35 178.6 0.0 0.0 Wood 127 94 61 22 Rail
A 1627 225.77 1779.42
P B 1627 225.77 2.00 1779.42 0.70 4.60 0.70 0.0 0.0 0.0 Wood 116 86 56 22 Post
A 1628 221.73 1779.33
P B 1628 221.73 2.00 1779.33 8.08 0.40 0.35 178.6 0.0 0.0 Wood 127 94 61 22 Rail
P B 1628 221.73 3.60 1779.33 8.08 0.40 0.35 178.6 0.0 0.0 Wood 127 94 61 22 Rail
A 1629 217.69 1779.23
P B 1629 217.69 2.00 1779.23 0.70 4.60 0.70 0.0 0.0 0.0 Wood 116 86 56 22 Post
A 1630 213.65 1779.13
P B 1630 213.65 2.00 1779.13 8.08 0.40 0.35 178.6 0.0 0.0 Wood 127 94 61 22 Rail
P B 1630 213.65 3.60 1779.13 8.08 0.40 0.35 178.6 0.0 0.0 Wood 127 94 61 22 Rail
A 1631 209.62 1779.04
P B 1631 209.62 2.00 1779.04 0.70 4.60 0.70 0.0 0.0 0.0 Wood 116 86 56 22 Post
A 1632 205.58 1778.94
P B 1632 205.58 2.00 1778.94 8.08 0.40 0.35 178.6 0.0 0.0 Wood 127 94 61 22 Rail
P B 1632 205.58 3.60 1778.94 8.08 0.40 0.35 178.6 0.0 0.0 Wood 127 94 61 22 Rail
A 1633 201.54 1778.85
P B 1633 201.54 2.00 1778.85 0.70 4.60 0.70 0.0 0.0 0.0 Wood 116 86 56 22 Post
A 1634 197.50 1778.75
P B 1634 197.50 2.00 1778.75 8.08 0.40 0.35 178.6 0.0 0.0 Wood 127 94 61 22 Rail
P B 1634 197.50 3.60 1778.75 8.08 0.40 0.35 178.6 0.0 0.0 Wood 127 94 61 22 Rail
A 1635 193.46 1778.65
P B 1635 193.46 2.00 1778.65 0.70 4.60 0.70 0.0 0.0 0.0 Wood 116 86 56 22 Post
A 1636 189.42 1778.56
P B 1636 189.42 2.00 1778.56 8.08 0.40 0.35 178.6 0.0 0.0 Wood 127 94 61 22 Rail
P B 1636 189.42 3.60 1778.56 8.08 0.40 0.35 178.6 0.0 0.0 Wood 127 94 61 22 Rail
A 1637 185.38 1778.46
P B 1637 185.38 2.00 1778.46 0.70 4.60 0.70 0.0 0.0 0.0 Wood 116 86 56 22 Post
A 1638 181.35 1778.37
P B 1638 181.35 2.00 1778.37 8.08 0.40 0.35 178.6 0.0 0.0 Wood 127 94 61 22 Rail
P B 1638 181.35 3.60 1778.37 8.08 0.40 0.35 178.6 0.0 0.0 Wood 127 94 61 22 Rail
A 1639 177.31 1778.27
P B 1639 177.31 2.00 1778.27 0.70 4.60 0.70 0.0 0.0 0.0 Wood 116 86 56 22 Post
A 1640 173.27 1778.17
P B 1640 173.27 2.00 1778.17 8.08 0.40 0.35 178.6 0.0 0.0 Wood 127 94 61 22 Rail
P B 1640 173.27 3.60 1778.17 8.08 0.40 0.35 178.6 0.0 0.0 Wood 127 94 61 22 Rail
A 1641 169.23 1778.08
P B 1641 169.23 2.00 1778.08 0.70 4.60 0.70 0.0 0.0 0.0 Wood 116 86 56 22 Post
A 1642 165.19 1777.98
P B 1642 165.19 2.00 1777.98 8.08 0.40 0.35 178.6 0.0 0.0 Wood 127 94 61 22 Rail
P B 1642 165.19 3.60 1777.98 8.08 0.40 0.35 178.6 0.0 0.0 Wood 127 94 61 22 Rail
A 1643 161.15 1777.88
P B 1643 161.15 2.00 1777.88 0.70 4.60 0.70 0.0 0.0 0.0 Wood 116 86 56 22 Post
A 1644 157.12 1777.79
P B 1644 157.12 2.00 1777.79 8.08 0.40 0.35 178.6 0.0 0.0 Wood 127 94 61 22 Rail
P B 1644 157.12 3.60 1777.79 8.08 0.40 0.35 178.6 0.0 0.0 Wood 127 94 61 22 Rail
A 1645 153.08 1777.69
P B 1645 153.08 2.00 1777.69 0.70 4.60 0.70 0.0 0.0 0.0 Wood 116 86 56 22 Post
A 1646 149.04 1777.60
P B 1646 149.04 2.00 1777.60 8.08 0.40 0.35 178.6 0.0 0.0 Wood 127 94 61 22 Rail
P B 1646 149.04 3.60 1777.60 8.08 0.40 0.35 178.6 0.0 0.0 Wood 127 94 61 22 Rail
A 1647 145.00 1777.50
P B 1647 145.00 2.00 1777.50 0.70 4.60 0.70 0.0 0.0 0.0 Wood 116 86 56 22 Post
A 1648 140.96 1777.40
P B 1648 140.96 2.00 1777.40 8.08 0.40 0.35 178.6 0.0 0.0 Wood 127 94 61 22 Rail
P B 1648 140.96 3.60 1777.40 8.08 0.40 0.35 178.6 0.0 0.0 Wood 127 94 61 22 Rail
A 1649 136.92 1777.31
P B 1649 136.92 2.00 1777.31 0.70 4.60 0.70 0.0 0.0 0.0 Wood 116 86 56 22 Post
A 1650 132.88 1777.21
P B 1650 132.88 2.00 1777.21 8.08 0.40 0.35 178.6 0.0 0.0 Wood 127 94 61 22 Rail
P B 1650 132.88 3.60 1777.21 8.08 0.40 0.35 178.6 0.0 0.0 Wood 127 94 61 22 Rail
A 1651 128.85 1777.12
P B 1651 128.85 2.00 1777.12 0.70 4.60 0.70 0.0 0.0 0.0 Wood 116 86 56 22 Post
A 1652 124.81 1777.02
P B 1652 124.81 2.00 1777.02 8.08 0.40 0.35 178.6 0.0 0.0 Wood 127 94 61 22 Rail
P B 1652 124.81 3.60 1777.02 8.08 0.40 0.35 178.6 0.0 0.0 Wood 127 94 61 22 Rail
A 1653 120.77 1776.92
P B 1653 120.77 2.00 1776.92 0.70 4.60 0.70 0.0 0.0 0.0 Wood 116 86 56 22 Post
A 1654 116.73 1776.83
P B 1654 116.73 2.00 1776.83 8.08 0.40 0.35 178.6 0.0 0.0 Wood 127 94 61 22 Rail
P B 1654 116.73 3.60 1776.83 8.08 0.40 0.35 178.6 0.0 0.0 Wood 127 94 61 22 Rail
A 1655 112.69 1776.73
P B 1655 112.69 2.00 1776.73 0.70 4.60 0.70 0.0 0.0 0.0 Wood 116 86 56 22 Post
A 1656 108.65 1776.63
P B 1656 108.65 2.00 1776.63 8.08 0.40 0.35 178.6 0.0 0.0 Wood 127 94 61 22 Rail
P B 1656 108.65 3.60 1776.63 8.08 0.40 0.35 178.6 0.0 0.0 Wood 127 94 61 22 Rail
A 1657 104.62 1776.54
P B 1657 104.62 2.00 1776.54 0.70 4.60 0.70 0.0 0.0 0.0 Wood 116 86 56 22 Post
A 1658 100.58 1776.44
P B 1658 100.58 2.00 1776.44 8.08 0.40 0.35 178.6 0.0 0.0 Wood 127 94 61 22 Rail
P B 1658 100.58 3.60 1776.44 8.08 0.40 0.35 178.6 0.0 0.0 Wood 127 94 61 22 Rail
A 1659 96.54 1776.35
P B 1659 96.54 2.00 1776.35 0.70 4.60 0.70 0.0 0.0 0.0 Wood 116 86 56 22 Post
A 1660 92.50 1776.25
P B 1660 92.50 2.00 1776.25 8.08 0.40 0.35 178.6 0.0 0.0 Wood 127 94 61 22 Rail
P B 1660 92.50 3.60 1776.25 8.08 0.40 0.35 178.6 0.0 0.0 Wood 127 94 61 22 Rail
A 1661 88.46 1776.15
P B 1661 88.46 2.00 1776.15 0.70 4.60 0.70 0.0 0.0 0.0 Wood 116 86 56 22 Post
A 1662 84.42 1776.06
P B 1662 84.42 2.00 1776.06 8.08 0.40 0.35 178.6 0.0 0.0 Wood 127 94 61 22 Rail
P B 1662 84.42 3.60 1776.06 8.08 0.40 0.35 178.6 0.0 0.0 Wood 127 94 61 22 Rail
A 1663 80.38 1775.96
P B 1663 80.38 2.00 1775.96 0.70 4.60 0.70 0.0 0.0 0.0 Wood 116 86 56 22 Post
A 1664 76.35 1775.87
P B 1664 76.35 2.00 1775.87 8.08 0.40 0.35 178.6 0.0 0.0 Wood 127 94 61 22 Rail
P B 1664 76.35 3.60 1775.87 8.08 0.40 0.35 178.6 0.0 0.0 Wood 127 94 61 22 Rail
A 1665 72.31 1775.77
P B 1665 72.31 2.00 1775.77 0.70 4.60 0.70 0.0 0.0 0.0 Wood 116 86 56 22 Post
A 1666 68.27 1775.67
P B 1666 68.27 2.00 1775.67 8.08 0.40 0.35 178.6 0.0 0.0 Wood 127 94 61 22 Rail
P B 1666 68.27 3.60 1775.67 8.08 0.40 0.35 178.6 0.0 0.0 Wood 127 94 61 22 Rail
A 1667 64.23 1775.58
P B 1667 64.23 2.00 1775.58 0.70 4.60 0.70 0.0 0.0 0.0 Wood 116 86 56 22 Post
A 1668 60.19 1775.48
P B 1668 60.19 2.00 1775.48 8.08 0.40 0.35 178.6 0.0 0.0 Wood 127 94 61 22 Rail
P B 1668 60.19 3.60 1775.48 8.08 0.40 0.35 178.6 0.0 0.0 Wood 127 94 61 22 Rail
A 1669 56.15 1775.38
P B 1669 56.15 2.00 1775.38 0.70 4.60 0.70 0.0 0.0 0.0 Wood 116 86 56 22 Post
A 1670 52.12 1775.29
P B 1670 52.12 2.00 1775.29 8.08 0.40 0.35 178.6 0.0 0.0 Wood 127 94 61 22 Rail
P B 1670 52.12 3.60 1775.29 8.08 0.40 0.35 178.6 0.0 0.0 Wood 127 94 61 22 Rail
A 1671 48.08 1775.19
P B 1671 48.08 2.00 1775.19 0.70 4.60 0.70 0.0 0.0 0.0 Wood 116 86 56 22 Post
A 1672 44.04 1775.10
P B 1672 44.04 2.00 1775.10 8.08 0.40 0.35 178.6 0.0 0.0 Wood 127 94 61 22 Rail
P B 1672 44.04 3.60 1775.10 8.08 0.40 0.35 178.6 0.0 0.0 Wood 127 94 61 22 Rail
A 1673 40.00 1775.00
P B 1673 40.00 2.00 1775.00 0.70 4.60 0.70 0.0 0.0 0.0 Wood 116 86 56 22 Post
A 1674 36.05 1774.08
P B 1674 36.05 2.00 1774.08 8.11 0.40 0.35 166.9 0.0 0.0 Wood 127 94 61 22 Rail
P B 1674 36.05 3.60 1774.08 8.11 0.40 0.35 166.9 0.0 0.0 Wood 127 94 61 22 Rail
A 1675 32.11 1773.16
P B 1675 32.11 2.00 1773.16 0.70 4.60 0.70 0.0 0.0 0.0 Wood 116 86 56 22 Post
A 1676 28.16 1772.24
P B 1676 28.16 2.00 1772.24 8.11 0.40 0.35 166.9 0.0 0.0 Wood 127 94 61 22 Rail
P B 1676 28.16 3.60 1772.24 8.11 0.40 0.35 166.9 0.0 0.0 Wood 127 94 61 22 Rail
A 1677 24.21 1771.32
P B 1677 24.21 2.00 1771.32 0.70 4.60 0.70 0.0 0.0 0.0 Wood 116 86 56 22 Post
A 1678 20.26 1770.39
P B 1678 20.26 2.00 1770.39 8.11 0.40 0.35 166.9 0.0 0.0 Wood 127 94 61 22 Rail
P B 1678 20.26 3.60 1770.39 8.11 0.40 0.35 166.9 0.0 0.0 Wood 127 94 61 22 Rail
A 1679 16.32 1769.47
P B 1679 16.32 2.00 1769.47 0.70 4.60 0.70 0.0 0.0 0.0 Wood 116 86 56 22 Post
A 1680 12.37 1768.55
P B 1680 12.37 2.00 1768.55 8.11 0.40 0.35 166.9 0.0 0.0 Wood 127 94 61 22 Rail
P B 1680 12.37 3.60 1768.55 8.11 0.40 0.35 166.9 0.0 0.0 Wood 127 94 61 22 Rail
A 1681 8.42 1767.63
P B 1681 8.42 2.00 1767.63 0.70 4.60 0.70 0.0 0.0 0.0 Wood 116 86 56 22 Post
A 1682 4.47 1766.71
P B 1682 4.47 2.00 1766.71 8.11 0.40 0.35 166.9 0.0 0.0 Wood 127 94 61 22 Rail
P B 1682 4.47 3.60 1766.71 8.11 0.40 0.35 166.9 0.0 0.0 Wood 127 94 61 22 Rail
A 1683 0.53 1765.79
P B 1683 0.53 2.00 1765.79 0.70 4.60 0.70 0.0 0.0 0.0 Wood 116 86 56 22 Post
A 1684 -3.42 1764.87
P B 1684 -3.42 2.00 1764.87 8.11 0.40 0.35 166.9 0.0 0.0 Wood 127 94 61 22 Rail
P B 1684 -3.42 3.60 1764.87 8.11 0.40 0.35 166.9 0.0 0.0 Wood 127 94 61 22 Rail
A 1685 -7.37 1763.95
P B 1685 -7.37 2.00 1763.95 0.70 4.60 0.70 0.0 0.0 0.0 Wood 116 86 56 22 Post
A 1686 -11.32 1763.03
P B 1686 -11.32 2.00 1763.03 8.11 0.40 0.35 166.9 0.0 0.0 Wood 127 94 61 22 Rail
P B 1686 -11.32 3.60 1763.03 8.11 0.40 0.35 166.9 0.0 0.0 Wood 127 94 61 22 Rail
A 1687 -15.26 1762.11
P B 1687 -15.26 2.00 1762.11 0.70 4.60 0.70 0.0 0.0 0.0 Wood 116 86 56 22 Post
A 1688 -19.21 1761.18
P B 1688 -19.21 2.00 1761.18 8.11 0.40 0.35 166.9 0.0 0.0 Wood 127 94 61 22 Rail
P B 1688 -19.21 3.60 1761.18 8.11 0.40 0.35 166.9 0.0 0.0 Wood 127 94 61 22 Rail
A 1689 -23.16 1760.26
P B 1689 -23.16 2.00 1760.26 0.70 4.60 0.70 0.0 0.0 0.0 Wood 116 86 56 22 Post
A 1690 -27.11 1759.34
P B 1690 -27.11 2.00 1759.34 8.11 0.40 0.35 166.9 0.0 0.0 Wood 127 94 61 22 Rail
P B 1690 -27.11 3.60 1759.34 8.11 0.40 0.35 166.9 0.0 0.0 Wood 127 94 61 22 Rail
A 1691 -31.05 1758.42
P B 1691 -31.05 2.00 1758.42 0.70 4.60 0.70 0.0 0.0 0.0 Wood 116 86 56 22 Post
A 1692 -35.00 1757.50
P B 1692 -35.00 2.00 1757.50 8.11 0.40 0.35 166.9 0.0 0.0 Wood 127 94 61 22 Rail
P B 1692 -35.00 3.60 1757.50 8.11 0.40 0.35 166.9 0.0 0.0 Wood 127 94 61 22 Rail
A 1693 -38.95 1756.58
P B 1693 -38.95 2.00 1756.58 0.70 4.60 0.70 0.0 0.0 0.0 Wood 116 86 56 22 Post
A 1694 -42.89 1755.66
P B 1694 -42.89 2.00 1755.66 8.11 0.40 0.35 166.9 0.0 0.0 Wood 127 94 61 22 Rail
P B 1694 -42.89 3.60 1755.66 8.11 0.40 0.35 166.9 0.0 0.0 Wood 127 94 61 22 Rail
A 1695 -46.84 1754.74
P B 1695 -46.84 2.00 1754.74 0.70 4.60 0.70 0.0 0.0 0.0 Wood 116 86 56 22 Post
A 1696 -50.79 1753.82
P B 1696 -50.79 2.00 1753.82 8.11 0.40 0.35 166.9 0.0 0.0 Wood 127 94 61 22 Rail
P B 1696 -50.79 3.60 1753.82 8.11 0.40 0.35 166.9 0.0 0.0 Wood 127 94 61 22 Rail
A 1697 -54.74 1752.89
P B 1697 -54.74 2.00 1752.89 0.70 4.60 0.70 0.0 0.0 0.0 Wood 116 86 56 22 Post
A 1698 -58.68 1751.97
P B 1698 -58.68 2.00 1751.97 8.11 0.40 0.35 166.9 0.0 0.0 Wood 127 94 61 22 Rail
P B 1698 -58.68 3.60 1751.97 8.11 0.40 0.35 166.9 0.0 0.0 Wood 127 94 61 22 Rail
A 1699 -62.63 1751.05
P B 1699 -62.63 2.00 1751.05 0.70 4.60 0.70 0.0 0.0 0.0 Wood 116 86 56 22 Post
A 1700 -66.58 1750.13
P B 1700 -66.58 2.00 1750.13 8.11 0.40 0.35 166.9 0.0 0.0 Wood 127 94 61 22 Rail
P B 1700 -66.58 3.60 1750.13 8.11 0.40 0.35 166.9 0.0 0.0 Wood 127 94 61 22 Rail
A 1701 -70.53 1749.21
P B 1701 -70.53 2.00 1749.21 0.70 4.60 0.70 0.0 0.0 0.0 Wood 116 86 56 22 Post
A 1702 -74.47 1748.29
P B 1702 -74.47 2.00 1748.29 8.11 0.40 0.35 166.9 0.0 0.0 Wood 127 94 61 22 Rail
P B 1702 -74.47 3.60 1748.29 8.11 0.40 0.35 166.9 0.0 0.0 Wood 127 94 61 22 Rail
A 1703 -78.42 1747.37
P B 1703 -78.42 2.00 1747.37 0.70 4.60 0.70 0.0 0.0 0.0 Wood 116 86 56 22 Post
A 1704 -82.37 1746.45
P B 1704 -82.37 2.00 1746.45 8.11 0.40 0.35 166.9 0.0 0.0 Wood 127 94 61 22 Rail
P B 1704 -82.37 3.60 1746.45 8.11 0.40 0.35 166.9 0.0 0.0 Wood 127 94 61 22 Rail
A 1705 -86.32 1745.53
P B 1705 -86.32 2.00 1745.53 0.70 4.60 0.70 0.0 0.0 0.0 Wood 116 86 56 22 Post
A 1706 -90.26 1744.61
P B 1706 -90.26 2.00 1744.61 8.11 0.40 0.35 166.9 0.0 0.0 Wood 127 94 61 22 Rail
P B 1706 -90.26 3.60 1744.61 8.11 0.40 0.35 166.9 0.0 0.0 Wood 127 94 61 22 Rail
A 1707 -94.21 1743.68
P B 1707 -94.21 2.00 1743.68 0.70 4.60 0.70 0.0 0.0 0.0 Wood 116 86 56 22 Post
A 1708 -98.16 1742.76
P B 1708 -98.16 2.00 1742.76 8.11 0.40 0.35 166.9 0.0 0.0 Wood 127 94 61 22 Rail
P B 1708 -98.16 3.60 1742.76 8.11 0.40 0.35 166.9 0.0 0.0 Wood 127 94 61 22 Rail
A 1709 -102.11 1741.84
P B 1709 -102.11 2.00 1741.84 0.70 4.60 0.70 0.0 0.0 0.0 Wood 116 86 56 22 Post
A 1710 -106.05 1740.92
P B 1710 -106.05 2.00 1740.92 8.11 0.40 0.35 166.9 0.0 0.0 Wood 127 94 61 22 Rail
P B 1710 -106.05 3.60 1740.92 8.11 0.40 0.35 166.9 0.0 0.0 Wood 127 94 61 22 Rail
A 1711 -110.00 1740.00
P B 1711 -110.00 2.00 1740.00 0.70 4.60 0.70 0.0 0.0 0.0 Wood 116 86 56 22 Post
A 1712 -110.23 1735.91
P B 1712 -110.23 2.00 1735.91 8.19 0.40 0.35 93.2 0.0 0.0 Wood 127 94 61 22 Rail
P B 1712 -110.23 3.60 1735.91 8.19 0.40 0.35 93.2 0.0 0.0 Wood 127 94 61 22 Rail
A 1713 -110.45 1731.82
P B 1713 -110.45 2.00 1731.82 0.70 4.60 0.70 0.0 0.0 0.0 Wood 116 86 56 22 Post
A 1714 -110.68 1727.73
P B 1714 -110.68 2.00 1727.73 8.19 0.40 0.35 93.2 0.0 0.0 Wood 127 94 61 22 Rail
P B 1714 -110.68 3.60 1727.73 8.19 0.40 0.35 93.2 0.0 0.0 Wood 127 94 61 22 Rail
A 1715 -110.91 1723.64
P B 1715 -110.91 2.00 1723.64 0.70 4.60 0.70 0.0 0.0 0.0 Wood 116 86 56 22 Post
A 1716 -111.14 1719.55
P B 1716 -111.14 2.00 1719.55 8.19 0.40 0.35 93.2 0.0 0.0 Wood 127 94 61 22 Rail
P B 1716 -111.14 3.60 1719.55 8.19 0.40 0.35 93.2 0.0 0.0 Wood 127 94 61 22 Rail
A 1717 -111.36 1715.45
P B 1717 -111.36 2.00 1715.45 0.70 4.60 0.70 0.0 0.0 0.0 Wood 116 86 56 22 Post
A 1718 -111.59 1711.36
P B 1718 -111.59 2.00 1711.36 8.19 0.40 0.35 93.2 0.0 0.0 Wood 127 94 61 22 Rail
P B 1718 -111.59 3.60 1711.36 8.19 0.40 0.35 93.2 0.0 0.0 Wood 127 94 61 22 Rail
A 1719 -111.82 1707.27
P B 1719 -111.82 2.00 1707.27 0.70 4.60 0.70 0.0 0.0 0.0 Wood 116 86 56 22 Post
A 1720 -112.05 1703.18
P B 1720 -112.05 2.00 1703.18 8.19 0.40 0.35 93.2 0.0 0.0 Wood 127 94 61 22 Rail
P B 1720 -112.05 3.60 1703.18 8.19 0.40 0.35 93.2 0.0 0.0 Wood 127 94 61 22 Rail
A 1721 -112.27 1699.09
P B 1721 -112.27 2.00 1699.09 0.70 4.60 0.70 0.0 0.0 0.0 Wood 116 86 56 22 Post
A 1722 -112.50 1695.00
P B 1722 -112.50 2.00 1695.00 8.19 0.40 0.35 93.2 0.0 0.0 Wood 127 94 61 22 Rail
P B 1722 -112.50 3.60 1695.00 8.19 0.40 0.35 93.2 0.0 0.0 Wood 127 94 61 22 Rail
A 1723 -112.73 1690.91
P B 1723 -112.73 2.00 1690.91 0.70 4.60 0.70 0.0 0.0 0.0 Wood 116 86 56 22 Post
A 1724 -112.95 1686.82
P B 1724 -112.95 2.00 1686.82 8.19 0.40 0.35 93.2 0.0 0.0 Wood 127 94 61 22 Rail
P B 1724 -112.95 3.60 1686.82 8.19 0.40 0.35 93.2 0.0 0.0 Wood 127 94 61 22 Rail
A 1725 -113.18 1682.73
P B 1725 -113.18 2.00 1682.73 0.70 4.60 0.70 0.0 0.0 0.0 Wood 116 86 56 22 Post
A 1726 -113.41 1678.64
P B 1726 -113.41 2.00 1678.64 8.19 0.40 0.35 93.2 0.0 0.0 Wood 127 94 61 22 Rail
P B 1726 -113.41 3.60 1678.64 8.19 0.40 0.35 93.2 0.0 0.0 Wood 127 94 61 22 Rail
A 1727 -113.64 1674.55
P B 1727 -113.64 2.00 1674.55 0.70 4.60 0.70 0.0 0.0 0.0 Wood 116 86 56 22 Post
A 1728 -113.86 1670.45
P B 1728 -113.86 2.00 1670.45 8.19 0.40 0.35 93.2 0.0 0.0 Wood 127 94 61 22 Rail
P B 1728 -113.86 3.60 1670.45 8.19 0.40 0.35 93.2 0.0 0.0 Wood 127 94 61 22 Rail
A 1729 -114.09 1666.36
P B 1729 -114.09 2.00 1666.36 0.70 4.60 0.70 0.0 0.0 0.0 Wood 116 86 56 22 Post
A 1730 -114.32 1662.27
P B 1730 -114.32 2.00 1662.27 8.19 0.40 0.35 93.2 0.0 0.0 Wood 127 94 61 22 Rail
P B 1730 -114.32 3.60 1662.27 8.19 0.40 0.35 93.2 0.0 0.0 Wood 127 94 61 22 Rail
A 1731 -115.45 1641.82
P B 1731 -115.45 2.00 1641.82 0.70 4.60 0.70 0.0 0.0 0.0 Wood 116 86 56 22 Post
A 1732 -115.68 1637.73
P B 1732 -115.68 2.00 1637.73 8.19 0.40 0.35 93.2 0.0 0.0 Wood 127 94 61 22 Rail
P B 1732 -115.68 3.60 1637.73 8.19 0.40 0.35 93.2 0.0 0.0 Wood 127 94 61 22 Rail
A 1733 -115.91 1633.64
P B 1733 -115.91 2.00 1633.64 0.70 4.60 0.70 0.0 0.0 0.0 Wood 116 86 56 22 Post
A 1734 -116.14 1629.55
P B 1734 -116.14 2.00 1629.55 8.19 0.40 0.35 93.2 0.0 0.0 Wood 127 94 61 22 Rail
P B 1734 -116.14 3.60 1629.55 8.19 0.40 0.35 93.2 0.0 0.0 Wood 127 94 61 22 Rail
A 1735 -116.36 1625.45
P B 1735 -116.36 2.00 1625.45 0.70 4.60 0.70 0.0 0.0 0.0 Wood 116 86 56 22 Post
A 1736 -116.59 1621.36
P B 1736 -116.59 2.00 1621.36 8.19 0.40 0.35 93.2 0.0 0.0 Wood 127 94 61 22 Rail
P B 1736 -116.59 3.60 1621.36 8.19 0.40 0.35 93.2 0.0 0.0 Wood 127 94 61 22 Rail
A 1737 -116.82 1617.27
P B 1737 -116.82 2.00 1617.27 0.70 4.60 0.70 0.0 0.0 0.0 Wood 116 86 56 22 Post
A 1738 -117.05 1613.18
P B 1738 -117.05 2.00 1613.18 8.19 0.40 0.35 93.2 0.0 0.0 Wood 127 94 61 22 Rail
P B 1738 -117.05 3.60 1613.18 8.19 0.40 0.35 93.2 0.0 0.0 Wood 127 94 61 22 Rail
A 1739 -117.27 1609.09
P B 1739 -117.27 2.00 1609.09 0.70 4.60 0.70 0.0 0.0 0.0 Wood 116 86 56 22 Post
A 1740 -117.50 1605.00
P B 1740 -117.50 2.00 1605.00 8.19 0.40 0.35 93.2 0.0 0.0 Wood 127 94 61 22 Rail
P B 1740 -117.50 3.60 1605.00 8.19 0.40 0.35 93.2 0.0 0.0 Wood 127 94 61 22 Rail
A 1741 -117.73 1600.91
P B 1741 -117.73 2.00 1600.91 0.70 4.60 0.70 0.0 0.0 0.0 Wood 116 86 56 22 Post
A 1742 -117.95 1596.82
P B 1742 -117.95 2.00 1596.82 8.19 0.40 0.35 93.2 0.0 0.0 Wood 127 94 61 22 Rail
P B 1742 -117.95 3.60 1596.82 8.19 0.40 0.35 93.2 0.0 0.0 Wood 127 94 61 22 Rail
A 1743 -118.18 1592.73
P B 1743 -118.18 2.00 1592.73 0.70 4.60 0.70 0.0 0.0 0.0 Wood 116 86 56 22 Post
A 1744 -118.41 1588.64
P B 1744 -118.41 2.00 1588.64 8.19 0.40 0.35 93.2 0.0 0.0 Wood 127 94 61 22 Rail
P B 1744 -118.41 3.60 1588.64 8.19 0.40 0.35 93.2 0.0 0.0 Wood 127 94 61 22 Rail
A 1745 -118.64 1584.55
P B 1745 -118.64 2.00 1584.55 0.70 4.60 0.70 0.0 0.0 0.0 Wood 116 86 56 22 Post
A 1746 -118.86 1580.45
P B 1746 -118.86 2.00 1580.45 8.19 0.40 0.35 93.2 0.0 0.0 Wood 127 94 61 22 Rail
P B 1746 -118.86 3.60 1580.45 8.19 0.40 0.35 93.2 0.0 0.0 Wood 127 94 61 22 Rail
A 1747 -119.09 1576.36
P B 1747 -119.09 2.00 1576.36 0.70 4.60 0.70 0.0 0.0 0.0 Wood 116 86 56 22 Post
A 1748 -119.32 1572.27
P B 1748 -119.32 2.00 1572.27 8.19 0.40 0.35 93.2 0.0 0.0 Wood 127 94 61 22 Rail
P B 1748 -119.32 3.60 1572.27 8.19 0.40 0.35 93.2 0.0 0.0 Wood 127 94 61 22 Rail
A 1749 -119.55 1568.18
P B 1749 -119.55 2.00 1568.18 0.70 4.60 0.70 0.0 0.0 0.0 Wood 116 86 56 22 Post
A 1750 -119.77 1564.09
P B 1750 -119.77 2.00 1564.09 8.19 0.40 0.35 93.2 0.0 0.0 Wood 127 94 61 22 Rail
P B 1750 -119.77 3.60 1564.09 8.19 0.40 0.35 93.2 0.0 0.0 Wood 127 94 61 22 Rail
A 1751 -37.30 929.80
G 23 길/북촌북로
P B 1751 -37.30 -0.20 929.80 21.01 1.00 8.54 -93.9 0.0 0.0 Ground 136 109 76 23 Path
A 1752 -37.90 945.40
P B 1752 -37.90 -0.20 945.40 21.01 1.00 8.63 -93.7 0.0 0.0 Ground 139 111 78 23 Path
A 1753 -38.50 961.00
P B 1753 -38.50 -0.20 961.00 21.01 1.00 9.20 -94.1 0.0 0.0 Ground 125 100 70 23 Path
A 1754 -39.10 976.60
P B 1754 -39.10 -0.20 976.60 21.01 1.00 9.36 -91.2 0.0 0.0 Ground 138 110 77 23 Path
A 1755 -39.70 992.20
P B 1755 -39.70 -0.20 992.20 21.01 1.00 9.44 -91.4 0.0 0.0 Ground 136 109 76 23 Path
A 1756 -38.18 1006.82
P B 1756 -38.18 -0.20 1006.82 19.51 1.00 8.47 -73.8 0.0 0.0 Ground 130 104 73 23 Path
A 1757 -34.55 1020.45
P B 1757 -34.55 -0.20 1020.45 19.51 1.00 8.66 -76.0 0.0 0.0 Ground 127 102 71 23 Path
A 1758 -30.91 1034.09
P B 1758 -30.91 -0.20 1034.09 19.51 1.00 8.67 -76.9 0.0 0.0 Ground 137 110 76 23 Path
A 1759 -27.27 1047.73
P B 1759 -27.27 -0.20 1047.73 19.51 1.00 8.19 -74.9 0.0 0.0 Ground 138 111 77 23 Path
A 1760 -23.64 1061.36
P B 1760 -23.64 -0.20 1061.36 19.51 1.00 8.16 -77.0 0.0 0.0 Ground 122 98 68 23 Path
A 1761 -20.00 1075.00
P B 1761 -20.00 -0.20 1075.00 19.51 1.00 8.59 -76.6 0.0 0.0 Ground 128 102 71 23 Path
A 1762 -16.36 1088.64
P B 1762 -16.36 -0.20 1088.64 19.51 1.00 8.16 -73.8 0.0 0.0 Ground 132 106 74 23 Path
A 1763 -12.73 1102.27
P B 1763 -12.73 -0.20 1102.27 19.51 1.00 8.75 -76.5 0.0 0.0 Ground 133 107 74 23 Path
A 1764 -9.09 1115.91
P B 1764 -9.09 -0.20 1115.91 19.51 1.00 9.28 -74.2 0.0 0.0 Ground 133 107 74 23 Path
A 1765 -5.45 1129.55
P B 1765 -5.45 -0.20 1129.55 19.51 1.00 8.48 -76.0 0.0 0.0 Ground 126 101 71 23 Path
A 1766 -1.82 1143.18
P B 1766 -1.82 -0.20 1143.18 19.51 1.00 9.32 -76.5 0.0 0.0 Ground 123 98 68 23 Path
A 1767 1.43 1157.14
P B 1767 1.43 -0.20 1157.14 19.97 1.00 8.33 -79.3 0.0 0.0 Ground 124 100 69 23 Path
A 1768 4.29 1171.43
P B 1768 4.29 -0.20 1171.43 19.97 1.00 9.09 -78.7 0.0 0.0 Ground 138 111 77 23 Path
A 1769 7.14 1185.71
P B 1769 7.14 -0.20 1185.71 19.97 1.00 9.18 -77.9 0.0 0.0 Ground 125 100 70 23 Path
A 1770 10.00 1200.00
P B 1770 10.00 -0.20 1200.00 19.97 1.00 9.39 -77.6 0.0 0.0 Ground 132 106 74 23 Path
A 1771 12.86 1214.29
P B 1771 12.86 -0.20 1214.29 19.97 1.00 8.36 -80.1 0.0 0.0 Ground 121 97 68 23 Path
A 1772 15.71 1228.57
P B 1772 15.71 -0.20 1228.57 19.97 1.00 8.47 -79.2 0.0 0.0 Ground 135 108 75 23 Path
A 1773 18.57 1242.86
P B 1773 18.57 -0.20 1242.86 19.97 1.00 9.35 -77.6 0.0 0.0 Ground 131 105 73 23 Path
A 1774 21.43 1257.14
P B 1774 21.43 -0.20 1257.14 19.97 1.00 8.23 -79.5 0.0 0.0 Ground 134 107 75 23 Path
A 1775 24.29 1271.43
P B 1775 24.29 -0.20 1271.43 19.97 1.00 8.17 -79.0 0.0 0.0 Ground 128 103 72 23 Path
A 1776 27.14 1285.71
P B 1776 27.14 -0.20 1285.71 19.97 1.00 9.21 -77.1 0.0 0.0 Ground 137 110 77 23 Path
A 1777 30.00 1300.00
P B 1777 30.00 -0.20 1300.00 19.97 1.00 8.95 -79.8 0.0 0.0 Ground 131 105 73 23 Path
A 1778 32.86 1314.29
P B 1778 32.86 -0.20 1314.29 19.97 1.00 9.42 -78.6 0.0 0.0 Ground 131 105 73 23 Path
A 1779 35.71 1328.57
P B 1779 35.71 -0.20 1328.57 19.97 1.00 9.25 -76.9 0.0 0.0 Ground 121 97 68 23 Path
A 1780 38.57 1342.86
P B 1780 38.57 -0.20 1342.86 19.97 1.00 8.16 -78.3 0.0 0.0 Ground 125 100 70 23 Path
A 1781 42.14 1357.14
P B 1781 42.14 -0.20 1357.14 20.31 1.00 9.37 -71.6 0.0 0.0 Ground 128 102 71 23 Path
A 1782 46.43 1371.43
P B 1782 46.43 -0.20 1371.43 20.31 1.00 8.24 -72.4 0.0 0.0 Ground 133 107 75 23 Path
A 1783 50.71 1385.71
P B 1783 50.71 -0.20 1385.71 20.31 1.00 8.15 -74.2 0.0 0.0 Ground 135 108 75 23 Path
A 1784 55.00 1400.00
P B 1784 55.00 -0.20 1400.00 20.31 1.00 8.22 -74.6 0.0 0.0 Ground 123 99 69 23 Path
A 1785 59.29 1414.29
P B 1785 59.29 -0.20 1414.29 20.31 1.00 8.67 -75.2 0.0 0.0 Ground 126 101 70 23 Path
A 1786 63.57 1428.57
P B 1786 63.57 -0.20 1428.57 20.31 1.00 8.31 -75.3 0.0 0.0 Ground 134 107 75 23 Path
A 1787 67.86 1442.86
P B 1787 67.86 -0.20 1442.86 20.31 1.00 9.11 -72.9 0.0 0.0 Ground 139 111 77 23 Path
A 1788 72.86 1456.43
P B 1788 72.86 -0.20 1456.43 19.47 1.00 8.99 -66.9 0.0 0.0 Ground 138 111 77 23 Path
A 1789 78.57 1469.29
P B 1789 78.57 -0.20 1469.29 19.47 1.00 8.98 -67.9 0.0 0.0 Ground 123 99 69 23 Path
A 1790 84.29 1482.14
P B 1790 84.29 -0.20 1482.14 19.47 1.00 8.83 -65.9 0.0 0.0 Ground 129 103 72 23 Path
A 1791 90.00 1495.00
P B 1791 90.00 -0.20 1495.00 19.47 1.00 8.65 -64.3 0.0 0.0 Ground 125 100 70 23 Path
A 1792 95.71 1507.86
P B 1792 95.71 -0.20 1507.86 19.47 1.00 8.75 -65.5 0.0 0.0 Ground 131 105 73 23 Path
A 1793 101.43 1520.71
P B 1793 101.43 -0.20 1520.71 19.47 1.00 8.90 -65.9 0.0 0.0 Ground 127 102 71 23 Path
A 1794 107.14 1533.57
P B 1794 107.14 -0.20 1533.57 19.47 1.00 9.20 -64.3 0.0 0.0 Ground 128 103 72 23 Path
A 1795 118.33 1542.83
P B 1795 118.33 -0.20 1542.83 23.00 1.00 8.47 -20.5 0.0 0.0 Ground 139 111 78 23 Path
A 1796 135.00 1548.50
P B 1796 135.00 -0.20 1548.50 23.00 1.00 8.55 -17.9 0.0 0.0 Ground 137 110 76 23 Path
A 1797 151.67 1554.17
P B 1797 151.67 -0.20 1554.17 23.00 1.00 8.97 -18.3 0.0 0.0 Ground 131 105 73 23 Path
A 1798 162.50 1563.92
G 24 길/목장안길
P B 1798 162.50 -0.20 1563.92 18.91 1.00 6.95 -68.2 0.0 0.0 Ground 132 106 74 24 Path
A 1799 167.50 1577.75
P B 1799 167.50 -0.20 1577.75 18.91 1.00 6.43 -68.3 0.0 0.0 Ground 133 107 74 24 Path
A 1800 172.50 1591.58
P B 1800 172.50 -0.20 1591.58 18.91 1.00 7.29 -70.5 0.0 0.0 Ground 124 99 69 24 Path
A 1801 177.50 1605.42
P B 1801 177.50 -0.20 1605.42 18.91 1.00 7.23 -69.8 0.0 0.0 Ground 126 101 70 24 Path
A 1802 182.50 1619.25
P B 1802 182.50 -0.20 1619.25 18.91 1.00 6.34 -70.1 0.0 0.0 Ground 134 108 75 24 Path
A 1803 187.50 1633.08
P B 1803 187.50 -0.20 1633.08 18.91 1.00 7.23 -69.9 0.0 0.0 Ground 123 99 69 24 Path
A 1804 193.33 1646.67
P B 1804 193.33 -0.20 1646.67 19.11 1.00 6.30 -65.4 0.0 0.0 Ground 130 105 73 24 Path
A 1805 200.00 1660.00
P B 1805 200.00 -0.20 1660.00 19.11 1.00 6.83 -62.7 0.0 0.0 Ground 128 103 72 24 Path
A 1806 206.67 1673.33
P B 1806 206.67 -0.20 1673.33 19.11 1.00 6.62 -64.0 0.0 0.0 Ground 135 108 75 24 Path
A 1807 213.33 1686.67
P B 1807 213.33 -0.20 1686.67 19.11 1.00 6.62 -63.4 0.0 0.0 Ground 138 111 77 24 Path
A 1808 220.00 1700.00
P B 1808 220.00 -0.20 1700.00 19.11 1.00 7.20 -65.2 0.0 0.0 Ground 126 101 70 24 Path
A 1809 226.67 1713.33
P B 1809 226.67 -0.20 1713.33 19.11 1.00 6.72 -64.7 0.0 0.0 Ground 126 101 70 24 Path
A 1810 -118.75 1656.88
G 25 길/오름둘레길
P B 1810 -118.75 -0.20 1656.88 19.61 1.00 7.37 -113.8 0.0 0.0 Ground 133 106 74 25 Path
A 1811 -124.25 1670.62
P B 1811 -124.25 -0.20 1670.62 19.61 1.00 7.45 -111.0 0.0 0.0 Ground 133 107 74 25 Path
A 1812 -129.75 1684.38
P B 1812 -129.75 -0.20 1684.38 19.61 1.00 8.03 -112.9 0.0 0.0 Ground 139 112 78 25 Path
A 1813 -135.25 1698.12
P B 1813 -135.25 -0.20 1698.12 19.61 1.00 7.33 -110.4 0.0 0.0 Ground 129 103 72 25 Path
A 1814 -140.75 1711.88
P B 1814 -140.75 -0.20 1711.88 19.61 1.00 7.52 -110.7 0.0 0.0 Ground 132 106 74 25 Path
A 1815 -146.25 1725.62
P B 1815 -146.25 -0.20 1725.62 19.61 1.00 8.10 -110.3 0.0 0.0 Ground 130 105 73 25 Path
A 1816 -151.75 1739.38
P B 1816 -151.75 -0.20 1739.38 19.61 1.00 8.38 -112.0 0.0 0.0 Ground 135 108 75 25 Path
A 1817 -157.25 1753.12
P B 1817 -157.25 -0.20 1753.12 19.61 1.00 7.21 -112.7 0.0 0.0 Ground 129 103 72 25 Path
A 1818 -160.50 1767.00
P B 1818 -160.50 -0.20 1767.00 18.84 1.00 7.86 -95.4 0.0 0.0 Ground 121 97 68 25 Path
A 1819 -161.50 1781.00
P B 1819 -161.50 -0.20 1781.00 18.84 1.00 7.55 -93.6 0.0 0.0 Ground 135 108 75 25 Path
A 1820 -162.50 1795.00
P B 1820 -162.50 -0.20 1795.00 18.84 1.00 7.92 -94.0 0.0 0.0 Ground 122 98 68 25 Path
A 1821 -163.50 1809.00
P B 1821 -163.50 -0.20 1809.00 18.84 1.00 7.75 -94.9 0.0 0.0 Ground 132 106 74 25 Path
A 1822 -164.50 1823.00
P B 1822 -164.50 -0.20 1823.00 18.84 1.00 7.52 -94.8 0.0 0.0 Ground 134 107 75 25 Path
A 1823 -165.50 1837.00
P B 1823 -165.50 -0.20 1837.00 18.84 1.00 7.32 -92.3 0.0 0.0 Ground 124 100 69 25 Path
A 1824 -166.50 1851.00
P B 1824 -166.50 -0.20 1851.00 18.84 1.00 7.87 -93.0 0.0 0.0 Ground 138 111 77 25 Path
A 1825 -167.50 1865.00
P B 1825 -167.50 -0.20 1865.00 18.84 1.00 7.74 -93.1 0.0 0.0 Ground 126 101 70 25 Path
A 1826 -168.50 1879.00
P B 1826 -168.50 -0.20 1879.00 18.84 1.00 8.03 -93.6 0.0 0.0 Ground 128 103 72 25 Path
A 1827 -169.50 1893.00
P B 1827 -169.50 -0.20 1893.00 18.84 1.00 7.90 -95.0 0.0 0.0 Ground 139 111 78 25 Path
A 1828 -167.73 1907.27
P B 1828 -167.73 -0.20 1907.27 20.04 1.00 7.52 -72.8 0.0 0.0 Ground 130 104 72 25 Path
A 1829 -163.18 1921.82
P B 1829 -163.18 -0.20 1921.82 20.04 1.00 7.31 -74.5 0.0 0.0 Ground 135 108 75 25 Path
A 1830 -158.64 1936.36
P B 1830 -158.64 -0.20 1936.36 20.04 1.00 8.12 -72.3 0.0 0.0 Ground 137 110 77 25 Path
A 1831 -154.09 1950.91
P B 1831 -154.09 -0.20 1950.91 20.04 1.00 7.26 -72.9 0.0 0.0 Ground 124 100 69 25 Path
A 1832 -149.55 1965.45
P B 1832 -149.55 -0.20 1965.45 20.04 1.00 8.03 -72.6 0.0 0.0 Ground 138 111 77 25 Path
A 1833 -145.00 1980.00
P B 1833 -145.00 -0.20 1980.00 20.04 1.00 7.34 -71.8 0.0 0.0 Ground 124 99 69 25 Path
A 1834 -140.45 1994.55
P B 1834 -140.45 -0.20 1994.55 20.04 1.00 7.50 -71.1 0.0 0.0 Ground 138 110 77 25 Path
A 1835 -135.91 2009.09
P B 1835 -135.91 -0.20 2009.09 20.04 1.00 7.95 -72.9 0.0 0.0 Ground 131 105 73 25 Path
A 1836 -131.36 2023.64
P B 1836 -131.36 -0.20 2023.64 20.04 1.00 7.97 -70.7 0.0 0.0 Ground 133 107 74 25 Path
A 1837 -126.82 2038.18
P B 1837 -126.82 -0.20 2038.18 20.04 1.00 7.56 -72.5 0.0 0.0 Ground 136 109 76 25 Path
A 1838 -122.27 2052.73
P B 1838 -122.27 -0.20 2052.73 20.04 1.00 7.27 -73.9 0.0 0.0 Ground 128 102 71 25 Path
A 1839 -115.00 2065.00
P B 1839 -115.00 -0.20 2065.00 18.94 1.00 7.54 -45.4 0.0 0.0 Ground 121 97 68 25 Path
A 1840 -105.00 2075.00
P B 1840 -105.00 -0.20 2075.00 18.94 1.00 7.76 -45.2 0.0 0.0 Ground 130 105 73 25 Path
A 1841 -95.00 2085.00
P B 1841 -95.00 -0.20 2085.00 18.94 1.00 7.25 -43.7 0.0 0.0 Ground 124 100 69 25 Path
A 1842 -85.00 2095.00
P B 1842 -85.00 -0.20 2095.00 18.94 1.00 7.94 -43.2 0.0 0.0 Ground 130 104 73 25 Path
A 1843 -75.00 2105.00
P B 1843 -75.00 -0.20 2105.00 18.94 1.00 7.54 -43.5 0.0 0.0 Ground 132 106 74 25 Path
A 1844 -65.00 2115.00
P B 1844 -65.00 -0.20 2115.00 18.94 1.00 7.31 -46.5 0.0 0.0 Ground 139 112 78 25 Path
A 1845 -55.00 2125.00
P B 1845 -55.00 -0.20 2125.00 18.94 1.00 7.59 -45.1 0.0 0.0 Ground 128 102 71 25 Path
A 1846 -45.00 2135.00
P B 1846 -45.00 -0.20 2135.00 18.94 1.00 7.96 -46.3 0.0 0.0 Ground 127 101 71 25 Path
A 1847 -35.00 2145.00
P B 1847 -35.00 -0.20 2145.00 18.94 1.00 8.22 -46.0 0.0 0.0 Ground 138 111 77 25 Path
A 1848 -25.00 2155.00
P B 1848 -25.00 -0.20 2155.00 18.94 1.00 8.26 -44.9 0.0 0.0 Ground 123 99 69 25 Path
A 1849 -15.00 2165.00
P B 1849 -15.00 -0.20 2165.00 18.94 1.00 7.74 -45.2 0.0 0.0 Ground 132 106 74 25 Path
A 1850 -5.00 2175.00
P B 1850 -5.00 -0.20 2175.00 18.94 1.00 7.84 -45.8 0.0 0.0 Ground 126 101 71 25 Path
A 1851 7.14 2181.79
P B 1851 7.14 -0.20 2181.79 19.53 1.00 7.84 -12.4 0.0 0.0 Ground 137 110 76 25 Path
A 1852 21.43 2185.36
P B 1852 21.43 -0.20 2185.36 19.53 1.00 8.25 -12.3 0.0 0.0 Ground 125 100 70 25 Path
A 1853 35.71 2188.93
P B 1853 35.71 -0.20 2188.93 19.53 1.00 8.19 -15.7 0.0 0.0 Ground 138 111 77 25 Path
A 1854 50.00 2192.50
P B 1854 50.00 -0.20 2192.50 19.53 1.00 7.98 -12.4 0.0 0.0 Ground 123 99 69 25 Path
A 1855 64.29 2196.07
P B 1855 64.29 -0.20 2196.07 19.53 1.00 7.71 -14.7 0.0 0.0 Ground 132 106 74 25 Path
A 1856 78.57 2199.64
P B 1856 78.57 -0.20 2199.64 19.53 1.00 7.93 -14.7 0.0 0.0 Ground 133 107 74 25 Path
A 1857 92.86 2203.21
P B 1857 92.86 -0.20 2203.21 19.53 1.00 8.23 -14.0 0.0 0.0 Ground 128 103 72 25 Path
A 1858 107.14 2206.79
P B 1858 107.14 -0.20 2206.79 19.53 1.00 8.13 -15.0 0.0 0.0 Ground 122 98 68 25 Path
A 1859 121.43 2210.36
P B 1859 121.43 -0.20 2210.36 19.53 1.00 7.73 -14.9 0.0 0.0 Ground 121 97 68 25 Path
A 1860 135.71 2213.93
P B 1860 135.71 -0.20 2213.93 19.53 1.00 7.93 -14.8 0.0 0.0 Ground 121 97 68 25 Path
A 1861 150.00 2217.50
P B 1861 150.00 -0.20 2217.50 19.53 1.00 8.21 -14.8 0.0 0.0 Ground 122 98 68 25 Path
A 1862 164.29 2221.07
P B 1862 164.29 -0.20 2221.07 19.53 1.00 8.29 -13.1 0.0 0.0 Ground 135 108 75 25 Path
A 1863 178.57 2224.64
P B 1863 178.57 -0.20 2224.64 19.53 1.00 7.44 -15.8 0.0 0.0 Ground 134 108 75 25 Path
A 1864 192.86 2228.21
P B 1864 192.86 -0.20 2228.21 19.53 1.00 7.69 -12.4 0.0 0.0 Ground 123 98 68 25 Path
A 1865 207.14 2229.29
P B 1865 207.14 -0.20 2229.29 19.16 1.00 7.83 6.7 0.0 0.0 Ground 124 100 69 25 Path
A 1866 221.43 2227.86
P B 1866 221.43 -0.20 2227.86 19.16 1.00 8.08 7.3 0.0 0.0 Ground 135 108 75 25 Path
A 1867 235.71 2226.43
P B 1867 235.71 -0.20 2226.43 19.16 1.00 8.39 4.6 0.0 0.0 Ground 131 105 73 25 Path
A 1868 250.00 2225.00
P B 1868 250.00 -0.20 2225.00 19.16 1.00 8.11 4.0 0.0 0.0 Ground 130 104 73 25 Path
A 1869 264.29 2223.57
P B 1869 264.29 -0.20 2223.57 19.16 1.00 8.18 5.3 0.0 0.0 Ground 125 100 70 25 Path
A 1870 278.57 2222.14
P B 1870 278.57 -0.20 2222.14 19.16 1.00 7.63 5.5 0.0 0.0 Ground 131 105 73 25 Path
A 1871 292.86 2220.71
P B 1871 292.86 -0.20 2220.71 19.16 1.00 7.74 7.2 0.0 0.0 Ground 128 103 72 25 Path
A 1872 307.14 2219.29
P B 1872 307.14 -0.20 2219.29 19.16 1.00 8.24 6.9 0.0 0.0 Ground 134 107 75 25 Path
A 1873 321.43 2217.86
P B 1873 321.43 -0.20 2217.86 19.16 1.00 8.38 5.0 0.0 0.0 Ground 129 103 72 25 Path
A 1874 335.71 2216.43
P B 1874 335.71 -0.20 2216.43 19.16 1.00 7.77 4.3 0.0 0.0 Ground 134 107 75 25 Path
A 1875 350.00 2215.00
P B 1875 350.00 -0.20 2215.00 19.16 1.00 8.01 4.8 0.0 0.0 Ground 136 109 76 25 Path
A 1876 364.29 2213.57
P B 1876 364.29 -0.20 2213.57 19.16 1.00 7.51 7.1 0.0 0.0 Ground 126 101 70 25 Path
A 1877 378.57 2212.14
P B 1877 378.57 -0.20 2212.14 19.16 1.00 7.67 6.5 0.0 0.0 Ground 124 99 69 25 Path
A 1878 392.86 2210.71
P B 1878 392.86 -0.20 2210.71 19.16 1.00 8.22 6.7 0.0 0.0 Ground 130 104 73 25 Path
A 1879 407.50 2208.12
P B 1879 407.50 -0.20 2208.12 20.26 1.00 7.54 16.0 0.0 0.0 Ground 131 105 73 25 Path
A 1880 422.50 2204.38
P B 1880 422.50 -0.20 2204.38 20.26 1.00 7.42 12.6 0.0 0.0 Ground 130 105 73 25 Path
A 1881 437.50 2200.62
P B 1881 437.50 -0.20 2200.62 20.26 1.00 8.18 12.2 0.0 0.0 Ground 128 103 72 25 Path
A 1882 452.50 2196.88
P B 1882 452.50 -0.20 2196.88 20.26 1.00 7.74 14.2 0.0 0.0 Ground 129 103 72 25 Path
A 1883 467.50 2193.12
P B 1883 467.50 -0.20 2193.12 20.26 1.00 8.13 15.7 0.0 0.0 Ground 131 105 73 25 Path
A 1884 482.50 2189.38
P B 1884 482.50 -0.20 2189.38 20.26 1.00 8.39 14.7 0.0 0.0 Ground 131 105 73 25 Path
A 1885 497.50 2185.62
P B 1885 497.50 -0.20 2185.62 20.26 1.00 7.43 14.0 0.0 0.0 Ground 136 109 76 25 Path
A 1886 512.50 2181.88
P B 1886 512.50 -0.20 2181.88 20.26 1.00 7.31 15.9 0.0 0.0 Ground 130 105 73 25 Path
A 1887 526.67 2176.00
P B 1887 526.67 -0.20 2176.00 20.35 1.00 7.84 31.3 0.0 0.0 Ground 132 106 74 25 Path
A 1888 540.00 2168.00
P B 1888 540.00 -0.20 2168.00 20.35 1.00 8.11 31.7 0.0 0.0 Ground 139 111 78 25 Path
A 1889 553.33 2160.00
P B 1889 553.33 -0.20 2160.00 20.35 1.00 7.78 31.9 0.0 0.0 Ground 128 103 71 25 Path
A 1890 566.67 2152.00
P B 1890 566.67 -0.20 2152.00 20.35 1.00 8.16 29.7 0.0 0.0 Ground 139 111 78 25 Path
A 1891 580.00 2144.00
P B 1891 580.00 -0.20 2144.00 20.35 1.00 7.58 31.3 0.0 0.0 Ground 124 99 69 25 Path
A 1892 593.33 2136.00
P B 1892 593.33 -0.20 2136.00 20.35 1.00 7.27 32.6 0.0 0.0 Ground 133 106 74 25 Path
A 1893 549.00 902.92
G 26 길/동쪽밭길
P B 1893 549.00 -0.20 902.92 21.36 1.00 8.92 -81.9 0.0 0.0 Ground 127 102 71 26 Path
A 1894 551.00 918.75
P B 1894 551.00 -0.20 918.75 21.36 1.00 8.99 -83.2 0.0 0.0 Ground 136 109 76 26 Path
A 1895 553.00 934.58
P B 1895 553.00 -0.20 934.58 21.36 1.00 9.26 -83.1 0.0 0.0 Ground 124 100 69 26 Path
A 1896 555.00 950.42
P B 1896 555.00 -0.20 950.42 21.36 1.00 9.40 -83.3 0.0 0.0 Ground 125 100 70 26 Path
A 1897 557.00 966.25
P B 1897 557.00 -0.20 966.25 21.36 1.00 9.31 -82.3 0.0 0.0 Ground 137 110 76 26 Path
A 1898 559.00 982.08
P B 1898 559.00 -0.20 982.08 21.36 1.00 9.16 -81.8 0.0 0.0 Ground 138 111 77 26 Path
A 1899 560.00 998.20
P B 1899 560.00 -0.20 998.20 21.80 1.00 9.45 -90.3 0.0 0.0 Ground 131 105 73 26 Path
A 1900 560.00 1014.60
P B 1900 560.00 -0.20 1014.60 21.80 1.00 9.40 -91.9 0.0 0.0 Ground 129 104 72 26 Path
A 1901 560.00 1031.00
P B 1901 560.00 -0.20 1031.00 21.80 1.00 8.82 -88.4 0.0 0.0 Ground 123 99 69 26 Path
A 1902 560.00 1047.40
P B 1902 560.00 -0.20 1047.40 21.80 1.00 8.35 -88.9 0.0 0.0 Ground 131 105 73 26 Path
A 1903 560.00 1063.80
P B 1903 560.00 -0.20 1063.80 21.80 1.00 9.11 -90.0 0.0 0.0 Ground 127 102 71 26 Path
A 1904 559.00 1079.33
P B 1904 559.00 -0.20 1079.33 20.20 1.00 8.77 -97.9 0.0 0.0 Ground 128 103 71 26 Path
A 1905 557.00 1094.00
P B 1905 557.00 -0.20 1094.00 20.20 1.00 8.46 -98.3 0.0 0.0 Ground 126 101 70 26 Path
A 1906 555.00 1108.67
P B 1906 555.00 -0.20 1108.67 20.20 1.00 8.35 -96.6 0.0 0.0 Ground 122 98 68 26 Path
A 1907 553.00 1123.33
P B 1907 553.00 -0.20 1123.33 20.20 1.00 8.95 -98.1 0.0 0.0 Ground 129 103 72 26 Path
A 1908 551.00 1138.00
P B 1908 551.00 -0.20 1138.00 20.20 1.00 8.64 -98.0 0.0 0.0 Ground 123 99 69 26 Path
A 1909 549.00 1152.67
P B 1909 549.00 -0.20 1152.67 20.20 1.00 8.76 -95.8 0.0 0.0 Ground 137 110 77 26 Path
A 1910 546.92 1167.50
P B 1910 546.92 -0.20 1167.50 20.56 1.00 9.42 -100.2 0.0 0.0 Ground 132 106 74 26 Path
A 1911 544.75 1182.50
P B 1911 544.75 -0.20 1182.50 20.56 1.00 9.01 -99.3 0.0 0.0 Ground 132 106 74 26 Path
A 1912 542.58 1197.50
P B 1912 542.58 -0.20 1197.50 20.56 1.00 9.19 -97.7 0.0 0.0 Ground 127 102 71 26 Path
A 1913 540.42 1212.50
P B 1913 540.42 -0.20 1212.50 20.56 1.00 8.21 -97.8 0.0 0.0 Ground 124 100 69 26 Path
A 1914 538.25 1227.50
P B 1914 538.25 -0.20 1227.50 20.56 1.00 9.37 -98.3 0.0 0.0 Ground 121 97 68 26 Path
A 1915 536.08 1242.50
P B 1915 536.08 -0.20 1242.50 20.56 1.00 8.58 -99.5 0.0 0.0 Ground 137 110 77 26 Path
A 1916 534.58 1257.50
P B 1916 534.58 -0.20 1257.50 20.42 1.00 9.40 -94.9 0.0 0.0 Ground 122 98 68 26 Path
A 1917 533.75 1272.50
P B 1917 533.75 -0.20 1272.50 20.42 1.00 8.92 -94.0 0.0 0.0 Ground 133 107 75 26 Path
A 1918 532.92 1287.50
P B 1918 532.92 -0.20 1287.50 20.42 1.00 8.52 -93.5 0.0 0.0 Ground 127 102 71 26 Path
A 1919 532.08 1302.50
P B 1919 532.08 -0.20 1302.50 20.42 1.00 9.11 -91.7 0.0 0.0 Ground 125 100 70 26 Path
A 1920 531.25 1317.50
P B 1920 531.25 -0.20 1317.50 20.42 1.00 8.57 -94.4 0.0 0.0 Ground 132 106 74 26 Path
A 1921 530.42 1332.50
P B 1921 530.42 -0.20 1332.50 20.42 1.00 8.22 -94.6 0.0 0.0 Ground 134 107 75 26 Path
A 1922 530.83 1347.67
P B 1922 530.83 -0.20 1347.67 20.82 1.00 9.10 -85.3 0.0 0.0 Ground 135 108 76 26 Path
A 1923 532.50 1363.00
P B 1923 532.50 -0.20 1363.00 20.82 1.00 8.22 -83.2 0.0 0.0 Ground 128 103 72 26 Path
A 1924 534.17 1378.33
P B 1924 534.17 -0.20 1378.33 20.82 1.00 9.29 -84.1 0.0 0.0 Ground 124 99 69 26 Path
A 1925 535.83 1393.67
P B 1925 535.83 -0.20 1393.67 20.82 1.00 9.07 -85.1 0.0 0.0 Ground 127 102 71 26 Path
A 1926 537.50 1409.00
P B 1926 537.50 -0.20 1409.00 20.82 1.00 8.16 -83.5 0.0 0.0 Ground 136 109 76 26 Path
A 1927 539.17 1424.33
P B 1927 539.17 -0.20 1424.33 20.82 1.00 8.95 -84.9 0.0 0.0 Ground 125 100 70 26 Path
A 1928 544.29 1438.29
P B 1928 544.29 -0.20 1438.29 20.62 1.00 9.25 -54.7 0.0 0.0 Ground 132 106 74 26 Path
A 1929 552.86 1450.86
P B 1929 552.86 -0.20 1450.86 20.62 1.00 9.17 -57.6 0.0 0.0 Ground 131 105 73 26 Path
A 1930 561.43 1463.43
P B 1930 561.43 -0.20 1463.43 20.62 1.00 9.35 -55.9 0.0 0.0 Ground 136 109 76 26 Path
A 1931 570.00 1476.00
P B 1931 570.00 -0.20 1476.00 20.62 1.00 8.32 -55.9 0.0 0.0 Ground 129 104 72 26 Path
A 1932 578.57 1488.57
P B 1932 578.57 -0.20 1488.57 20.62 1.00 8.41 -55.5 0.0 0.0 Ground 123 99 69 26 Path
A 1933 587.14 1501.14
P B 1933 587.14 -0.20 1501.14 20.62 1.00 8.85 -54.8 0.0 0.0 Ground 134 107 75 26 Path
A 1934 595.71 1513.71
P B 1934 595.71 -0.20 1513.71 20.62 1.00 8.74 -56.8 0.0 0.0 Ground 132 106 74 26 Path
A 1935 607.14 1522.86
P B 1935 607.14 -0.20 1522.86 20.79 1.00 8.40 -21.9 0.0 0.0 Ground 124 100 69 26 Path
A 1936 621.43 1528.57
P B 1936 621.43 -0.20 1528.57 20.79 1.00 8.64 -23.7 0.0 0.0 Ground 126 101 71 26 Path
A 1937 635.71 1534.29
P B 1937 635.71 -0.20 1534.29 20.79 1.00 8.69 -23.5 0.0 0.0 Ground 126 101 71 26 Path
A 1938 650.00 1540.00
P B 1938 650.00 -0.20 1540.00 20.79 1.00 8.82 -20.2 0.0 0.0 Ground 125 100 70 26 Path
A 1939 664.29 1545.71
P B 1939 664.29 -0.20 1545.71 20.79 1.00 8.32 -23.6 0.0 0.0 Ground 129 104 72 26 Path
A 1940 678.57 1551.43
P B 1940 678.57 -0.20 1551.43 20.79 1.00 9.10 -21.2 0.0 0.0 Ground 129 104 72 26 Path
A 1941 692.86 1557.14
P B 1941 692.86 -0.20 1557.14 20.79 1.00 8.11 -20.0 0.0 0.0 Ground 122 98 68 26 Path
A 1942 707.50 1561.25
P B 1942 707.50 -0.20 1561.25 20.61 1.00 9.20 -10.4 0.0 0.0 Ground 138 111 77 26 Path
A 1943 722.50 1563.75
P B 1943 722.50 -0.20 1563.75 20.61 1.00 9.20 -9.6 0.0 0.0 Ground 135 108 75 26 Path
A 1944 737.50 1566.25
P B 1944 737.50 -0.20 1566.25 20.61 1.00 9.09 -7.7 0.0 0.0 Ground 133 107 75 26 Path
A 1945 752.50 1568.75
P B 1945 752.50 -0.20 1568.75 20.61 1.00 9.19 -10.5 0.0 0.0 Ground 127 102 71 26 Path
A 1946 757.86 1576.79
G 27 길/포구길
P B 1946 757.86 -0.20 1576.79 19.03 1.00 7.47 -106.3 0.0 0.0 Ground 123 98 69 27 Path
A 1947 753.57 1590.36
P B 1947 753.57 -0.20 1590.36 19.03 1.00 7.70 -106.2 0.0 0.0 Ground 129 103 72 27 Path
A 1948 749.29 1603.93
P B 1948 749.29 -0.20 1603.93 19.03 1.00 7.40 -106.7 0.0 0.0 Ground 129 104 72 27 Path
A 1949 745.00 1617.50
P B 1949 745.00 -0.20 1617.50 19.03 1.00 7.24 -105.5 0.0 0.0 Ground 135 108 75 27 Path
A 1950 740.71 1631.07
P B 1950 740.71 -0.20 1631.07 19.03 1.00 7.22 -107.6 0.0 0.0 Ground 127 102 71 27 Path
A 1951 736.43 1644.64
P B 1951 736.43 -0.20 1644.64 19.03 1.00 7.84 -108.0 0.0 0.0 Ground 128 103 71 27 Path
A 1952 732.14 1658.21
P B 1952 732.14 -0.20 1658.21 19.03 1.00 7.45 -106.7 0.0 0.0 Ground 123 99 69 27 Path
A 1953 727.86 1671.79
P B 1953 727.86 -0.20 1671.79 19.03 1.00 8.14 -107.1 0.0 0.0 Ground 135 108 75 27 Path
A 1954 723.57 1685.36
P B 1954 723.57 -0.20 1685.36 19.03 1.00 7.75 -106.8 0.0 0.0 Ground 122 98 68 27 Path
A 1955 719.29 1698.93
P B 1955 719.29 -0.20 1698.93 19.03 1.00 7.51 -107.9 0.0 0.0 Ground 129 104 72 27 Path
A 1956 715.00 1712.50
P B 1956 715.00 -0.20 1712.50 19.03 1.00 7.51 -108.9 0.0 0.0 Ground 138 111 77 27 Path
A 1957 710.71 1726.07
P B 1957 710.71 -0.20 1726.07 19.03 1.00 7.36 -108.4 0.0 0.0 Ground 138 111 77 27 Path
A 1958 706.43 1739.64
P B 1958 706.43 -0.20 1739.64 19.03 1.00 8.03 -106.5 0.0 0.0 Ground 133 107 75 27 Path
A 1959 702.14 1753.21
P B 1959 702.14 -0.20 1753.21 19.03 1.00 7.56 -107.3 0.0 0.0 Ground 126 101 71 27 Path
A 1960 698.46 1767.31
P B 1960 698.46 -0.20 1767.31 19.74 1.00 7.93 -102.7 0.0 0.0 Ground 131 105 73 27 Path
A 1961 695.38 1781.92
P B 1961 695.38 -0.20 1781.92 19.74 1.00 8.29 -103.8 0.0 0.0 Ground 128 103 72 27 Path
A 1962 692.31 1796.54
P B 1962 692.31 -0.20 1796.54 19.74 1.00 8.29 -103.8 0.0 0.0 Ground 132 106 74 27 Path
A 1963 689.23 1811.15
P B 1963 689.23 -0.20 1811.15 19.74 1.00 8.35 -103.6 0.0 0.0 Ground 133 107 75 27 Path
A 1964 686.15 1825.77
P B 1964 686.15 -0.20 1825.77 19.74 1.00 7.36 -101.5 0.0 0.0 Ground 121 97 68 27 Path
A 1965 683.08 1840.38
P B 1965 683.08 -0.20 1840.38 19.74 1.00 7.98 -100.5 0.0 0.0 Ground 127 102 71 27 Path
A 1966 680.00 1855.00
P B 1966 680.00 -0.20 1855.00 19.74 1.00 7.32 -100.7 0.0 0.0 Ground 133 107 74 27 Path
A 1967 676.92 1869.62
P B 1967 676.92 -0.20 1869.62 19.74 1.00 7.61 -102.9 0.0 0.0 Ground 134 108 75 27 Path
A 1968 673.85 1884.23
P B 1968 673.85 -0.20 1884.23 19.74 1.00 7.54 -102.6 0.0 0.0 Ground 134 108 75 27 Path
A 1969 670.77 1898.85
P B 1969 670.77 -0.20 1898.85 19.74 1.00 7.81 -101.3 0.0 0.0 Ground 131 105 73 27 Path
A 1970 667.69 1913.46
P B 1970 667.69 -0.20 1913.46 19.74 1.00 8.07 -102.8 0.0 0.0 Ground 125 100 70 27 Path
A 1971 664.62 1928.08
P B 1971 664.62 -0.20 1928.08 19.74 1.00 7.40 -102.0 0.0 0.0 Ground 128 103 72 27 Path
A 1972 661.54 1942.69
P B 1972 661.54 -0.20 1942.69 19.74 1.00 7.42 -101.9 0.0 0.0 Ground 127 102 71 27 Path
A 1973 660.00 1957.22
P B 1973 660.00 -0.20 1957.22 19.24 1.00 8.12 -88.1 0.0 0.0 Ground 133 106 74 27 Path
A 1974 660.00 1971.67
P B 1974 660.00 -0.20 1971.67 19.24 1.00 7.89 -91.2 0.0 0.0 Ground 124 99 69 27 Path
A 1975 660.00 1986.11
P B 1975 660.00 -0.20 1986.11 19.24 1.00 7.70 -90.6 0.0 0.0 Ground 128 102 71 27 Path
A 1976 660.00 2000.56
P B 1976 660.00 -0.20 2000.56 19.24 1.00 7.98 -89.9 0.0 0.0 Ground 125 100 70 27 Path
A 1977 660.00 2015.00
P B 1977 660.00 -0.20 2015.00 19.24 1.00 8.33 -90.8 0.0 0.0 Ground 121 97 68 27 Path
A 1978 660.00 2029.44
P B 1978 660.00 -0.20 2029.44 19.24 1.00 7.42 -88.4 0.0 0.0 Ground 138 111 77 27 Path
A 1979 660.00 2043.89
P B 1979 660.00 -0.20 2043.89 19.24 1.00 7.54 -91.8 0.0 0.0 Ground 136 109 76 27 Path
A 1980 660.00 2058.33
P B 1980 660.00 -0.20 2058.33 19.24 1.00 7.75 -90.4 0.0 0.0 Ground 133 107 74 27 Path
A 1981 660.00 2072.78
P B 1981 660.00 -0.20 2072.78 19.24 1.00 8.29 -91.6 0.0 0.0 Ground 137 110 76 27 Path
A 1982 663.75 2086.75
P B 1982 663.75 -0.20 2086.75 20.24 1.00 8.02 -60.3 0.0 0.0 Ground 123 98 69 27 Path
A 1983 671.25 2100.25
P B 1983 671.25 -0.20 2100.25 20.24 1.00 7.89 -62.5 0.0 0.0 Ground 127 102 71 27 Path
A 1984 678.75 2113.75
P B 1984 678.75 -0.20 2113.75 20.24 1.00 8.26 -60.2 0.0 0.0 Ground 129 104 72 27 Path
A 1985 686.25 2127.25
P B 1985 686.25 -0.20 2127.25 20.24 1.00 7.50 -59.5 0.0 0.0 Ground 138 111 77 27 Path
A 1986 -166.43 1755.71
G 28 길/봉수길
P B 1986 -166.43 -0.20 1755.71 19.05 1.00 5.46 145.9 0.0 0.0 Ground 133 106 74 28 Path
A 1987 -179.29 1747.14
P B 1987 -179.29 -0.20 1747.14 19.05 1.00 5.85 147.5 0.0 0.0 Ground 139 111 78 28 Path
A 1988 -192.14 1738.57
P B 1988 -192.14 -0.20 1738.57 19.05 1.00 5.71 147.6 0.0 0.0 Ground 134 108 75 28 Path
A 1989 -205.00 1730.00
P B 1989 -205.00 -0.20 1730.00 19.05 1.00 5.44 146.1 0.0 0.0 Ground 122 98 68 28 Path
A 1990 -217.86 1721.43
P B 1990 -217.86 -0.20 1721.43 19.05 1.00 5.66 145.6 0.0 0.0 Ground 133 107 74 28 Path
A 1991 -230.71 1712.86
P B 1991 -230.71 -0.20 1712.86 19.05 1.00 6.25 146.0 0.0 0.0 Ground 131 105 73 28 Path
A 1992 -243.57 1704.29
P B 1992 -243.57 -0.20 1704.29 19.05 1.00 6.04 144.6 0.0 0.0 Ground 136 109 76 28 Path
A 1993 -255.00 1694.00
P B 1993 -255.00 -0.20 1694.00 19.22 1.00 5.82 131.7 0.0 0.0 Ground 129 104 72 28 Path
A 1994 -265.00 1682.00
P B 1994 -265.00 -0.20 1682.00 19.22 1.00 5.89 131.0 0.0 0.0 Ground 134 107 75 28 Path
A 1995 -275.00 1670.00
P B 1995 -275.00 -0.20 1670.00 19.22 1.00 6.15 130.9 0.0 0.0 Ground 126 101 71 28 Path
A 1996 -285.00 1658.00
P B 1996 -285.00 -0.20 1658.00 19.22 1.00 5.93 131.2 0.0 0.0 Ground 128 103 72 28 Path
A 1997 -295.00 1646.00
P B 1997 -295.00 -0.20 1646.00 19.22 1.00 5.85 128.6 0.0 0.0 Ground 121 97 68 28 Path
A 1998 -127.22 2057.22
G 29 길/곶자왈길
P B 1998 -127.22 -0.20 2057.22 19.08 1.00 5.76 157.4 0.0 0.0 Ground 130 105 73 29 Path
A 1999 -141.67 2051.67
P B 1999 -141.67 -0.20 2051.67 19.08 1.00 6.29 160.7 0.0 0.0 Ground 127 102 71 29 Path
A 2000 -156.11 2046.11
P B 2000 -156.11 -0.20 2046.11 19.08 1.00 5.77 159.0 0.0 0.0 Ground 139 111 78 29 Path
A 2001 -170.56 2040.56
P B 2001 -170.56 -0.20 2040.56 19.08 1.00 6.28 160.3 0.0 0.0 Ground 122 98 68 29 Path
A 2002 -185.00 2035.00
P B 2002 -185.00 -0.20 2035.00 19.08 1.00 6.15 158.3 0.0 0.0 Ground 134 107 75 29 Path
A 2003 -199.44 2029.44
P B 2003 -199.44 -0.20 2029.44 19.08 1.00 5.80 158.0 0.0 0.0 Ground 134 108 75 29 Path
A 2004 -213.89 2023.89
P B 2004 -213.89 -0.20 2023.89 19.08 1.00 6.11 157.9 0.0 0.0 Ground 124 99 69 29 Path
A 2005 -228.33 2018.33
P B 2005 -228.33 -0.20 2018.33 19.08 1.00 5.43 157.1 0.0 0.0 Ground 133 107 75 29 Path
A 2006 -242.78 2012.78
P B 2006 -242.78 -0.20 2012.78 19.08 1.00 6.10 161.0 0.0 0.0 Ground 134 108 75 29 Path
A 2007 -256.50 2013.50
P B 2007 -256.50 -0.20 2013.50 18.36 1.00 5.91 -150.5 0.0 0.0 Ground 133 107 74 29 Path
A 2008 -269.50 2020.50
P B 2008 -269.50 -0.20 2020.50 18.36 1.00 6.14 -151.2 0.0 0.0 Ground 138 111 77 29 Path
A 2009 -282.50 2027.50
P B 2009 -282.50 -0.20 2027.50 18.36 1.00 6.25 -151.0 0.0 0.0 Ground 136 109 76 29 Path
A 2010 -295.50 2034.50
P B 2010 -295.50 -0.20 2034.50 18.36 1.00 5.57 -152.9 0.0 0.0 Ground 125 100 70 29 Path
A 2011 -308.50 2041.50
P B 2011 -308.50 -0.20 2041.50 18.36 1.00 5.81 -151.4 0.0 0.0 Ground 134 107 75 29 Path
A 2012 -321.50 2048.50
P B 2012 -321.50 -0.20 2048.50 18.36 1.00 5.75 -150.4 0.0 0.0 Ground 126 101 70 29 Path
A 2013 -334.50 2055.50
P B 2013 -334.50 -0.20 2055.50 18.36 1.00 5.84 -150.2 0.0 0.0 Ground 123 99 69 29 Path
A 2014 -347.50 2062.50
P B 2014 -347.50 -0.20 2062.50 18.36 1.00 6.10 -150.8 0.0 0.0 Ground 129 104 72 29 Path
A 2015 -360.50 2069.50
P B 2015 -360.50 -0.20 2069.50 18.36 1.00 5.80 -152.6 0.0 0.0 Ground 132 106 74 29 Path
A 2016 -373.50 2076.50
P B 2016 -373.50 -0.20 2076.50 18.36 1.00 5.70 -152.7 0.0 0.0 Ground 132 106 74 29 Path
A 2017 -384.17 2086.67
P B 2017 -384.17 -0.20 2086.67 19.32 1.00 6.14 -122.7 0.0 0.0 Ground 132 106 74 29 Path
A 2018 -392.50 2100.00
P B 2018 -392.50 -0.20 2100.00 19.32 1.00 5.93 -122.8 0.0 0.0 Ground 129 103 72 29 Path
A 2019 -400.83 2113.33
P B 2019 -400.83 -0.20 2113.33 19.32 1.00 6.14 -123.0 0.0 0.0 Ground 121 97 68 29 Path
A 2020 -409.17 2126.67
P B 2020 -409.17 -0.20 2126.67 19.32 1.00 5.44 -123.7 0.0 0.0 Ground 138 111 77 29 Path
A 2021 -417.50 2140.00
P B 2021 -417.50 -0.20 2140.00 19.32 1.00 5.57 -121.0 0.0 0.0 Ground 123 99 69 29 Path
A 2022 -425.83 2153.33
P B 2022 -425.83 -0.20 2153.33 19.32 1.00 5.61 -122.9 0.0 0.0 Ground 133 107 74 29 Path
A 2023 846.11 2181.39
G 30 길/송악길
P B 2023 846.11 -0.20 2181.39 17.80 1.00 6.07 30.2 0.0 0.0 Ground 122 98 68 30 Path
A 2024 858.33 2174.17
P B 2024 858.33 -0.20 2174.17 17.80 1.00 6.05 30.1 0.0 0.0 Ground 128 103 72 30 Path
A 2025 870.56 2166.94
P B 2025 870.56 -0.20 2166.94 17.80 1.00 6.14 30.6 0.0 0.0 Ground 126 101 70 30 Path
A 2026 882.78 2159.72
P B 2026 882.78 -0.20 2159.72 17.80 1.00 5.92 31.3 0.0 0.0 Ground 134 107 75 30 Path
A 2027 895.00 2152.50
P B 2027 895.00 -0.20 2152.50 17.80 1.00 6.05 32.5 0.0 0.0 Ground 130 105 73 30 Path
A 2028 907.22 2145.28
P B 2028 907.22 -0.20 2145.28 17.80 1.00 6.00 31.0 0.0 0.0 Ground 138 111 77 30 Path
A 2029 919.44 2138.06
P B 2029 919.44 -0.20 2138.06 17.80 1.00 5.69 30.1 0.0 0.0 Ground 124 100 69 30 Path
A 2030 931.67 2130.83
P B 2030 931.67 -0.20 2130.83 17.80 1.00 5.66 31.6 0.0 0.0 Ground 136 109 76 30 Path
A 2031 943.89 2123.61
P B 2031 943.89 -0.20 2123.61 17.80 1.00 5.84 32.2 0.0 0.0 Ground 130 104 73 30 Path
A 2032 955.71 2115.71
P B 2032 955.71 -0.20 2115.71 17.89 1.00 5.82 37.5 0.0 0.0 Ground 132 106 74 30 Path
A 2033 967.14 2107.14
P B 2033 967.14 -0.20 2107.14 17.89 1.00 5.73 35.3 0.0 0.0 Ground 136 109 76 30 Path
A 2034 978.57 2098.57
P B 2034 978.57 -0.20 2098.57 17.89 1.00 6.15 36.1 0.0 0.0 Ground 131 105 73 30 Path
A 2035 990.00 2090.00
P B 2035 990.00 -0.20 2090.00 17.89 1.00 6.10 37.1 0.0 0.0 Ground 124 100 70 30 Path
A 2036 1001.43 2081.43
P B 2036 1001.43 -0.20 2081.43 17.89 1.00 5.46 36.3 0.0 0.0 Ground 123 99 69 30 Path
A 2037 1012.86 2072.86
P B 2037 1012.86 -0.20 2072.86 17.89 1.00 5.63 35.0 0.0 0.0 Ground 121 97 68 30 Path
A 2038 1024.29 2064.29
P B 2038 1024.29 -0.20 2064.29 17.89 1.00 6.19 37.6 0.0 0.0 Ground 128 103 71 30 Path
A 2039 -615.00 1250.00
G 31 바위
P B 2039 -615.00 2.25 1250.00 9.00 6.48 7.56 20.0 6.0 3.0 Basalt 52 50 54 31 Rock
P B 2039 -618.22 1.62 1251.58 5.58 4.50 4.95 57.0 -6.0 0.0 Basalt 58 56 60 31 Rock
A 2040 -640.00 1330.00
P B 2040 -640.00 3.00 1330.00 12.00 8.64 10.08 70.0 -8.0 -4.0 Basalt 46 44 46 31 Rock
P B 2040 -639.92 2.16 1333.46 7.44 6.00 6.60 107.0 8.0 0.0 Basalt 51 49 51 31 Rock
A 2041 -610.00 1420.00
P B 2041 -610.00 1.75 1420.00 7.00 5.04 5.88 10.0 4.0 2.0 Basalt 52 50 54 31 Rock
P B 2041 -608.66 1.26 1421.30 4.34 3.50 3.85 47.0 -4.0 0.0 Basalt 58 56 60 31 Rock
A 2042 -600.00 1550.00
P B 2042 -600.00 2.50 1550.00 10.00 7.20 8.40 45.0 10.0 5.0 Basalt 46 44 46 31 Rock
P B 2042 -601.90 1.80 1552.52 6.20 5.00 5.50 82.0 -10.0 0.0 Basalt 51 49 51 31 Rock
A 2043 -575.00 1700.00 -3.80
P B 2043 -575.00 2.00 1700.00 8.00 5.76 6.72 80.0 -5.0 -2.5 Basalt 46 44 46 31 Rock
P B 2043 -574.58 1.44 1698.44 4.96 4.00 4.40 117.0 5.0 0.0 Basalt 51 49 51 31 Rock
A 2044 -610.00 1830.00 -3.80
P B 2044 -610.00 3.25 1830.00 13.00 9.36 10.92 25.0 7.0 3.5 Basalt 38 36 40 31 Rock
P B 2044 -611.66 2.34 1827.18 8.06 6.50 7.15 62.0 -7.0 0.0 Basalt 42 40 44 31 Rock
A 2045 -575.00 1960.00 -3.80
P B 2045 -575.00 2.25 1960.00 9.00 6.48 7.56 60.0 -6.0 -3.0 Basalt 46 44 46 31 Rock
P B 2045 -576.29 1.62 1959.81 5.58 4.50 4.95 97.0 6.0 0.0 Basalt 51 49 51 31 Rock
A 2046 -520.00 2090.00 -3.80
P B 2046 -520.00 2.75 2090.00 11.00 7.92 9.24 15.0 9.0 4.5 Basalt 38 36 40 31 Rock
P B 2046 -521.44 1.98 2088.67 6.82 5.50 6.05 52.0 -9.0 0.0 Basalt 42 40 44 31 Rock
P B 2046 -520.00 6.60 2090.00 8.80 0.50 7.70 15.0 9.0 4.5 Grass 84 118 60 31 Moss
A 2047 -440.00 2190.00 -3.80
P B 2047 -440.00 2.00 2190.00 8.00 5.76 6.72 40.0 -7.0 -3.5 Basalt 52 50 54 31 Rock
P B 2047 -440.48 1.44 2188.59 4.96 4.00 4.40 77.0 7.0 0.0 Basalt 58 56 60 31 Rock
P B 2047 -440.00 4.80 2190.00 6.40 0.50 5.60 40.0 -7.0 -3.5 Grass 84 118 60 31 Moss
A 2048 -330.00 2270.00 -3.80
P B 2048 -330.00 3.00 2270.00 12.00 8.64 10.08 75.0 5.0 2.5 Basalt 58 56 56 31 Rock
P B 2048 -330.43 2.16 2268.16 7.44 6.00 6.60 112.0 -5.0 0.0 Basalt 64 62 62 31 Rock
A 2049 -200.00 2340.00 -3.80
P B 2049 -200.00 2.25 2340.00 9.00 6.48 7.56 30.0 -9.0 -4.5 Basalt 38 36 40 31 Rock
P B 2049 -203.07 1.62 2340.56 5.58 4.50 4.95 67.0 9.0 0.0 Basalt 42 40 44 31 Rock
A 2050 -80.00 2385.00 -3.80
P B 2050 -80.00 2.50 2385.00 10.00 7.20 8.40 55.0 6.0 3.0 Basalt 58 56 56 31 Rock
P B 2050 -81.07 1.80 2386.75 6.20 5.00 5.50 92.0 -6.0 0.0 Basalt 64 62 62 31 Rock
A 2051 60.00 2420.00
P B 2051 60.00 2.00 2420.00 8.00 5.76 6.72 10.0 -4.0 -2.0 Basalt 38 36 40 31 Rock
P B 2051 61.37 1.44 2420.21 4.96 4.00 4.40 47.0 4.0 0.0 Basalt 42 40 44 31 Rock
A 2052 220.00 2455.00 -3.80
P B 2052 220.00 2.75 2455.00 11.00 7.92 9.24 65.0 8.0 4.0 Basalt 66 62 60 31 Rock
P B 2052 220.10 1.98 2457.28 6.82 5.50 6.05 102.0 -8.0 0.0 Basalt 73 69 67 31 Rock
A 2053 380.00 2465.00 -3.80
P B 2053 380.00 2.25 2465.00 9.00 6.48 7.56 35.0 -6.0 -3.0 Basalt 46 44 46 31 Rock
P B 2053 376.56 1.62 2466.32 5.58 4.50 4.95 72.0 6.0 0.0 Basalt 51 49 51 31 Rock
A 2054 545.00 2395.00
P B 2054 545.00 1.75 2395.00 7.00 5.04 5.88 20.0 5.0 2.5 Basalt 66 62 60 31 Rock
P B 2054 543.75 1.26 2392.93 4.34 3.50 3.85 57.0 -5.0 0.0 Basalt 73 69 67 31 Rock
A 2055 590.00 2340.00
P B 2055 590.00 1.50 2340.00 6.00 4.32 5.04 50.0 -6.0 -3.0 Basalt 46 44 46 31 Rock
P B 2055 589.53 1.08 2341.33 3.72 3.00 3.30 87.0 6.0 0.0 Basalt 51 49 51 31 Rock
A 2056 735.00 2345.00
P B 2056 735.00 1.75 2345.00 7.00 5.04 5.88 30.0 7.0 3.5 Basalt 52 50 54 31 Rock
P B 2056 735.19 1.26 2346.22 4.34 3.50 3.85 67.0 -7.0 0.0 Basalt 58 56 60 31 Rock
A 2057 780.00 2400.00
P B 2057 780.00 2.00 2400.00 8.00 5.76 6.72 70.0 -4.0 -2.0 Basalt 66 62 60 31 Rock
P B 2057 782.19 1.44 2399.47 4.96 4.00 4.40 107.0 4.0 0.0 Basalt 73 69 67 31 Rock
A 2058 1180.00 2240.00 -3.80
P B 2058 1180.00 3.00 2240.00 12.00 8.64 10.08 40.0 8.0 4.0 Basalt 52 50 54 31 Rock
P B 2058 1182.61 2.16 2240.95 7.44 6.00 6.60 77.0 -8.0 0.0 Basalt 58 56 60 31 Rock
A 2059 1240.00 2140.00
P B 2059 1240.00 3.50 2140.00 14.00 10.08 11.76 10.0 -6.0 -3.0 Basalt 66 62 60 31 Rock
P B 2059 1242.02 2.52 2143.12 8.68 7.00 7.70 47.0 6.0 0.0 Basalt 73 69 67 31 Rock
A 2060 1290.00 2010.00
P B 2060 1290.00 2.50 2010.00 10.00 7.20 8.40 60.0 5.0 2.5 Basalt 66 62 60 31 Rock
P B 2060 1286.07 1.80 2008.43 6.20 5.00 5.50 97.0 -5.0 0.0 Basalt 73 69 67 31 Rock
A 2061 1310.00 1860.00
P B 2061 1310.00 2.25 1860.00 9.00 6.48 7.56 30.0 -8.0 -4.0 Basalt 66 62 60 31 Rock
P B 2061 1311.84 1.62 1861.49 5.58 4.50 4.95 67.0 8.0 0.0 Basalt 73 69 67 31 Rock
A 2062 1300.00 1700.00
P B 2062 1300.00 2.00 1700.00 8.00 5.76 6.72 50.0 6.0 3.0 Basalt 38 36 40 31 Rock
P B 2062 1301.74 1.44 1697.73 4.96 4.00 4.40 87.0 -6.0 0.0 Basalt 42 40 44 31 Rock
A 2063 1265.00 1520.00
P B 2063 1265.00 2.50 1520.00 10.00 7.20 8.40 20.0 -5.0 -2.5 Basalt 52 50 54 31 Rock
P B 2063 1263.48 1.80 1519.58 6.20 5.00 5.50 57.0 5.0 0.0 Basalt 58 56 60 31 Rock
A 2064 1220.00 1330.00
P B 2064 1220.00 1.75 1330.00 7.00 5.04 5.88 75.0 7.0 3.5 Basalt 52 50 54 31 Rock
P B 2064 1222.50 1.26 1328.00 4.34 3.50 3.85 112.0 -7.0 0.0 Basalt 58 56 60 31 Rock
A 2065 1185.00 1150.00
P B 2065 1185.00 2.25 1150.00 9.00 6.48 7.56 35.0 -6.0 -3.0 Basalt 52 50 54 31 Rock
P B 2065 1185.66 1.62 1150.50 5.58 4.50 4.95 72.0 6.0 0.0 Basalt 58 56 60 31 Rock
A 2066 -360.00 1960.00
P B 2066 -360.00 2.50 1960.00 10.00 7.20 8.40 30.0 12.0 6.0 Basalt 38 36 40 31 Rock
P B 2066 -359.25 1.80 1959.87 6.20 5.00 5.50 67.0 -12.0 0.0 Basalt 42 40 44 31 Rock
P B 2066 -360.00 6.00 1960.00 8.00 0.50 7.00 30.0 12.0 6.0 Grass 84 118 60 31 Moss
A 2067 -300.00 1990.00
P B 2067 -300.00 1.75 1990.00 7.00 5.04 5.88 70.0 -9.0 -4.5 Basalt 66 62 60 31 Rock
P B 2067 -301.72 1.26 1989.03 4.34 3.50 3.85 107.0 9.0 0.0 Basalt 73 69 67 31 Rock
P B 2067 -300.00 4.20 1990.00 5.60 0.50 4.90 70.0 -9.0 -4.5 Grass 84 118 60 31 Moss
A 2068 -240.00 2060.00
P B 2068 -240.00 3.00 2060.00 12.00 8.64 10.08 10.0 8.0 4.0 Basalt 58 56 56 31 Rock
P B 2068 -239.49 2.16 2063.14 7.44 6.00 6.60 47.0 -8.0 0.0 Basalt 64 62 62 31 Rock
P B 2068 -240.00 7.20 2060.00 9.60 0.50 8.40 10.0 8.0 4.0 Grass 84 118 60 31 Moss
A 2069 -330.00 2110.00
P B 2069 -330.00 2.00 2110.00 8.00 5.76 6.72 50.0 -12.0 -6.0 Basalt 52 50 54 31 Rock
P B 2069 -331.63 1.44 2110.26 4.96 4.00 4.40 87.0 12.0 0.0 Basalt 58 56 60 31 Rock
P B 2069 -330.00 4.80 2110.00 6.40 0.50 5.60 50.0 -12.0 -6.0 Grass 84 118 60 31 Moss
A 2070 -420.00 2040.00
P B 2070 -420.00 2.75 2040.00 11.00 7.92 9.24 20.0 10.0 5.0 Basalt 66 62 60 31 Rock
P B 2070 -423.00 1.98 2036.63 6.82 5.50 6.05 57.0 -10.0 0.0 Basalt 73 69 67 31 Rock
P B 2070 -420.00 6.60 2040.00 8.80 0.50 7.70 20.0 10.0 5.0 Grass 84 118 60 31 Moss
A 2071 -450.00 1980.00
P B 2071 -450.00 1.75 1980.00 7.00 5.04 5.88 80.0 -8.0 -4.0 Basalt 66 62 60 31 Rock
P B 2071 -452.46 1.26 1981.69 4.34 3.50 3.85 117.0 8.0 0.0 Basalt 73 69 67 31 Rock
P B 2071 -450.00 4.20 1980.00 5.60 0.50 4.90 80.0 -8.0 -4.0 Grass 84 118 60 31 Moss
A 2072 -200.00 2130.00
P B 2072 -200.00 2.25 2130.00 9.00 6.48 7.56 40.0 9.0 4.5 Basalt 46 44 46 31 Rock
P B 2072 -199.09 1.62 2133.44 5.58 4.50 4.95 77.0 -9.0 0.0 Basalt 51 49 51 31 Rock
P B 2072 -200.00 5.40 2130.00 7.20 0.50 6.30 40.0 9.0 4.5 Grass 84 118 60 31 Moss
A 2073 -270.00 2170.00
P B 2073 -270.00 1.50 2170.00 6.00 4.32 5.04 60.0 -7.0 -3.5 Basalt 52 50 54 31 Rock
P B 2073 -269.50 1.08 2168.48 3.72 3.00 3.30 97.0 7.0 0.0 Basalt 58 56 60 31 Rock
P B 2073 -270.00 3.60 2170.00 4.80 0.50 4.20 60.0 -7.0 -3.5 Grass 84 118 60 31 Moss
A 2074 -390.00 2150.00
P B 2074 -390.00 2.50 2150.00 10.00 7.20 8.40 15.0 11.0 5.5 Basalt 66 62 60 31 Rock
P B 2074 -387.12 1.80 2148.03 6.20 5.00 5.50 52.0 -11.0 0.0 Basalt 73 69 67 31 Rock
P B 2074 -390.00 6.00 2150.00 8.00 0.50 7.00 15.0 11.0 5.5 Grass 84 118 60 31 Moss
A 2075 -160.00 2010.00
P B 2075 -160.00 2.00 2010.00 8.00 5.76 6.72 55.0 -10.0 -5.0 Basalt 66 62 60 31 Rock
P B 2075 -159.83 1.44 2013.11 4.96 4.00 4.40 92.0 10.0 0.0 Basalt 73 69 67 31 Rock
P B 2075 -160.00 4.80 2010.00 6.40 0.50 5.60 55.0 -10.0 -5.0 Grass 84 118 60 31 Moss
A 2076 -230.00 1940.00
P B 2076 -230.00 1.50 1940.00 6.00 4.32 5.04 25.0 7.0 3.5 Basalt 58 56 56 31 Rock
P B 2076 -230.65 1.08 1940.45 3.72 3.00 3.30 62.0 -7.0 0.0 Basalt 64 62 62 31 Rock
P B 2076 -230.00 3.60 1940.00 4.80 0.50 4.20 25.0 7.0 3.5 Grass 84 118 60 31 Moss
A 2077 -500.00 2120.00 -3.80
P B 2077 -500.00 2.25 2120.00 9.00 6.48 7.56 65.0 -9.0 -4.5 Basalt 66 62 60 31 Rock
P B 2077 -497.88 1.62 2122.20 5.58 4.50 4.95 102.0 9.0 0.0 Basalt 73 69 67 31 Rock
P B 2077 -500.00 5.40 2120.00 7.20 0.50 6.30 65.0 -9.0 -4.5 Grass 84 118 60 31 Moss
A 2078 120.00 1270.00
P B 2078 120.00 1.50 1270.00 6.00 4.32 5.04 30.0 5.0 2.5 Basalt 46 44 46 31 Rock
P B 2078 118.63 1.08 1268.46 3.72 3.00 3.30 67.0 -5.0 0.0 Basalt 51 49 51 31 Rock
A 2079 -150.00 1330.00
P B 2079 -150.00 2.00 1330.00 8.00 5.76 6.72 60.0 -6.0 -3.0 Basalt 58 56 56 31 Rock
P B 2079 -150.52 1.44 1327.82 4.96 4.00 4.40 97.0 6.0 0.0 Basalt 64 62 62 31 Rock
A 2080 -420.00 1380.00
P B 2080 -420.00 1.75 1380.00 7.00 5.04 5.88 20.0 8.0 4.0 Basalt 38 36 40 31 Rock
P B 2080 -421.56 1.26 1381.45 4.34 3.50 3.85 57.0 -8.0 0.0 Basalt 42 40 44 31 Rock
A 2081 880.00 1320.00
P B 2081 880.00 2.25 1320.00 9.00 6.48 7.56 45.0 -7.0 -3.5 Basalt 66 62 60 31 Rock
P B 2081 880.31 1.62 1320.08 5.58 4.50 4.95 82.0 7.0 0.0 Basalt 73 69 67 31 Rock
A 2082 1000.00 1180.00
P B 2082 1000.00 1.75 1180.00 7.00 5.04 5.88 10.0 6.0 3.0 Basalt 66 62 60 31 Rock
P B 2082 1002.51 1.26 1178.64 4.34 3.50 3.85 47.0 -6.0 0.0 Basalt 73 69 67 31 Rock
A 2083 960.00 1560.00
P B 2083 960.00 2.00 1560.00 8.00 5.76 6.72 70.0 -5.0 -2.5 Basalt 46 44 46 31 Rock
P B 2083 962.22 1.44 1561.05 4.96 4.00 4.40 107.0 5.0 0.0 Basalt 51 49 51 31 Rock
A 2084 560.00 1720.00
P B 2084 560.00 1.50 1720.00 6.00 4.32 5.04 35.0 7.0 3.5 Basalt 66 62 60 31 Rock
P B 2084 559.82 1.08 1720.56 3.72 3.00 3.30 72.0 -7.0 0.0 Basalt 73 69 67 31 Rock
A 2085 430.00 2000.00
P B 2085 430.00 1.75 2000.00 7.00 5.04 5.88 55.0 -8.0 -4.0 Basalt 52 50 54 31 Rock
P B 2085 432.54 1.26 2002.42 4.34 3.50 3.85 92.0 8.0 0.0 Basalt 58 56 60 31 Rock
A 2086 -40.00 1960.00
P B 2086 -40.00 1.50 1960.00 6.00 4.32 5.04 20.0 6.0 3.0 Basalt 38 36 40 31 Rock
P B 2086 -38.23 1.08 1958.54 3.72 3.00 3.30 57.0 -6.0 0.0 Basalt 42 40 44 31 Rock
A 2087 980.00 1850.00
P B 2087 980.00 2.25 1850.00 9.00 6.48 7.56 40.0 9.0 4.5 Basalt 52 50 54 31 Rock
P B 2087 979.60 1.62 1852.60 5.58 4.50 4.95 77.0 -9.0 0.0 Basalt 58 56 60 31 Rock
G 32 바위/바다돌기둥
P B - -479.94 -5.78 2299.43 16.00 8.44 12.80 20.0 0.0 0.0 Basalt 46 44 46 32 Stack
P B - -480.89 1.58 2299.58 14.08 7.47 11.26 43.0 0.0 0.0 Basalt 58 56 56 32 Stack
P B - -480.54 8.97 2299.16 12.16 8.52 9.73 66.0 0.0 0.0 Basalt 38 36 40 32 Stack
P B - -480.38 16.13 2300.00 10.24 6.98 8.19 89.0 0.0 0.0 Basalt 66 62 60 32 Stack
P B - -480.07 22.20 2300.09 8.32 6.37 6.66 112.0 0.0 0.0 Basalt 52 50 54 32 Stack
P B - -479.39 26.39 2299.38 6.40 3.22 5.12 135.0 0.0 0.0 Basalt 46 44 46 32 Stack
P B - -149.09 -5.36 2469.66 12.00 9.29 9.60 60.0 0.0 0.0 Basalt 46 44 46 32 Stack
P B - -149.58 3.37 2470.15 10.56 9.37 8.45 83.0 0.0 0.0 Basalt 58 56 56 32 Stack
P B - -149.52 11.48 2470.91 9.12 8.06 7.30 106.0 0.0 0.0 Basalt 38 36 40 32 Stack
P B - -150.15 18.21 2470.66 7.68 6.60 6.14 129.0 0.0 0.0 Basalt 66 62 60 32 Stack
P B - -149.97 21.46 2470.14 6.24 1.09 4.99 152.0 0.0 0.0 Basalt 52 50 54 32 Stack
P B - 279.66 -5.93 2546.00 14.00 8.15 11.20 35.0 0.0 0.0 Basalt 46 44 46 32 Stack
P B - 280.71 2.08 2545.01 12.32 9.07 9.86 58.0 0.0 0.0 Basalt 58 56 56 32 Stack
P B - 280.87 10.78 2544.83 10.64 9.52 8.51 81.0 0.0 0.0 Basalt 38 36 40 32 Stack
P B - 279.29 16.47 2545.74 8.96 3.06 7.17 104.0 0.0 0.0 Basalt 66 62 60 32 Stack
P B - 1240.22 -6.02 2330.20 18.00 7.96 14.40 10.0 0.0 0.0 Basalt 46 44 46 32 Stack
P B - 1240.75 1.77 2329.03 15.84 8.83 12.67 33.0 0.0 0.0 Basalt 58 56 56 32 Stack
P B - 1240.90 10.41 2330.63 13.68 9.65 10.94 56.0 0.0 0.0 Basalt 38 36 40 32 Stack
P B - 1240.22 18.69 2330.54 11.52 8.11 9.22 79.0 0.0 0.0 Basalt 66 62 60 32 Stack
P B - 1240.14 26.07 2330.25 9.36 7.85 7.49 102.0 0.0 0.0 Basalt 52 50 54 32 Stack
G 33 억새
P B - 41.15 31.56 1780.18 0.35 5.82 0.90 8.9 0.0 -13.3 Grass 214 200 150 33 Eulsae
P B - 41.15 35.07 1780.18 0.60 1.60 1.20 8.9 0.0 -13.3 Fabric 240 234 214 33 Plume
P B - 40.33 32.07 1780.87 0.35 6.83 0.90 69.3 0.0 -5.8 Grass 214 200 150 33 Eulsae
P B - 40.33 36.08 1780.87 0.60 1.60 1.20 69.3 0.0 -5.8 Fabric 240 234 214 33 Plume
P B - 39.58 31.77 1780.99 0.35 6.24 0.90 113.1 0.0 -8.2 Grass 214 200 150 33 Eulsae
P B - 39.58 35.49 1780.99 0.60 1.60 1.20 113.1 0.0 -8.2 Fabric 240 234 214 33 Plume
P B - 38.94 31.23 1780.05 0.35 5.15 0.90 177.5 0.0 -13.4 Grass 214 200 150 33 Eulsae
P B - 38.94 34.41 1780.05 0.60 1.60 1.20 177.5 0.0 -13.4 Fabric 240 234 214 33 Plume
P B - 39.38 31.50 1779.55 0.35 5.69 0.90 215.9 0.0 -11.4 Grass 214 200 150 33 Eulsae
P B - 39.38 34.94 1779.55 0.60 1.60 1.20 215.9 0.0 -11.4 Fabric 240 234 214 33 Plume
P B - 39.97 32.22 1778.64 0.35 7.13 0.90 268.9 0.0 10.3 Grass 214 200 150 33 Eulsae
P B - 39.97 36.39 1778.64 0.60 1.60 1.20 268.9 0.0 10.3 Fabric 240 234 214 33 Plume
P B - 40.75 31.82 1779.61 0.35 6.33 0.90 332.6 0.0 5.0 Grass 214 200 150 33 Eulsae
P B - 40.75 35.58 1779.61 0.60 1.60 1.20 332.6 0.0 5.0 Fabric 240 234 214 33 Plume
P B - 81.21 31.17 1760.54 0.35 5.04 0.90 24.0 0.0 -13.3 Grass 214 200 150 33 Eulsae
P B - 81.21 34.29 1760.54 0.60 1.60 1.20 24.0 0.0 -13.3 Fabric 240 234 214 33 Plume
P B - 80.38 32.53 1761.61 0.35 7.75 0.90 76.7 0.0 10.3 Grass 214 200 150 33 Eulsae
P B - 80.38 37.01 1761.61 0.60 1.60 1.20 76.7 0.0 10.3 Fabric 240 234 214 33 Plume
P B - 79.51 32.35 1760.83 0.35 7.39 0.90 120.3 0.0 5.1 Grass 214 200 150 33 Eulsae
P B - 79.51 36.64 1760.83 0.60 1.60 1.20 120.3 0.0 5.1 Fabric 240 234 214 33 Plume
P B - 78.39 30.91 1760.16 0.35 4.52 0.90 174.4 0.0 -10.3 Grass 214 200 150 33 Eulsae
P B - 78.39 33.77 1760.16 0.60 1.60 1.20 174.4 0.0 -10.3 Fabric 240 234 214 33 Plume
P B - 79.44 32.54 1759.38 0.35 7.78 0.90 228.0 0.0 -14.3 Grass 214 200 150 33 Eulsae
P B - 79.44 37.03 1759.38 0.60 1.60 1.20 228.0 0.0 -14.3 Fabric 240 234 214 33 Plume
P B - 80.14 30.94 1758.26 0.35 4.59 0.90 274.5 0.0 14.3 Grass 214 200 150 33 Eulsae
P B - 80.14 33.84 1758.26 0.60 1.60 1.20 274.5 0.0 14.3 Fabric 240 234 214 33 Plume
P B - 81.32 32.07 1759.05 0.35 6.83 0.90 324.3 0.0 -5.3 Grass 214 200 150 33 Eulsae
P B - 81.32 36.08 1759.05 0.60 1.60 1.20 324.3 0.0 -5.3 Fabric 240 234 214 33 Plume
P B - 130.76 28.36 1750.30 0.35 6.41 0.90 21.3 0.0 -1.7 Grass 214 200 150 33 Eulsae
P B - 130.76 32.17 1750.30 0.60 1.60 1.20 21.3 0.0 -1.7 Fabric 240 234 214 33 Plume
P B - 130.65 27.44 1751.42 0.35 4.58 0.90 65.5 0.0 -10.9 Grass 214 200 150 33 Eulsae
P B - 130.65 30.33 1751.42 0.60 1.60 1.20 65.5 0.0 -10.9 Fabric 240 234 214 33 Plume
P B - 129.31 29.14 1751.65 0.35 7.97 0.90 112.7 0.0 6.3 Grass 214 200 150 33 Eulsae
P B - 129.31 33.73 1751.65 0.60 1.60 1.20 112.7 0.0 6.3 Fabric 240 234 214 33 Plume
P B - 129.12 29.04 1750.06 0.35 7.78 0.90 176.1 0.0 2.0 Grass 214 200 150 33 Eulsae
P B - 129.12 33.53 1750.06 0.60 1.60 1.20 176.1 0.0 2.0 Fabric 240 234 214 33 Plume
P B - 129.40 28.79 1749.52 0.35 7.27 0.90 218.8 0.0 -2.2 Grass 214 200 150 33 Eulsae
P B - 129.40 33.02 1749.52 0.60 1.60 1.20 218.8 0.0 -2.2 Fabric 240 234 214 33 Plume
P B - 129.91 27.86 1748.69 0.35 5.41 0.90 265.9 0.0 -3.8 Grass 214 200 150 33 Eulsae
P B - 129.91 31.16 1748.69 0.60 1.60 1.20 265.9 0.0 -3.8 Fabric 240 234 214 33 Plume
P B - 130.69 27.67 1749.15 0.35 5.04 0.90 309.1 0.0 11.2 Grass 214 200 150 33 Eulsae
P B - 130.69 30.80 1749.15 0.60 1.60 1.20 309.1 0.0 11.2 Fabric 240 234 214 33 Plume
P B - 191.89 32.19 1760.90 0.35 7.07 0.90 25.4 0.0 0.6 Grass 214 200 150 33 Eulsae
P B - 191.89 36.32 1760.90 0.60 1.60 1.20 25.4 0.0 0.6 Fabric 240 234 214 33 Plume
P B - 190.50 31.02 1761.23 0.35 4.74 0.90 67.9 0.0 -0.8 Grass 214 200 150 33 Eulsae
P B - 190.50 33.99 1761.23 0.60 1.60 1.20 67.9 0.0 -0.8 Fabric 240 234 214 33 Plume
P B - 189.05 32.28 1761.49 0.35 7.25 0.90 122.7 0.0 -2.3 Grass 214 200 150 33 Eulsae
P B - 189.05 36.50 1761.49 0.60 1.60 1.20 122.7 0.0 -2.3 Fabric 240 234 214 33 Plume
P B - 188.70 31.35 1760.26 0.35 5.40 0.90 168.5 0.0 -6.6 Grass 214 200 150 33 Eulsae
P B - 188.70 34.65 1760.26 0.60 1.60 1.20 168.5 0.0 -6.6 Fabric 240 234 214 33 Plume
P B - 189.41 31.49 1759.59 0.35 5.68 0.90 214.5 0.0 11.7 Grass 214 200 150 33 Eulsae
P B - 189.41 34.93 1759.59 0.60 1.60 1.20 214.5 0.0 11.7 Fabric 240 234 214 33 Plume
P B - 189.81 31.73 1759.02 0.35 6.16 0.90 259.0 0.0 7.1 Grass 214 200 150 33 Eulsae
P B - 189.81 35.41 1759.02 0.60 1.60 1.20 259.0 0.0 7.1 Fabric 240 234 214 33 Plume
P B - 190.95 31.27 1759.35 0.35 5.23 0.90 325.6 0.0 5.8 Grass 214 200 150 33 Eulsae
P B - 190.95 34.49 1759.35 0.60 1.60 1.20 325.6 0.0 5.8 Fabric 240 234 214 33 Plume
P B - 301.82 17.09 1780.18 0.35 4.88 0.90 5.7 0.0 -1.7 Grass 214 200 150 33 Eulsae
P B - 301.82 20.14 1780.18 0.60 1.60 1.20 5.7 0.0 -1.7 Fabric 240 234 214 33 Plume
P B - 301.26 18.00 1781.75 0.35 6.70 0.90 54.3 0.0 12.0 Grass 214 200 150 33 Eulsae
P B - 301.26 21.95 1781.75 0.60 1.60 1.20 54.3 0.0 12.0 Fabric 240 234 214 33 Plume
P B - 299.07 18.33 1781.50 0.35 7.37 0.90 121.9 0.0 2.8 Grass 214 200 150 33 Eulsae
P B - 299.07 22.62 1781.50 0.60 1.60 1.20 121.9 0.0 2.8 Fabric 240 234 214 33 Plume
P B - 298.21 17.62 1780.41 0.35 5.93 0.90 167.1 0.0 -5.8 Grass 214 200 150 33 Eulsae
P B - 298.21 21.18 1780.41 0.60 1.60 1.20 167.1 0.0 -5.8 Fabric 240 234 214 33 Plume
P B - 299.43 17.96 1779.59 0.35 6.62 0.90 215.3 0.0 -8.2 Grass 214 200 150 33 Eulsae
P B - 299.43 21.87 1779.59 0.60 1.60 1.20 215.3 0.0 -8.2 Fabric 240 234 214 33 Plume
P B - 300.03 17.25 1779.36 0.35 5.19 0.90 272.7 0.0 -9.5 Grass 214 200 150 33 Eulsae
P B - 300.03 20.44 1779.36 0.60 1.60 1.20 272.7 0.0 -9.5 Fabric 240 234 214 33 Plume
P B - 301.32 18.12 1779.28 0.35 6.93 0.90 331.5 0.0 -10.2 Grass 214 200 150 33 Eulsae
P B - 301.32 22.18 1779.28 0.60 1.60 1.20 331.5 0.0 -10.2 Fabric 240 234 214 33 Plume
P B - 331.00 20.46 1830.24 0.35 4.61 0.90 13.7 0.0 -1.5 Grass 214 200 150 33 Eulsae
P B - 331.00 23.36 1830.24 0.60 1.60 1.20 13.7 0.0 -1.5 Fabric 240 234 214 33 Plume
P B - 331.07 20.72 1831.76 0.35 5.14 0.90 58.7 0.0 -4.0 Grass 214 200 150 33 Eulsae
P B - 331.07 23.89 1831.76 0.60 1.60 1.20 58.7 0.0 -4.0 Fabric 240 234 214 33 Plume
P B - 329.73 20.97 1831.07 0.35 5.63 0.90 104.3 0.0 -14.6 Grass 214 200 150 33 Eulsae
P B - 329.73 24.38 1831.07 0.60 1.60 1.20 104.3 0.0 -14.6 Fabric 240 234 214 33 Plume
P B - 328.13 21.11 1830.06 0.35 5.92 0.90 178.2 0.0 5.7 Grass 214 200 150 33 Eulsae
P B - 328.13 24.67 1830.06 0.60 1.60 1.20 178.2 0.0 5.7 Fabric 240 234 214 33 Plume
P B - 329.27 21.82 1829.41 0.35 7.33 0.90 218.7 0.0 3.5 Grass 214 200 150 33 Eulsae
P B - 329.27 26.08 1829.41 0.60 1.60 1.20 218.7 0.0 3.5 Fabric 240 234 214 33 Plume
P B - 330.20 20.53 1828.50 0.35 4.76 0.90 277.4 0.0 -0.7 Grass 214 200 150 33 Eulsae
P B - 330.20 23.51 1828.50 0.60 1.60 1.20 277.4 0.0 -0.7 Fabric 240 234 214 33 Plume
P B - 331.06 21.50 1828.75 0.35 6.70 0.90 310.5 0.0 -11.5 Grass 214 200 150 33 Eulsae
P B - 331.06 25.45 1828.75 0.60 1.60 1.20 310.5 0.0 -11.5 Fabric 240 234 214 33 Plume
P B - 351.55 24.27 1890.26 0.35 5.24 0.90 9.5 0.0 -0.4 Grass 214 200 150 33 Eulsae
P B - 351.55 27.49 1890.26 0.60 1.60 1.20 9.5 0.0 -0.4 Fabric 240 234 214 33 Plume
P B - 350.34 25.22 1891.62 0.35 7.14 0.90 78.0 0.0 14.2 Grass 214 200 150 33 Eulsae
P B - 350.34 29.39 1891.62 0.60 1.60 1.20 78.0 0.0 14.2 Fabric 240 234 214 33 Plume
P B - 349.41 24.28 1891.78 0.35 5.25 0.90 108.4 0.0 8.6 Grass 214 200 150 33 Eulsae
P B - 349.41 27.50 1891.78 0.60 1.60 1.20 108.4 0.0 8.6 Fabric 240 234 214 33 Plume
P B - 348.55 24.02 1890.50 0.35 4.74 0.90 160.9 0.0 3.5 Grass 214 200 150 33 Eulsae
P B - 348.55 26.99 1890.50 0.60 1.60 1.20 160.9 0.0 3.5 Fabric 240 234 214 33 Plume
P B - 349.30 25.34 1889.24 0.35 7.37 0.90 227.3 0.0 9.7 Grass 214 200 150 33 Eulsae
P B - 349.30 29.62 1889.24 0.60 1.60 1.20 227.3 0.0 9.7 Fabric 240 234 214 33 Plume
P B - 349.94 24.94 1889.16 0.35 6.58 0.90 266.1 0.0 -11.8 Grass 214 200 150 33 Eulsae
P B - 349.94 28.83 1889.16 0.60 1.60 1.20 266.1 0.0 -11.8 Fabric 240 234 214 33 Plume
P B - 350.88 25.17 1889.26 0.35 7.04 0.90 319.9 0.0 -14.0 Grass 214 200 150 33 Eulsae
P B - 350.88 29.30 1889.26 0.60 1.60 1.20 319.9 0.0 -14.0 Fabric 240 234 214 33 Plume
P B - 341.05 25.64 1960.05 0.35 7.98 0.90 2.7 0.0 6.9 Grass 214 200 150 33 Eulsae
P B - 341.05 30.23 1960.05 0.60 1.60 1.20 2.7 0.0 6.9 Fabric 240 234 214 33 Plume
P B - 340.59 24.20 1960.82 0.35 5.10 0.90 54.6 0.0 14.3 Grass 214 200 150 33 Eulsae
P B - 340.59 27.35 1960.82 0.60 1.60 1.20 54.6 0.0 14.3 Fabric 240 234 214 33 Plume
P B - 339.52 24.84 1961.66 0.35 6.38 0.90 106.2 0.0 -7.7 Grass 214 200 150 33 Eulsae
P B - 339.52 28.63 1961.66 0.60 1.60 1.20 106.2 0.0 -7.7 Fabric 240 234 214 33 Plume
P B - 339.04 24.72 1960.15 0.35 6.14 0.90 171.2 0.0 -11.9 Grass 214 200 150 33 Eulsae
P B - 339.04 28.40 1960.15 0.60 1.60 1.20 171.2 0.0 -11.9 Fabric 240 234 214 33 Plume
P B - 338.74 24.10 1958.89 0.35 4.90 0.90 221.4 0.0 -9.4 Grass 214 200 150 33 Eulsae
P B - 338.74 27.15 1958.89 0.60 1.60 1.20 221.4 0.0 -9.4 Fabric 240 234 214 33 Plume
P B - 339.90 25.46 1959.01 0.35 7.61 0.90 264.0 0.0 12.2 Grass 214 200 150 33 Eulsae
P B - 339.90 29.86 1959.01 0.60 1.60 1.20 264.0 0.0 12.2 Fabric 240 234 214 33 Plume
P B - 341.27 24.70 1958.84 0.35 6.10 0.90 317.6 0.0 -6.6 Grass 214 200 150 33 Eulsae
P B - 341.27 28.35 1958.84 0.60 1.60 1.20 317.6 0.0 -6.6 Fabric 240 234 214 33 Plume
P B - 300.99 25.28 2020.32 0.35 7.25 0.90 17.9 0.0 1.6 Grass 214 200 150 33 Eulsae
P B - 300.99 29.50 2020.32 0.60 1.60 1.20 17.9 0.0 1.6 Fabric 240 234 214 33 Plume
P B - 300.20 24.63 2020.87 0.35 5.96 0.90 77.2 0.0 14.1 Grass 214 200 150 33 Eulsae
P B - 300.20 28.21 2020.87 0.60 1.60 1.20 77.2 0.0 14.1 Fabric 240 234 214 33 Plume
P B - 299.70 25.08 2020.58 0.35 6.86 0.90 117.2 0.0 1.5 Grass 214 200 150 33 Eulsae
P B - 299.70 29.11 2020.58 0.60 1.60 1.20 117.2 0.0 1.5 Fabric 240 234 214 33 Plume
P B - 298.55 24.69 2019.95 0.35 6.07 0.90 182.2 0.0 -1.4 Grass 214 200 150 33 Eulsae
P B - 298.55 28.32 2019.95 0.60 1.60 1.20 182.2 0.0 -1.4 Fabric 240 234 214 33 Plume
P B - 299.46 24.49 2019.31 0.35 5.67 0.90 231.8 0.0 14.7 Grass 214 200 150 33 Eulsae
P B - 299.46 27.92 2019.31 0.60 1.60 1.20 231.8 0.0 14.7 Fabric 240 234 214 33 Plume
P B - 300.04 25.51 2018.97 0.35 7.71 0.90 272.4 0.0 -12.1 Grass 214 200 150 33 Eulsae
P B - 300.04 29.96 2018.97 0.60 1.60 1.20 272.4 0.0 -12.1 Fabric 240 234 214 33 Plume
P B - 300.63 24.43 2019.74 0.35 5.56 0.90 338.0 0.0 -10.4 Grass 214 200 150 33 Eulsae
P B - 300.63 27.82 2019.74 0.60 1.60 1.20 338.0 0.0 -10.4 Fabric 240 234 214 33 Plume
P B - 241.70 25.03 2060.69 0.35 6.75 0.90 22.0 0.0 -5.9 Grass 214 200 150 33 Eulsae
P B - 241.70 29.01 2060.69 0.60 1.60 1.20 22.0 0.0 -5.9 Fabric 240 234 214 33 Plume
P B - 240.28 24.01 2060.72 0.35 4.71 0.90 68.9 0.0 13.0 Grass 214 200 150 33 Eulsae
P B - 240.28 26.97 2060.72 0.60 1.60 1.20 68.9 0.0 13.0 Fabric 240 234 214 33 Plume
P B - 239.20 23.91 2061.21 0.35 4.52 0.90 123.3 0.0 4.5 Grass 214 200 150 33 Eulsae
P B - 239.20 26.77 2061.21 0.60 1.60 1.20 123.3 0.0 4.5 Fabric 240 234 214 33 Plume
P B - 238.08 25.64 2060.60 0.35 7.98 0.90 162.8 0.0 -11.1 Grass 214 200 150 33 Eulsae
P B - 238.08 30.23 2060.60 0.60 1.60 1.20 162.8 0.0 -11.1 Fabric 240 234 214 33 Plume
P B - 239.22 25.57 2059.49 0.35 7.83 0.90 213.0 0.0 1.4 Grass 214 200 150 33 Eulsae
P B - 239.22 30.08 2059.49 0.60 1.60 1.20 213.0 0.0 1.4 Fabric 240 234 214 33 Plume
P B - 239.65 25.63 2058.20 0.35 7.95 0.90 259.1 0.0 -4.4 Grass 214 200 150 33 Eulsae
P B - 239.65 30.20 2058.20 0.60 1.60 1.20 259.1 0.0 -4.4 Fabric 240 234 214 33 Plume
P B - 241.66 24.60 2059.17 0.35 5.89 0.90 333.3 0.0 11.8 Grass 214 200 150 33 Eulsae
P B - 241.66 28.14 2059.17 0.60 1.60 1.20 333.3 0.0 11.8 Fabric 240 234 214 33 Plume
P B - 171.85 18.60 2080.95 0.35 7.91 0.90 27.1 0.0 11.2 Grass 214 200 150 33 Eulsae
P B - 171.85 23.16 2080.95 0.60 1.60 1.20 27.1 0.0 11.2 Fabric 240 234 214 33 Plume
P B - 170.81 18.42 2081.86 0.35 7.53 0.90 66.5 0.0 14.5 Grass 214 200 150 33 Eulsae
P B - 170.81 22.79 2081.86 0.60 1.60 1.20 66.5 0.0 14.5 Fabric 240 234 214 33 Plume
P B - 169.54 17.39 2080.61 0.35 5.48 0.90 126.8 0.0 0.1 Grass 214 200 150 33 Eulsae
P B - 169.54 20.73 2080.61 0.60 1.60 1.20 126.8 0.0 0.1 Fabric 240 234 214 33 Plume
P B - 168.26 17.60 2079.99 0.35 5.90 0.90 180.4 0.0 3.3 Grass 214 200 150 33 Eulsae
P B - 168.26 21.15 2079.99 0.60 1.60 1.20 180.4 0.0 3.3 Fabric 240 234 214 33 Plume
P B - 169.10 17.36 2079.32 0.35 5.42 0.90 217.1 0.0 2.6 Grass 214 200 150 33 Eulsae
P B - 169.10 20.67 2079.32 0.60 1.60 1.20 217.1 0.0 2.6 Fabric 240 234 214 33 Plume
P B - 169.86 17.68 2078.90 0.35 6.06 0.90 262.9 0.0 -8.5 Grass 214 200 150 33 Eulsae
P B - 169.86 21.31 2078.90 0.60 1.60 1.20 262.9 0.0 -8.5 Fabric 240 234 214 33 Plume
P B - 171.82 18.35 2079.01 0.35 7.40 0.90 331.5 0.0 -3.9 Grass 214 200 150 33 Eulsae
P B - 171.82 22.65 2079.01 0.60 1.60 1.20 331.5 0.0 -3.9 Fabric 240 234 214 33 Plume
P B - 101.00 17.82 2070.34 0.35 6.33 0.90 18.5 0.0 -10.8 Grass 214 200 150 33 Eulsae
P B - 101.00 21.58 2070.34 0.60 1.60 1.20 18.5 0.0 -10.8 Fabric 240 234 214 33 Plume
P B - 100.46 17.61 2070.71 0.35 5.92 0.90 56.8 0.0 10.5 Grass 214 200 150 33 Eulsae
P B - 100.46 21.17 2070.71 0.60 1.60 1.20 56.8 0.0 10.5 Fabric 240 234 214 33 Plume
P B - 99.51 17.00 2071.29 0.35 4.69 0.90 110.9 0.0 10.1 Grass 214 200 150 33 Eulsae
P B - 99.51 19.94 2071.29 0.60 1.60 1.20 110.9 0.0 10.1 Fabric 240 234 214 33 Plume
P B - 97.93 18.06 2070.02 0.35 6.81 0.90 179.3 0.0 5.0 Grass 214 200 150 33 Eulsae
P B - 97.93 22.06 2070.02 0.60 1.60 1.20 179.3 0.0 5.0 Fabric 240 234 214 33 Plume
P B - 99.52 17.10 2069.48 0.35 4.90 0.90 227.4 0.0 14.4 Grass 214 200 150 33 Eulsae
P B - 99.52 20.16 2069.48 0.60 1.60 1.20 227.4 0.0 14.4 Fabric 240 234 214 33 Plume
P B - 100.01 17.62 2067.94 0.35 5.93 0.90 270.3 0.0 13.0 Grass 214 200 150 33 Eulsae
P B - 100.01 21.18 2067.94 0.60 1.60 1.20 270.3 0.0 13.0 Fabric 240 234 214 33 Plume
P B - 101.38 17.71 2068.49 0.35 6.12 0.90 312.4 0.0 -3.5 Grass 214 200 150 33 Eulsae
P B - 101.38 21.37 2068.49 0.60 1.60 1.20 312.4 0.0 -3.5 Fabric 240 234 214 33 Plume
P B - 30.79 18.21 2030.09 0.35 7.13 0.90 6.5 0.0 5.9 Grass 214 200 150 33 Eulsae
P B - 30.79 22.38 2030.09 0.60 1.60 1.20 6.5 0.0 5.9 Fabric 240 234 214 33 Plume
P B - 30.53 17.61 2031.46 0.35 5.92 0.90 70.2 0.0 14.4 Grass 214 200 150 33 Eulsae
P B - 30.53 21.17 2031.46 0.60 1.60 1.20 70.2 0.0 14.4 Fabric 240 234 214 33 Plume
P B - 29.84 17.95 2030.70 0.35 6.59 0.90 103.0 0.0 -13.7 Grass 214 200 150 33 Eulsae
P B - 29.84 21.85 2030.70 0.60 1.60 1.20 103.0 0.0 -13.7 Fabric 240 234 214 33 Plume
P B - 28.00 18.64 2030.09 0.35 7.97 0.90 177.3 0.0 12.6 Grass 214 200 150 33 Eulsae
P B - 28.00 23.23 2030.09 0.60 1.60 1.20 177.3 0.0 12.6 Fabric 240 234 214 33 Plume
P B - 29.33 18.62 2029.17 0.35 7.93 0.90 231.0 0.0 -14.3 Grass 214 200 150 33 Eulsae
P B - 29.33 23.18 2029.17 0.60 1.60 1.20 231.0 0.0 -14.3 Fabric 240 234 214 33 Plume
P B - 29.87 17.84 2029.31 0.35 6.38 0.90 259.6 0.0 -8.7 Grass 214 200 150 33 Eulsae
P B - 29.87 21.64 2029.31 0.60 1.60 1.20 259.6 0.0 -8.7 Fabric 240 234 214 33 Plume
P B - 30.83 18.38 2029.55 0.35 7.46 0.90 331.8 0.0 3.4 Grass 214 200 150 33 Eulsae
P B - 30.83 22.72 2029.55 0.60 1.60 1.20 331.8 0.0 3.4 Fabric 240 234 214 33 Plume
P B - -18.75 20.86 1960.27 0.35 5.42 0.90 12.2 0.0 -5.0 Grass 214 200 150 33 Eulsae
P B - -18.75 24.17 1960.27 0.60 1.60 1.20 12.2 0.0 -5.0 Fabric 240 234 214 33 Plume
P B - -19.38 20.77 1961.81 0.35 5.23 0.90 71.1 0.0 -11.5 Grass 214 200 150 33 Eulsae
P B - -19.38 23.98 1961.81 0.60 1.60 1.20 71.1 0.0 -11.5 Fabric 240 234 214 33 Plume
P B - -20.37 21.00 1960.55 0.35 5.69 0.90 124.4 0.0 8.6 Grass 214 200 150 33 Eulsae
P B - -20.37 24.44 1960.55 0.60 1.60 1.20 124.4 0.0 8.6 Fabric 240 234 214 33 Plume
P B - -21.28 21.98 1960.16 0.35 7.66 0.90 172.9 0.0 -14.9 Grass 214 200 150 33 Eulsae
P B - -21.28 26.41 1960.16 0.60 1.60 1.20 172.9 0.0 -14.9 Fabric 240 234 214 33 Plume
P B - -20.67 21.12 1959.41 0.35 5.94 0.90 221.2 0.0 13.1 Grass 214 200 150 33 Eulsae
P B - -20.67 24.69 1959.41 0.60 1.60 1.20 221.2 0.0 13.1 Fabric 240 234 214 33 Plume
P B - -19.77 21.24 1959.17 0.35 6.17 0.90 285.3 0.0 15.0 Grass 214 200 150 33 Eulsae
P B - -19.77 24.92 1959.17 0.60 1.60 1.20 285.3 0.0 15.0 Fabric 240 234 214 33 Plume
P B - -18.78 22.01 1959.15 0.35 7.72 0.90 325.3 0.0 7.1 Grass 214 200 150 33 Eulsae
P B - -18.78 26.47 1959.15 0.60 1.60 1.20 325.3 0.0 7.1 Fabric 240 234 214 33 Plume
P B - -39.04 21.37 1880.22 0.35 6.43 0.90 12.8 0.0 9.9 Grass 214 200 150 33 Eulsae
P B - -39.04 25.18 1880.22 0.60 1.60 1.20 12.8 0.0 9.9 Fabric 240 234 214 33 Plume
P B - -39.69 20.97 1881.23 0.35 5.64 0.90 75.8 0.0 -6.3 Grass 214 200 150 33 Eulsae
P B - -39.69 24.39 1881.23 0.60 1.60 1.20 75.8 0.0 -6.3 Fabric 240 234 214 33 Plume
P B - -40.95 21.46 1881.68 0.35 6.62 0.90 119.5 0.0 -13.5 Grass 214 200 150 33 Eulsae
P B - -40.95 25.37 1881.68 0.60 1.60 1.20 119.5 0.0 -13.5 Fabric 240 234 214 33 Plume
P B - -42.08 21.14 1880.58 0.35 5.98 0.90 164.5 0.0 1.5 Grass 214 200 150 33 Eulsae
P B - -42.08 24.73 1880.58 0.60 1.60 1.20 164.5 0.0 1.5 Fabric 240 234 214 33 Plume
P B - -41.47 21.01 1879.22 0.35 5.72 0.90 207.9 0.0 3.7 Grass 214 200 150 33 Eulsae
P B - -41.47 24.47 1879.22 0.60 1.60 1.20 207.9 0.0 3.7 Fabric 240 234 214 33 Plume
P B - -39.89 21.47 1878.59 0.35 6.64 0.90 274.4 0.0 5.9 Grass 214 200 150 33 Eulsae
P B - -39.89 25.39 1878.59 0.60 1.60 1.20 274.4 0.0 5.9 Fabric 240 234 214 33 Plume
P B - -39.13 21.75 1879.12 0.35 7.19 0.90 314.6 0.0 13.9 Grass 214 200 150 33 Eulsae
P B - -39.13 25.94 1879.12 0.60 1.60 1.20 314.6 0.0 13.9 Fabric 240 234 214 33 Plume
P B - -18.97 21.42 1810.19 0.35 6.54 0.90 10.3 0.0 -8.5 Grass 214 200 150 33 Eulsae
P B - -18.97 25.29 1810.19 0.60 1.60 1.20 10.3 0.0 -8.5 Fabric 240 234 214 33 Plume
P B - -19.68 21.01 1811.03 0.35 5.71 0.90 72.6 0.0 4.4 Grass 214 200 150 33 Eulsae
P B - -19.68 24.46 1811.03 0.60 1.60 1.20 72.6 0.0 4.4 Fabric 240 234 214 33 Plume
P B - -20.77 22.14 1811.81 0.35 7.98 0.90 113.1 0.0 5.3 Grass 214 200 150 33 Eulsae
P B - -20.77 26.73 1811.81 0.60 1.60 1.20 113.1 0.0 5.3 Fabric 240 234 214 33 Plume
P B - -22.08 22.10 1810.36 0.35 7.89 0.90 170.1 0.0 -6.1 Grass 214 200 150 33 Eulsae
P B - -22.08 26.65 1810.36 0.60 1.60 1.20 170.1 0.0 -6.1 Fabric 240 234 214 33 Plume
P B - -21.82 20.79 1808.84 0.35 5.28 0.90 212.5 0.0 4.8 Grass 214 200 150 33 Eulsae
P B - -21.82 24.03 1808.84 0.60 1.60 1.20 212.5 0.0 4.8 Fabric 240 234 214 33 Plume
P B - -19.84 21.08 1807.90 0.35 5.86 0.90 274.3 0.0 8.8 Grass 214 200 150 33 Eulsae
P B - -19.84 24.61 1807.90 0.60 1.60 1.20 274.3 0.0 8.8 Fabric 240 234 214 33 Plume
P B - -18.45 21.46 1809.32 0.35 6.61 0.90 336.3 0.0 7.4 Grass 214 200 150 33 Eulsae
P B - -18.45 25.36 1809.32 0.60 1.60 1.20 336.3 0.0 7.4 Fabric 240 234 214 33 Plume
P B - 90.98 53.03 1840.44 0.35 6.76 0.90 23.9 0.0 -11.1 Grass 214 200 150 33 Eulsae
P B - 90.98 57.01 1840.44 0.60 1.60 1.20 23.9 0.0 -11.1 Fabric 240 234 214 33 Plume
P B - 90.18 53.24 1840.93 0.35 7.17 0.90 79.2 0.0 -5.2 Grass 214 200 150 33 Eulsae
P B - 90.18 57.42 1840.93 0.60 1.60 1.20 79.2 0.0 -5.2 Fabric 240 234 214 33 Plume
P B - 89.12 52.29 1841.19 0.35 5.27 0.90 126.4 0.0 -2.3 Grass 214 200 150 33 Eulsae
P B - 89.12 55.52 1841.19 0.60 1.60 1.20 126.4 0.0 -2.3 Fabric 240 234 214 33 Plume
P B - 88.48 52.02 1840.61 0.35 4.74 0.90 158.0 0.0 -2.8 Grass 214 200 150 33 Eulsae
P B - 88.48 55.00 1840.61 0.60 1.60 1.20 158.0 0.0 -2.8 Fabric 240 234 214 33 Plume
P B - 88.55 52.59 1838.40 0.35 5.87 0.90 227.8 0.0 -2.2 Grass 214 200 150 33 Eulsae
P B - 88.55 56.12 1838.40 0.60 1.60 1.20 227.8 0.0 -2.2 Fabric 240 234 214 33 Plume
P B - 89.86 52.34 1838.79 0.35 5.38 0.90 263.4 0.0 -14.8 Grass 214 200 150 33 Eulsae
P B - 89.86 55.63 1838.79 0.60 1.60 1.20 263.4 0.0 -14.8 Fabric 240 234 214 33 Plume
P B - 91.46 52.67 1838.48 0.35 6.03 0.90 313.7 0.0 -8.6 Grass 214 200 150 33 Eulsae
P B - 91.46 56.28 1838.48 0.60 1.60 1.20 313.7 0.0 -8.6 Fabric 240 234 214 33 Plume
P B - 231.38 45.34 1990.24 0.35 5.37 0.90 9.8 0.0 13.0 Grass 214 200 150 33 Eulsae
P B - 231.38 48.62 1990.24 0.60 1.60 1.20 9.8 0.0 13.0 Fabric 240 234 214 33 Plume
P B - 230.52 45.99 1991.10 0.35 6.68 0.90 64.7 0.0 11.0 Grass 214 200 150 33 Eulsae
P B - 230.52 49.94 1991.10 0.60 1.60 1.20 64.7 0.0 11.0 Fabric 240 234 214 33 Plume
P B - 229.28 45.85 1991.38 0.35 6.39 0.90 117.6 0.0 11.3 Grass 214 200 150 33 Eulsae
P B - 229.28 49.64 1991.38 0.60 1.60 1.20 117.6 0.0 11.3 Fabric 240 234 214 33 Plume
P B - 228.37 45.40 1990.57 0.35 5.50 0.90 160.8 0.0 0.6 Grass 214 200 150 33 Eulsae
P B - 228.37 48.76 1990.57 0.60 1.60 1.20 160.8 0.0 0.6 Fabric 240 234 214 33 Plume
P B - 229.31 46.00 1989.62 0.35 6.69 0.90 208.5 0.0 -11.2 Grass 214 200 150 33 Eulsae
P B - 229.31 49.94 1989.62 0.60 1.60 1.20 208.5 0.0 -11.2 Fabric 240 234 214 33 Plume
P B - 230.08 45.31 1988.10 0.35 5.31 0.90 272.6 0.0 -10.4 Grass 214 200 150 33 Eulsae
P B - 230.08 48.56 1988.10 0.60 1.60 1.20 272.6 0.0 -10.4 Fabric 240 234 214 33 Plume
P B - 231.23 46.52 1989.29 0.35 7.74 0.90 330.0 0.0 4.1 Grass 214 200 150 33 Eulsae
P B - 231.23 50.99 1989.29 0.60 1.60 1.20 330.0 0.0 4.1 Fabric 240 234 214 33 Plume
P B - 121.67 45.84 1990.08 0.35 6.38 0.90 2.7 0.0 -4.1 Grass 214 200 150 33 Eulsae
P B - 121.67 49.63 1990.08 0.60 1.60 1.20 2.7 0.0 -4.1 Fabric 240 234 214 33 Plume
P B - 120.60 46.52 1990.91 0.35 7.74 0.90 56.7 0.0 -3.8 Grass 214 200 150 33 Eulsae
P B - 120.60 50.99 1990.91 0.60 1.60 1.20 56.7 0.0 -3.8 Fabric 240 234 214 33 Plume
P B - 119.58 46.28 1991.81 0.35 7.25 0.90 103.2 0.0 10.6 Grass 214 200 150 33 Eulsae
P B - 119.58 50.50 1991.81 0.60 1.60 1.20 103.2 0.0 10.6 Fabric 240 234 214 33 Plume
P B - 118.44 46.00 1990.17 0.35 6.69 0.90 173.8 0.0 13.8 Grass 214 200 150 33 Eulsae
P B - 118.44 49.94 1990.17 0.60 1.60 1.20 173.8 0.0 13.8 Fabric 240 234 214 33 Plume
P B - 118.20 45.89 1988.74 0.35 6.47 0.90 215.0 0.0 -12.7 Grass 214 200 150 33 Eulsae
P B - 118.20 49.72 1988.74 0.60 1.60 1.20 215.0 0.0 -12.7 Fabric 240 234 214 33 Plume
P B - 120.19 45.59 1988.83 0.35 5.87 0.90 279.4 0.0 7.9 Grass 214 200 150 33 Eulsae
P B - 120.19 49.12 1988.83 0.60 1.60 1.20 279.4 0.0 7.9 Fabric 240 234 214 33 Plume
P B - 120.52 45.67 1989.37 0.35 6.03 0.90 309.4 0.0 13.5 Grass 214 200 150 33 Eulsae
P B - 120.52 49.28 1989.37 0.60 1.60 1.20 309.4 0.0 13.5 Fabric 240 234 214 33 Plume
P B - 61.06 50.13 1920.38 0.35 7.95 0.90 19.5 0.0 10.2 Grass 214 200 150 33 Eulsae
P B - 61.06 54.70 1920.38 0.60 1.60 1.20 19.5 0.0 10.2 Fabric 240 234 214 33 Plume
P B - 61.14 49.39 1921.43 0.35 6.48 0.90 51.4 0.0 -13.1 Grass 214 200 150 33 Eulsae
P B - 61.14 53.24 1921.43 0.60 1.60 1.20 51.4 0.0 -13.1 Fabric 240 234 214 33 Plume
P B - 59.65 49.14 1921.19 0.35 5.98 0.90 106.3 0.0 1.7 Grass 214 200 150 33 Eulsae
P B - 59.65 52.74 1921.19 0.60 1.60 1.20 106.3 0.0 1.7 Fabric 240 234 214 33 Plume
P B - 59.20 50.07 1920.16 0.35 7.84 0.90 168.7 0.0 9.8 Grass 214 200 150 33 Eulsae
P B - 59.20 54.60 1920.16 0.60 1.60 1.20 168.7 0.0 9.8 Fabric 240 234 214 33 Plume
P B - 58.57 49.01 1918.48 0.35 5.72 0.90 226.7 0.0 5.2 Grass 214 200 150 33 Eulsae
P B - 58.57 52.47 1918.48 0.60 1.60 1.20 226.7 0.0 5.2 Fabric 240 234 214 33 Plume
P B - 59.89 49.16 1918.75 0.35 6.02 0.90 265.0 0.0 8.0 Grass 214 200 150 33 Eulsae
P B - 59.89 52.78 1918.75 0.60 1.60 1.20 265.0 0.0 8.0 Fabric 240 234 214 33 Plume
P B - 60.97 50.12 1919.47 0.35 7.93 0.90 331.6 0.0 -12.6 Grass 214 200 150 33 Eulsae
P B - 60.97 54.68 1919.47 0.60 1.60 1.20 331.6 0.0 -12.6 Fabric 240 234 214 33 Plume
P B - 250.97 46.37 1850.49 0.35 7.44 0.90 26.6 0.0 6.1 Grass 214 200 150 33 Eulsae
P B - 250.97 50.69 1850.49 0.60 1.60 1.20 26.6 0.0 6.1 Fabric 240 234 214 33 Plume
P B - 250.69 46.10 1850.99 0.35 6.90 0.90 55.0 0.0 -10.9 Grass 214 200 150 33 Eulsae
P B - 250.69 50.15 1850.99 0.60 1.60 1.20 55.0 0.0 -10.9 Fabric 240 234 214 33 Plume
P B - 249.57 46.28 1851.86 0.35 7.26 0.90 102.9 0.0 1.5 Grass 214 200 150 33 Eulsae
P B - 249.57 50.52 1851.86 0.60 1.60 1.20 102.9 0.0 1.5 Fabric 240 234 214 33 Plume
P B - 248.95 45.25 1850.36 0.35 5.20 0.90 161.2 0.0 1.5 Grass 214 200 150 33 Eulsae
P B - 248.95 48.45 1850.36 0.60 1.60 1.20 161.2 0.0 1.5 Fabric 240 234 214 33 Plume
P B - 249.51 45.40 1849.41 0.35 5.49 0.90 230.4 0.0 -2.2 Grass 214 200 150 33 Eulsae
P B - 249.51 48.74 1849.41 0.60 1.60 1.20 230.4 0.0 -2.2 Fabric 240 234 214 33 Plume
P B - 249.71 45.27 1848.58 0.35 5.23 0.90 258.6 0.0 -1.0 Grass 214 200 150 33 Eulsae
P B - 249.71 48.49 1848.58 0.60 1.60 1.20 258.6 0.0 -1.0 Fabric 240 234 214 33 Plume
P B - 251.45 46.62 1848.90 0.35 7.93 0.90 322.8 0.0 -9.9 Grass 214 200 150 33 Eulsae
P B - 251.45 51.19 1848.90 0.60 1.60 1.20 322.8 0.0 -9.9 Fabric 240 234 214 33 Plume
P B - 181.45 44.92 1810.74 0.35 4.53 0.90 27.0 0.0 -7.2 Grass 214 200 150 33 Eulsae
P B - 181.45 47.78 1810.74 0.60 1.60 1.20 27.0 0.0 -7.2 Fabric 240 234 214 33 Plume
P B - 180.33 46.15 1811.94 0.35 6.99 0.90 80.3 0.0 9.6 Grass 214 200 150 33 Eulsae
P B - 180.33 50.24 1811.94 0.60 1.60 1.20 80.3 0.0 9.6 Fabric 240 234 214 33 Plume
P B - 178.71 46.09 1811.49 0.35 6.87 0.90 131.0 0.0 4.5 Grass 214 200 150 33 Eulsae
P B - 178.71 50.13 1811.49 0.60 1.60 1.20 131.0 0.0 4.5 Fabric 240 234 214 33 Plume
P B - 179.02 46.51 1809.97 0.35 7.71 0.90 181.5 0.0 2.6 Grass 214 200 150 33 Eulsae
P B - 179.02 50.97 1809.97 0.60 1.60 1.20 181.5 0.0 2.6 Fabric 240 234 214 33 Plume
P B - 178.79 46.27 1808.64 0.35 7.23 0.90 228.3 0.0 -13.0 Grass 214 200 150 33 Eulsae
P B - 178.79 50.48 1808.64 0.60 1.60 1.20 228.3 0.0 -13.0 Fabric 240 234 214 33 Plume
P B - 180.25 44.92 1808.33 0.35 4.53 0.90 278.6 0.0 1.3 Grass 214 200 150 33 Eulsae
P B - 180.25 47.78 1808.33 0.60 1.60 1.20 278.6 0.0 1.3 Fabric 240 234 214 33 Plume
P B - 181.76 46.09 1808.71 0.35 6.87 0.90 323.8 0.0 -1.3 Grass 214 200 150 33 Eulsae
P B - 181.76 50.12 1808.71 0.60 1.60 1.20 323.8 0.0 -1.3 Fabric 240 234 214 33 Plume
P B - -367.80 22.83 1570.03 0.35 7.15 0.90 0.7 0.0 -14.6 Grass 214 200 150 33 Eulsae
P B - -367.80 27.01 1570.03 0.60 1.60 1.20 0.7 0.0 -14.6 Fabric 240 234 214 33 Plume
P B - -369.41 22.75 1571.58 0.35 7.00 0.90 69.6 0.0 -14.6 Grass 214 200 150 33 Eulsae
P B - -369.41 26.85 1571.58 0.60 1.60 1.20 69.6 0.0 -14.6 Fabric 240 234 214 33 Plume
P B - -370.32 22.81 1571.28 0.35 7.13 0.90 103.9 0.0 1.5 Grass 214 200 150 33 Eulsae
P B - -370.32 26.98 1571.28 0.60 1.60 1.20 103.9 0.0 1.5 Fabric 240 234 214 33 Plume
P B - -371.36 22.39 1570.24 0.35 6.27 0.90 170.2 0.0 -6.7 Grass 214 200 150 33 Eulsae
P B - -371.36 26.12 1570.24 0.60 1.60 1.20 170.2 0.0 -6.7 Fabric 240 234 214 33 Plume
P B - -371.32 21.82 1568.64 0.35 5.14 0.90 225.9 0.0 8.2 Grass 214 200 150 33 Eulsae
P B - -371.32 24.99 1568.64 0.60 1.60 1.20 225.9 0.0 8.2 Fabric 240 234 214 33 Plume
P B - -369.91 23.07 1567.89 0.35 7.63 0.90 272.4 0.0 13.7 Grass 214 200 150 33 Eulsae
P B - -369.91 27.48 1567.89 0.60 1.60 1.20 272.4 0.0 13.7 Fabric 240 234 214 33 Plume
P B - -368.55 22.36 1569.18 0.35 6.22 0.90 330.6 0.0 1.3 Grass 214 200 150 33 Eulsae
P B - -368.55 26.07 1569.18 0.60 1.60 1.20 330.6 0.0 1.3 Fabric 240 234 214 33 Plume
P B - -419.20 23.05 1600.05 0.35 7.59 0.90 3.8 0.0 3.4 Grass 214 200 150 33 Eulsae
P B - -419.20 27.44 1600.05 0.60 1.60 1.20 3.8 0.0 3.4 Fabric 240 234 214 33 Plume
P B - -419.09 21.78 1601.23 0.35 5.07 0.90 53.3 0.0 13.7 Grass 214 200 150 33 Eulsae
P B - -419.09 24.92 1601.23 0.60 1.60 1.20 53.3 0.0 13.7 Fabric 240 234 214 33 Plume
P B - -420.76 22.37 1600.94 0.35 6.23 0.90 128.9 0.0 -5.8 Grass 214 200 150 33 Eulsae
P B - -420.76 26.08 1600.94 0.60 1.60 1.20 128.9 0.0 -5.8 Fabric 240 234 214 33 Plume
P B - -421.63 22.12 1600.40 0.35 5.74 0.90 166.4 0.0 3.5 Grass 214 200 150 33 Eulsae
P B - -421.63 25.59 1600.40 0.60 1.60 1.20 166.4 0.0 3.5 Fabric 240 234 214 33 Plume
P B - -421.04 22.27 1599.14 0.35 6.05 0.90 219.7 0.0 10.1 Grass 214 200 150 33 Eulsae
P B - -421.04 25.90 1599.14 0.60 1.60 1.20 219.7 0.0 10.1 Fabric 240 234 214 33 Plume
P B - -420.31 22.77 1597.92 0.35 7.03 0.90 261.6 0.0 12.5 Grass 214 200 150 33 Eulsae
P B - -420.31 26.89 1597.92 0.60 1.60 1.20 261.6 0.0 12.5 Fabric 240 234 214 33 Plume
P B - -419.30 22.31 1599.40 0.35 6.12 0.90 319.6 0.0 12.6 Grass 214 200 150 33 Eulsae
P B - -419.30 25.97 1599.40 0.60 1.60 1.20 319.6 0.0 12.6 Fabric 240 234 214 33 Plume
P B - -298.41 15.08 1700.69 0.35 5.66 0.90 23.6 0.0 9.6 Grass 214 200 150 33 Eulsae
P B - -298.41 18.51 1700.69 0.60 1.60 1.20 23.6 0.0 9.6 Fabric 240 234 214 33 Plume
P B - -299.84 15.26 1700.83 0.35 6.01 0.90 79.2 0.0 9.0 Grass 214 200 150 33 Eulsae
P B - -299.84 18.87 1700.83 0.60 1.60 1.20 79.2 0.0 9.0 Fabric 240 234 214 33 Plume
P B - -301.07 14.88 1701.71 0.35 5.27 0.90 122.2 0.0 -8.8 Grass 214 200 150 33 Eulsae
P B - -301.07 18.12 1701.71 0.60 1.60 1.20 122.2 0.0 -8.8 Fabric 240 234 214 33 Plume
P B - -301.33 15.08 1700.63 0.35 5.67 0.90 154.6 0.0 7.1 Grass 214 200 150 33 Eulsae
P B - -301.33 18.52 1700.63 0.60 1.60 1.20 154.6 0.0 7.1 Fabric 240 234 214 33 Plume
P B - -301.81 15.97 1698.80 0.35 7.45 0.90 213.5 0.0 -13.2 Grass 214 200 150 33 Eulsae
P B - -301.81 20.30 1698.80 0.60 1.60 1.20 213.5 0.0 -13.2 Fabric 240 234 214 33 Plume
P B - -299.98 14.56 1699.37 0.35 4.62 0.90 272.1 0.0 2.8 Grass 214 200 150 33 Eulsae
P B - -299.98 17.47 1699.37 0.60 1.60 1.20 272.1 0.0 2.8 Fabric 240 234 214 33 Plume
P B - -298.76 15.30 1699.17 0.35 6.09 0.90 326.4 0.0 -2.0 Grass 214 200 150 33 Eulsae
P B - -298.76 18.94 1699.17 0.60 1.60 1.20 326.4 0.0 -2.0 Fabric 240 234 214 33 Plume
P B - -418.43 22.62 1690.12 0.35 6.75 0.90 4.3 0.0 4.1 Grass 214 200 150 33 Eulsae
P B - -418.43 26.60 1690.12 0.60 1.60 1.20 4.3 0.0 4.1 Fabric 240 234 214 33 Plume
P B - -419.53 21.54 1690.92 0.35 4.58 0.90 63.0 0.0 7.1 Grass 214 200 150 33 Eulsae
P B - -419.53 24.43 1690.92 0.60 1.60 1.20 63.0 0.0 7.1 Fabric 240 234 214 33 Plume
P B - -420.77 22.28 1691.25 0.35 6.06 0.90 121.5 0.0 0.7 Grass 214 200 150 33 Eulsae
P B - -420.77 25.91 1691.25 0.60 1.60 1.20 121.5 0.0 0.7 Fabric 240 234 214 33 Plume
P B - -421.82 23.09 1690.38 0.35 7.68 0.90 168.3 0.0 0.1 Grass 214 200 150 33 Eulsae
P B - -421.82 27.53 1690.38 0.60 1.60 1.20 168.3 0.0 0.1 Fabric 240 234 214 33 Plume
P B - -421.11 21.92 1688.40 0.35 5.35 0.90 235.3 0.0 -0.6 Grass 214 200 150 33 Eulsae
P B - -421.11 25.20 1688.40 0.60 1.60 1.20 235.3 0.0 -0.6 Fabric 240 234 214 33 Plume
P B - -420.13 21.77 1688.55 0.35 5.04 0.90 264.8 0.0 10.6 Grass 214 200 150 33 Eulsae
P B - -420.13 24.89 1688.55 0.60 1.60 1.20 264.8 0.0 10.6 Fabric 240 234 214 33 Plume
P B - -419.05 22.96 1689.25 0.35 7.43 0.90 321.7 0.0 12.6 Grass 214 200 150 33 Eulsae
P B - -419.05 27.28 1689.25 0.60 1.60 1.20 321.7 0.0 12.6 Fabric 240 234 214 33 Plume
P B - 1011.49 20.99 2020.43 0.35 4.51 0.90 16.1 0.0 -6.6 Grass 214 200 150 33 Eulsae
P B - 1011.49 23.85 2020.43 0.60 1.60 1.20 16.1 0.0 -6.6 Fabric 240 234 214 33 Plume
P B - 1010.40 22.05 2021.29 0.35 6.62 0.90 72.7 0.0 -7.2 Grass 214 200 150 33 Eulsae
P B - 1010.40 25.96 2021.29 0.60 1.60 1.20 72.7 0.0 -7.2 Fabric 240 234 214 33 Plume
P B - 1009.12 21.21 2021.84 0.35 4.95 0.90 115.6 0.0 11.4 Grass 214 200 150 33 Eulsae
P B - 1009.12 24.29 2021.84 0.60 1.60 1.20 115.6 0.0 11.4 Fabric 240 234 214 33 Plume
P B - 1008.48 22.02 2020.73 0.35 6.56 0.90 154.3 0.0 -9.3 Grass 214 200 150 33 Eulsae
P B - 1008.48 25.90 2020.73 0.60 1.60 1.20 154.3 0.0 -9.3 Fabric 240 234 214 33 Plume
P B - 1008.94 21.71 2019.37 0.35 5.94 0.90 210.7 0.0 6.9 Grass 214 200 150 33 Eulsae
P B - 1008.94 25.28 2019.37 0.60 1.60 1.20 210.7 0.0 6.9 Fabric 240 234 214 33 Plume
P B - 1009.84 21.39 2018.83 0.35 5.29 0.90 262.0 0.0 -9.2 Grass 214 200 150 33 Eulsae
P B - 1009.84 24.63 2018.83 0.60 1.60 1.20 262.0 0.0 -9.2 Fabric 240 234 214 33 Plume
P B - 1011.18 22.44 2018.72 0.35 7.40 0.90 312.9 0.0 -10.9 Grass 214 200 150 33 Eulsae
P B - 1011.18 26.74 2018.72 0.60 1.60 1.20 312.9 0.0 -10.9 Fabric 240 234 214 33 Plume
P B - 1051.62 22.58 1980.62 0.35 7.67 0.90 21.1 0.0 6.6 Grass 214 200 150 33 Eulsae
P B - 1051.62 27.01 1980.62 0.60 1.60 1.20 21.1 0.0 6.6 Fabric 240 234 214 33 Plume
P B - 1050.45 21.06 1981.72 0.35 4.64 0.90 75.5 0.0 -3.0 Grass 214 200 150 33 Eulsae
P B - 1050.45 23.98 1981.72 0.60 1.60 1.20 75.5 0.0 -3.0 Fabric 240 234 214 33 Plume
P B - 1049.66 22.59 1981.38 0.35 7.71 0.90 103.9 0.0 0.1 Grass 214 200 150 33 Eulsae
P B - 1049.66 27.05 1981.38 0.60 1.60 1.20 103.9 0.0 0.1 Fabric 240 234 214 33 Plume
P B - 1049.39 22.34 1980.13 0.35 7.19 0.90 168.4 0.0 -6.8 Grass 214 200 150 33 Eulsae
P B - 1049.39 26.53 1980.13 0.60 1.60 1.20 168.4 0.0 -6.8 Fabric 240 234 214 33 Plume
P B - 1049.34 22.73 1979.05 0.35 7.97 0.90 235.1 0.0 -13.0 Grass 214 200 150 33 Eulsae
P B - 1049.34 27.31 1979.05 0.60 1.60 1.20 235.1 0.0 -13.0 Fabric 240 234 214 33 Plume
P B - 1049.76 22.62 1978.70 0.35 7.75 0.90 259.7 0.0 2.0 Grass 214 200 150 33 Eulsae
P B - 1049.76 27.09 1978.70 0.60 1.60 1.20 259.7 0.0 2.0 Fabric 240 234 214 33 Plume
P B - 1051.27 21.33 1978.54 0.35 5.18 0.90 311.0 0.0 11.9 Grass 214 200 150 33 Eulsae
P B - 1051.27 24.52 1978.54 0.60 1.60 1.20 311.0 0.0 11.9 Fabric 240 234 214 33 Plume
P B - 1120.90 21.17 1970.45 0.35 4.86 0.90 26.8 0.0 -8.2 Grass 214 200 150 33 Eulsae
P B - 1120.90 24.20 1970.45 0.60 1.60 1.20 26.8 0.0 -8.2 Fabric 240 234 214 33 Plume
P B - 1120.13 21.96 1970.59 0.35 6.45 0.90 77.6 0.0 0.1 Grass 214 200 150 33 Eulsae
P B - 1120.13 25.79 1970.59 0.60 1.60 1.20 77.6 0.0 0.1 Fabric 240 234 214 33 Plume
P B - 1119.16 22.33 1971.09 0.35 7.17 0.90 127.7 0.0 9.3 Grass 214 200 150 33 Eulsae
P B - 1119.16 26.52 1971.09 0.60 1.60 1.20 127.7 0.0 9.3 Fabric 240 234 214 33 Plume
P B - 1118.74 21.94 1970.28 0.35 6.39 0.90 167.4 0.0 13.7 Grass 214 200 150 33 Eulsae
P B - 1118.74 25.73 1970.28 0.60 1.60 1.20 167.4 0.0 13.7 Fabric 240 234 214 33 Plume
P B - 1119.21 21.45 1969.44 0.35 5.42 0.90 215.3 0.0 0.6 Grass 214 200 150 33 Eulsae
P B - 1119.21 24.76 1969.44 0.60 1.60 1.20 215.3 0.0 0.6 Fabric 240 234 214 33 Plume
P B - 1120.11 21.14 1968.61 0.35 4.80 0.90 274.6 0.0 -2.2 Grass 214 200 150 33 Eulsae
P B - 1120.11 24.14 1968.61 0.60 1.60 1.20 274.6 0.0 -2.2 Fabric 240 234 214 33 Plume
P B - 1120.71 22.02 1969.13 0.35 6.56 0.90 309.2 0.0 -13.4 Grass 214 200 150 33 Eulsae
P B - 1120.71 25.90 1969.13 0.60 1.60 1.20 309.2 0.0 -13.4 Fabric 240 234 214 33 Plume
P B - 1181.92 32.27 2020.87 0.35 6.05 0.90 24.4 0.0 -1.8 Grass 214 200 150 33 Eulsae
P B - 1181.92 35.89 2020.87 0.60 1.60 1.20 24.4 0.0 -1.8 Fabric 240 234 214 33 Plume
P B - 1180.79 32.17 2021.13 0.35 5.86 0.90 55.0 0.0 -12.2 Grass 214 200 150 33 Eulsae
P B - 1180.79 35.70 2021.13 0.60 1.60 1.20 55.0 0.0 -12.2 Fabric 240 234 214 33 Plume
P B - 1179.59 31.61 2020.73 0.35 4.73 0.90 119.3 0.0 -4.3 Grass 214 200 150 33 Eulsae
P B - 1179.59 34.57 2020.73 0.60 1.60 1.20 119.3 0.0 -4.3 Fabric 240 234 214 33 Plume
P B - 1178.30 32.42 2020.04 0.35 6.36 0.90 178.7 0.0 12.2 Grass 214 200 150 33 Eulsae
P B - 1178.30 36.20 2020.04 0.60 1.60 1.20 178.7 0.0 12.2 Fabric 240 234 214 33 Plume
P B - 1179.32 31.87 2019.64 0.35 5.25 0.90 207.5 0.0 2.7 Grass 214 200 150 33 Eulsae
P B - 1179.32 35.10 2019.64 0.60 1.60 1.20 207.5 0.0 2.7 Fabric 240 234 214 33 Plume
P B - 1179.84 31.60 2018.44 0.35 4.72 0.90 264.3 0.0 13.0 Grass 214 200 150 33 Eulsae
P B - 1179.84 34.56 2018.44 0.60 1.60 1.20 264.3 0.0 13.0 Fabric 240 234 214 33 Plume
P B - 1181.08 31.56 2018.73 0.35 4.65 0.90 310.4 0.0 -7.2 Grass 214 200 150 33 Eulsae
P B - 1181.08 34.49 2018.73 0.60 1.60 1.20 310.4 0.0 -7.2 Fabric 240 234 214 33 Plume
P B - 1061.88 31.54 2150.14 0.35 4.60 0.90 4.1 0.0 12.0 Grass 214 200 150 33 Eulsae
P B - 1061.88 34.44 2150.14 0.60 1.60 1.20 4.1 0.0 12.0 Fabric 240 234 214 33 Plume
P B - 1060.24 31.83 2151.34 0.35 5.18 0.90 79.9 0.0 -7.7 Grass 214 200 150 33 Eulsae
P B - 1060.24 35.03 2151.34 0.60 1.60 1.20 79.9 0.0 -7.7 Fabric 240 234 214 33 Plume
P B - 1059.51 31.96 2151.15 0.35 5.44 0.90 113.3 0.0 0.1 Grass 214 200 150 33 Eulsae
P B - 1059.51 35.28 2151.15 0.60 1.60 1.20 113.3 0.0 0.1 Fabric 240 234 214 33 Plume
P B - 1059.14 32.08 2150.04 0.35 5.69 0.90 177.1 0.0 3.6 Grass 214 200 150 33 Eulsae
P B - 1059.14 35.53 2150.04 0.60 1.60 1.20 177.1 0.0 3.6 Fabric 240 234 214 33 Plume
P B - 1058.38 32.80 2148.58 0.35 7.11 0.90 221.1 0.0 -0.7 Grass 214 200 150 33 Eulsae
P B - 1058.38 36.95 2148.58 0.60 1.60 1.20 221.1 0.0 -0.7 Fabric 240 234 214 33 Plume
P B - 1060.03 31.65 2149.05 0.35 4.81 0.90 271.7 0.0 6.4 Grass 214 200 150 33 Eulsae
P B - 1060.03 34.66 2149.05 0.60 1.60 1.20 271.7 0.0 6.4 Fabric 240 234 214 33 Plume
P B - 1061.19 31.91 2148.97 0.35 5.34 0.90 319.0 0.0 -1.1 Grass 214 200 150 33 Eulsae
P B - 1061.19 35.18 2148.97 0.60 1.60 1.20 319.0 0.0 -1.1 Fabric 240 234 214 33 Plume
P B - 1141.23 35.94 2160.50 0.35 6.41 0.90 22.0 0.0 -5.8 Grass 214 200 150 33 Eulsae
P B - 1141.23 39.75 2160.50 0.60 1.60 1.20 22.0 0.0 -5.8 Fabric 240 234 214 33 Plume
P B - 1140.95 35.95 2161.72 0.35 6.42 0.90 61.1 0.0 -4.6 Grass 214 200 150 33 Eulsae
P B - 1140.95 39.76 2161.72 0.60 1.60 1.20 61.1 0.0 -4.6 Fabric 240 234 214 33 Plume
P B - 1139.60 35.02 2160.48 0.35 4.56 0.90 130.0 0.0 3.2 Grass 214 200 150 33 Eulsae
P B - 1139.60 37.90 2160.48 0.60 1.60 1.20 130.0 0.0 3.2 Fabric 240 234 214 33 Plume
P B - 1138.78 35.15 2160.54 0.35 4.81 0.90 156.2 0.0 -9.8 Grass 214 200 150 33 Eulsae
P B - 1138.78 38.15 2160.54 0.60 1.60 1.20 156.2 0.0 -9.8 Fabric 240 234 214 33 Plume
P B - 1139.62 35.68 2159.52 0.35 5.89 0.90 231.1 0.0 2.9 Grass 214 200 150 33 Eulsae
P B - 1139.62 39.23 2159.52 0.60 1.60 1.20 231.1 0.0 2.9 Fabric 240 234 214 33 Plume
P B - 1140.04 36.49 2159.36 0.35 7.49 0.90 273.9 0.0 13.6 Grass 214 200 150 33 Eulsae
P B - 1140.04 40.83 2159.36 0.60 1.60 1.20 273.9 0.0 13.6 Fabric 240 234 214 33 Plume
P B - 1141.21 35.22 2158.59 0.35 4.96 0.90 310.7 0.0 14.4 Grass 214 200 150 33 Eulsae
P B - 1141.21 38.30 2158.59 0.60 1.60 1.20 310.7 0.0 14.4 Fabric 240 234 214 33 Plume
A 2088 300.00 1470.00
G 34 나무/방풍림
P B 2088 300.00 7.62 1470.00 1.40 15.24 1.40 0.0 0.0 0.0 Wood 92 64 44 34 CedarTrunk
P B 2088 300.00 6.97 1470.00 7.50 3.40 7.50 2.9 0.0 0.0 Grass 43 82 54 34 CedarLeaf
P B 2088 300.00 10.67 1470.00 6.12 3.40 6.12 82.7 0.0 0.0 Grass 48 93 61 34 CedarLeaf
P B 2088 300.00 14.37 1470.00 4.75 3.40 4.75 67.4 0.0 0.0 Grass 54 104 68 34 CedarLeaf
P B 2088 300.00 18.07 1470.00 3.38 3.40 3.38 123.9 0.0 0.0 Grass 60 115 75 34 CedarLeaf
A 2089 330.00 1474.00
P B 2089 330.00 5.95 1474.00 1.40 11.91 1.40 0.0 0.0 0.0 Wood 92 64 44 34 CedarTrunk
P B 2089 330.00 5.44 1474.00 7.50 3.40 7.50 40.8 0.0 0.0 Grass 43 82 54 34 CedarLeaf
P B 2089 330.00 8.34 1474.00 6.12 3.40 6.12 98.0 0.0 0.0 Grass 48 93 61 34 CedarLeaf
P B 2089 330.00 11.23 1474.00 4.75 3.40 4.75 105.9 0.0 0.0 Grass 54 104 68 34 CedarLeaf
P B 2089 330.00 14.12 1474.00 3.38 3.40 3.38 90.3 0.0 0.0 Grass 60 115 75 34 CedarLeaf
A 2090 360.00 1476.00
P B 2090 360.00 7.20 1476.00 1.40 14.40 1.40 0.0 0.0 0.0 Wood 92 64 44 34 CedarTrunk
P B 2090 360.00 6.58 1476.00 7.50 3.40 7.50 29.8 0.0 0.0 Grass 43 82 54 34 CedarLeaf
P B 2090 360.00 10.08 1476.00 6.12 3.40 6.12 77.9 0.0 0.0 Grass 48 93 61 34 CedarLeaf
P B 2090 360.00 13.58 1476.00 4.75 3.40 4.75 121.1 0.0 0.0 Grass 54 104 68 34 CedarLeaf
P B 2090 360.00 17.07 1476.00 3.38 3.40 3.38 139.6 0.0 0.0 Grass 60 115 75 34 CedarLeaf
A 2091 390.00 1478.00
P B 2091 390.00 5.67 1478.00 1.40 11.33 1.40 0.0 0.0 0.0 Wood 92 64 44 34 CedarTrunk
P B 2091 390.00 5.18 1478.00 7.50 3.40 7.50 9.0 0.0 0.0 Grass 43 82 54 34 CedarLeaf
P B 2091 390.00 7.93 1478.00 6.12 3.40 6.12 104.2 0.0 0.0 Grass 48 93 61 34 CedarLeaf
P B 2091 390.00 10.68 1478.00 4.75 3.40 4.75 129.3 0.0 0.0 Grass 54 104 68 34 CedarLeaf
P B 2091 390.00 13.44 1478.00 3.38 3.40 3.38 98.2 0.0 0.0 Grass 60 115 75 34 CedarLeaf
A 2092 420.00 1480.00
P B 2092 420.00 5.85 1480.00 1.40 11.70 1.40 0.0 0.0 0.0 Wood 92 64 44 34 CedarTrunk
P B 2092 420.00 5.35 1480.00 7.50 3.40 7.50 17.6 0.0 0.0 Grass 43 82 54 34 CedarLeaf
P B 2092 420.00 8.19 1480.00 6.12 3.40 6.12 24.7 0.0 0.0 Grass 48 93 61 34 CedarLeaf
P B 2092 420.00 11.03 1480.00 4.75 3.40 4.75 66.4 0.0 0.0 Grass 54 104 68 34 CedarLeaf
P B 2092 420.00 13.87 1480.00 3.38 3.40 3.38 90.5 0.0 0.0 Grass 60 115 75 34 CedarLeaf
A 2093 450.00 1482.00
P B 2093 450.00 7.60 1482.00 1.40 15.19 1.40 0.0 0.0 0.0 Wood 92 64 44 34 CedarTrunk
P B 2093 450.00 6.95 1482.00 7.50 3.40 7.50 24.4 0.0 0.0 Grass 43 82 54 34 CedarLeaf
P B 2093 450.00 10.64 1482.00 6.12 3.40 6.12 40.7 0.0 0.0 Grass 48 93 61 34 CedarLeaf
P B 2093 450.00 14.32 1482.00 4.75 3.40 4.75 86.9 0.0 0.0 Grass 54 104 68 34 CedarLeaf
P B 2093 450.00 18.01 1482.00 3.38 3.40 3.38 95.1 0.0 0.0 Grass 60 115 75 34 CedarLeaf
A 2094 480.00 1478.00
P B 2094 480.00 6.61 1478.00 1.40 13.21 1.40 0.0 0.0 0.0 Wood 92 64 44 34 CedarTrunk
P B 2094 480.00 6.04 1478.00 7.50 3.40 7.50 29.3 0.0 0.0 Grass 43 82 54 34 CedarLeaf
P B 2094 480.00 9.25 1478.00 6.12 3.40 6.12 80.3 0.0 0.0 Grass 48 93 61 34 CedarLeaf
P B 2094 480.00 12.46 1478.00 4.75 3.40 4.75 108.8 0.0 0.0 Grass 54 104 68 34 CedarLeaf
P B 2094 480.00 15.66 1478.00 3.38 3.40 3.38 147.6 0.0 0.0 Grass 60 115 75 34 CedarLeaf
A 2095 510.00 1474.00
P B 2095 510.00 5.87 1474.00 1.40 11.74 1.40 0.0 0.0 0.0 Wood 92 64 44 34 CedarTrunk
P B 2095 510.00 5.37 1474.00 7.50 3.40 7.50 50.2 0.0 0.0 Grass 43 82 54 34 CedarLeaf
P B 2095 510.00 8.22 1474.00 6.12 3.40 6.12 98.9 0.0 0.0 Grass 48 93 61 34 CedarLeaf
P B 2095 510.00 11.07 1474.00 4.75 3.40 4.75 65.2 0.0 0.0 Grass 54 104 68 34 CedarLeaf
P B 2095 510.00 13.92 1474.00 3.38 3.40 3.38 61.8 0.0 0.0 Grass 60 115 75 34 CedarLeaf
A 2096 540.00 1470.00
P B 2096 540.00 6.04 1470.00 1.40 12.09 1.40 0.0 0.0 0.0 Wood 92 64 44 34 CedarTrunk
P B 2096 540.00 5.53 1470.00 7.50 3.40 7.50 9.4 0.0 0.0 Grass 43 82 54 34 CedarLeaf
P B 2096 540.00 8.46 1470.00 6.12 3.40 6.12 26.5 0.0 0.0 Grass 48 93 61 34 CedarLeaf
P B 2096 540.00 11.40 1470.00 4.75 3.40 4.75 105.5 0.0 0.0 Grass 54 104 68 34 CedarLeaf
P B 2096 540.00 14.33 1470.00 3.38 3.40 3.38 128.9 0.0 0.0 Grass 60 115 75 34 CedarLeaf
A 2097 610.00 1462.00
P B 2097 610.00 6.98 1462.00 1.40 13.95 1.40 0.0 0.0 0.0 Wood 92 64 44 34 CedarTrunk
P B 2097 610.00 6.38 1462.00 7.50 3.40 7.50 19.1 0.0 0.0 Grass 43 82 54 34 CedarLeaf
P B 2097 610.00 9.77 1462.00 6.12 3.40 6.12 78.0 0.0 0.0 Grass 48 93 61 34 CedarLeaf
P B 2097 610.00 13.16 1462.00 4.75 3.40 4.75 92.2 0.0 0.0 Grass 54 104 68 34 CedarLeaf
P B 2097 610.00 16.55 1462.00 3.38 3.40 3.38 112.0 0.0 0.0 Grass 60 115 75 34 CedarLeaf
A 2098 630.00 1466.00
P B 2098 630.00 6.17 1466.00 1.40 12.34 1.40 0.0 0.0 0.0 Wood 92 64 44 34 CedarTrunk
P B 2098 630.00 5.64 1466.00 7.50 3.40 7.50 76.8 0.0 0.0 Grass 43 82 54 34 CedarLeaf
P B 2098 630.00 8.64 1466.00 6.12 3.40 6.12 92.2 0.0 0.0 Grass 48 93 61 34 CedarLeaf
P B 2098 630.00 11.64 1466.00 4.75 3.40 4.75 88.6 0.0 0.0 Grass 54 104 68 34 CedarLeaf
P B 2098 630.00 14.64 1466.00 3.38 3.40 3.38 66.8 0.0 0.0 Grass 60 115 75 34 CedarLeaf
A 2099 660.00 1470.00
P B 2099 660.00 6.67 1470.00 1.40 13.34 1.40 0.0 0.0 0.0 Wood 92 64 44 34 CedarTrunk
P B 2099 660.00 6.10 1470.00 7.50 3.40 7.50 55.5 0.0 0.0 Grass 43 82 54 34 CedarLeaf
P B 2099 660.00 9.34 1470.00 6.12 3.40 6.12 45.6 0.0 0.0 Grass 48 93 61 34 CedarLeaf
P B 2099 660.00 12.58 1470.00 4.75 3.40 4.75 87.1 0.0 0.0 Grass 54 104 68 34 CedarLeaf
P B 2099 660.00 15.82 1470.00 3.38 3.40 3.38 74.0 0.0 0.0 Grass 60 115 75 34 CedarLeaf
A 2100 690.00 1476.00
P B 2100 690.00 5.69 1476.00 1.40 11.39 1.40 0.0 0.0 0.0 Wood 92 64 44 34 CedarTrunk
P B 2100 690.00 5.21 1476.00 7.50 3.40 7.50 17.5 0.0 0.0 Grass 43 82 54 34 CedarLeaf
P B 2100 690.00 7.97 1476.00 6.12 3.40 6.12 28.5 0.0 0.0 Grass 48 93 61 34 CedarLeaf
P B 2100 690.00 10.74 1476.00 4.75 3.40 4.75 52.6 0.0 0.0 Grass 54 104 68 34 CedarLeaf
P B 2100 690.00 13.50 1476.00 3.38 3.40 3.38 125.9 0.0 0.0 Grass 60 115 75 34 CedarLeaf
A 2101 720.00 1480.00
P B 2101 720.00 7.62 1480.00 1.40 15.24 1.40 0.0 0.0 0.0 Wood 92 64 44 34 CedarTrunk
P B 2101 720.00 6.96 1480.00 7.50 3.40 7.50 84.4 0.0 0.0 Grass 43 82 54 34 CedarLeaf
P B 2101 720.00 10.66 1480.00 6.12 3.40 6.12 103.3 0.0 0.0 Grass 48 93 61 34 CedarLeaf
P B 2101 720.00 14.36 1480.00 4.75 3.40 4.75 84.5 0.0 0.0 Grass 54 104 68 34 CedarLeaf
P B 2101 720.00 18.06 1480.00 3.38 3.40 3.38 64.8 0.0 0.0 Grass 60 115 75 34 CedarLeaf
A 2102 750.00 1486.00
P B 2102 750.00 6.53 1486.00 1.40 13.07 1.40 0.0 0.0 0.0 Wood 92 64 44 34 CedarTrunk
P B 2102 750.00 5.97 1486.00 7.50 3.40 7.50 87.6 0.0 0.0 Grass 43 82 54 34 CedarLeaf
P B 2102 750.00 9.15 1486.00 6.12 3.40 6.12 25.0 0.0 0.0 Grass 48 93 61 34 CedarLeaf
P B 2102 750.00 12.32 1486.00 4.75 3.40 4.75 56.5 0.0 0.0 Grass 54 104 68 34 CedarLeaf
P B 2102 750.00 15.49 1486.00 3.38 3.40 3.38 85.3 0.0 0.0 Grass 60 115 75 34 CedarLeaf
A 2103 -380.00 1920.00
G 35 나무/곶자왈
K PlainsTree 2103 -380.00 0.00 1920.00 301.3 1.000 35
A 2104 -330.00 1935.00
K PlainsTree 2104 -330.00 0.00 1935.00 294.5 1.000 35
A 2105 -270.00 1920.00
K PlainsTree 2105 -270.00 0.00 1920.00 144.1 1.000 35
A 2106 -210.00 1950.00
K PlainsTree 2106 -210.00 0.00 1950.00 66.6 1.000 35
A 2107 -470.00 1955.00
K PlainsTree 2107 -470.00 0.00 1955.00 247.9 1.000 35
A 2108 -410.00 1990.00
K PlainsTree 2108 -410.00 0.00 1990.00 140.7 1.000 35
A 2109 -350.00 2010.00
K PlainsTree 2109 -350.00 0.00 2010.00 211.7 1.000 35
A 2110 -285.00 1985.00
K PlainsTree 2110 -285.00 0.00 1985.00 114.5 1.000 35
A 2111 -200.00 2040.00
K PlainsTree 2111 -200.00 0.00 2040.00 71.0 1.000 35
A 2112 -140.00 2060.00
K PlainsTree 2112 -140.00 0.00 2060.00 199.3 1.000 35
A 2113 -500.00 2030.00
K PlainsTree 2113 -500.00 0.00 2030.00 175.4 1.000 35
A 2114 -440.00 2080.00
K PlainsTree 2114 -440.00 0.00 2080.00 81.9 1.000 35
A 2115 -370.00 2100.00
K PlainsTree 2115 -370.00 0.00 2100.00 125.1 1.000 35
A 2116 -300.00 2090.00
K PlainsTree 2116 -300.00 0.00 2090.00 328.1 1.000 35
A 2117 -230.00 2100.00
K PlainsTree 2117 -230.00 0.00 2100.00 112.2 1.000 35
A 2118 -170.00 2110.00
K PlainsTree 2118 -170.00 0.00 2110.00 63.5 1.000 35
A 2119 -455.00 2050.00
K PlainsTree 2119 -455.00 0.00 2050.00 343.6 1.000 35
A 2120 -465.00 2100.00
K PlainsTree 2120 -465.00 0.00 2100.00 43.2 1.000 35
A 2121 -350.00 2170.00
K PlainsTree 2121 -350.00 0.00 2170.00 15.9 1.000 35
A 2122 -280.00 2140.00
K PlainsTree 2122 -280.00 0.00 2140.00 68.3 1.000 35
A 2123 -210.00 2190.00
K PlainsTree 2123 -210.00 0.00 2190.00 118.6 1.000 35
A 2124 -150.00 2170.00
K PlainsTree 2124 -150.00 0.00 2170.00 135.9 1.000 35
A 2125 -360.00 2195.00
K PlainsTree 2125 -360.00 0.00 2195.00 148.2 1.000 35
A 2126 -330.00 2230.00
K PlainsTree 2126 -330.00 0.00 2230.00 315.1 1.000 35
A 2127 -260.00 2240.00
K PlainsTree 2127 -260.00 0.00 2240.00 47.0 1.000 35
A 2128 -520.00 1990.00
K PlainsTree 2128 -520.00 0.00 1990.00 171.6 1.000 35
A 2129 -250.00 1980.00
K PlainsTree 2129 -250.00 0.00 1980.00 307.8 1.000 35
A 2130 -310.00 1960.00
K PlainsTree 2130 -310.00 0.00 1960.00 233.3 1.000 35
A 2131 -440.00 2010.00
P B 2131 -440.00 7.45 2010.00 1.40 14.90 1.40 0.0 0.0 0.0 Wood 92 64 44 35 CedarTrunk
P B 2131 -440.00 6.81 2010.00 7.50 3.40 7.50 83.4 0.0 0.0 Grass 43 82 54 35 CedarLeaf
P B 2131 -440.00 10.43 2010.00 6.12 3.40 6.12 41.6 0.0 0.0 Grass 48 93 61 35 CedarLeaf
P B 2131 -440.00 14.05 2010.00 4.75 3.40 4.75 47.0 0.0 0.0 Grass 54 104 68 35 CedarLeaf
P B 2131 -440.00 17.66 2010.00 3.38 3.40 3.38 122.6 0.0 0.0 Grass 60 115 75 35 CedarLeaf
A 2132 -270.00 2070.00
P B 2132 -270.00 6.09 2070.00 1.40 12.18 1.40 0.0 0.0 0.0 Wood 92 64 44 35 CedarTrunk
P B 2132 -270.00 5.57 2070.00 7.50 3.40 7.50 86.0 0.0 0.0 Grass 43 82 54 35 CedarLeaf
P B 2132 -270.00 8.52 2070.00 6.12 3.40 6.12 60.3 0.0 0.0 Grass 48 93 61 35 CedarLeaf
P B 2132 -270.00 11.48 2070.00 4.75 3.40 4.75 57.7 0.0 0.0 Grass 54 104 68 35 CedarLeaf
P B 2132 -270.00 14.44 2070.00 3.38 3.40 3.38 133.1 0.0 0.0 Grass 60 115 75 35 CedarLeaf
A 2133 -380.00 2200.00
P B 2133 -380.00 7.60 2200.00 1.40 15.20 1.40 0.0 0.0 0.0 Wood 92 64 44 35 CedarTrunk
P B 2133 -380.00 6.95 2200.00 7.50 3.40 7.50 53.8 0.0 0.0 Grass 43 82 54 35 CedarLeaf
P B 2133 -380.00 10.64 2200.00 6.12 3.40 6.12 29.1 0.0 0.0 Grass 48 93 61 35 CedarLeaf
P B 2133 -380.00 14.33 2200.00 4.75 3.40 4.75 125.5 0.0 0.0 Grass 54 104 68 35 CedarLeaf
P B 2133 -380.00 18.03 2200.00 3.38 3.40 3.38 124.3 0.0 0.0 Grass 60 115 75 35 CedarLeaf
A 2134 -180.00 2080.00
P B 2134 -180.00 5.75 2080.00 1.40 11.49 1.40 0.0 0.0 0.0 Wood 92 64 44 35 CedarTrunk
P B 2134 -180.00 5.25 2080.00 7.50 3.40 7.50 70.0 0.0 0.0 Grass 43 82 54 35 CedarLeaf
P B 2134 -180.00 8.04 2080.00 6.12 3.40 6.12 102.1 0.0 0.0 Grass 48 93 61 35 CedarLeaf
P B 2134 -180.00 10.84 2080.00 4.75 3.40 4.75 77.4 0.0 0.0 Grass 54 104 68 35 CedarLeaf
P B 2134 -180.00 13.63 2080.00 3.38 3.40 3.38 90.8 0.0 0.0 Grass 60 115 75 35 CedarLeaf
G 36 나무/아부_고리
P B - 820.00 26.67 1747.00 1.40 12.52 1.40 0.0 0.0 0.0 Wood 92 64 44 36 CedarTrunk
P B - 820.00 26.13 1747.00 7.50 3.40 7.50 66.4 0.0 0.0 Grass 43 82 54 36 CedarLeaf
P B - 820.00 29.18 1747.00 6.12 3.40 6.12 38.6 0.0 0.0 Grass 48 93 61 36 CedarLeaf
P B - 820.00 32.22 1747.00 4.75 3.40 4.75 97.6 0.0 0.0 Grass 54 104 68 36 CedarLeaf
P B - 820.00 35.26 1747.00 3.38 3.40 3.38 65.8 0.0 0.0 Grass 60 115 75 36 CedarLeaf
P B - 856.00 26.57 1733.00 1.40 12.32 1.40 0.0 0.0 0.0 Wood 92 64 44 36 CedarTrunk
P B - 856.00 26.04 1733.00 7.50 3.40 7.50 40.2 0.0 0.0 Grass 43 82 54 36 CedarLeaf
P B - 856.00 29.04 1733.00 6.12 3.40 6.12 74.6 0.0 0.0 Grass 48 93 61 36 CedarLeaf
P B - 856.00 32.03 1733.00 4.75 3.40 4.75 63.3 0.0 0.0 Grass 54 104 68 36 CedarLeaf
P B - 856.00 35.02 1733.00 3.38 3.40 3.38 148.7 0.0 0.0 Grass 60 115 75 36 CedarLeaf
P B - 877.00 27.23 1703.00 1.40 13.63 1.40 0.0 0.0 0.0 Wood 92 64 44 36 CedarTrunk
P B - 877.00 26.64 1703.00 7.50 3.40 7.50 50.2 0.0 0.0 Grass 43 82 54 36 CedarLeaf
P B - 877.00 29.95 1703.00 6.12 3.40 6.12 69.8 0.0 0.0 Grass 48 93 61 36 CedarLeaf
P B - 877.00 33.27 1703.00 4.75 3.40 4.75 69.5 0.0 0.0 Grass 54 104 68 36 CedarLeaf
P B - 877.00 36.58 1703.00 3.38 3.40 3.38 105.9 0.0 0.0 Grass 60 115 75 36 CedarLeaf
P B - 877.00 26.69 1667.00 1.40 12.55 1.40 0.0 0.0 0.0 Wood 92 64 44 36 CedarTrunk
P B - 877.00 26.15 1667.00 7.50 3.40 7.50 4.5 0.0 0.0 Grass 43 82 54 36 CedarLeaf
P B - 877.00 29.20 1667.00 6.12 3.40 6.12 50.4 0.0 0.0 Grass 48 93 61 36 CedarLeaf
P B - 877.00 32.24 1667.00 4.75 3.40 4.75 90.3 0.0 0.0 Grass 54 104 68 36 CedarLeaf
P B - 877.00 35.29 1667.00 3.38 3.40 3.38 82.4 0.0 0.0 Grass 60 115 75 36 CedarLeaf
P B - 856.00 30.90 1637.00 1.40 13.98 1.40 0.0 0.0 0.0 Wood 92 64 44 36 CedarTrunk
P B - 856.00 30.30 1637.00 7.50 3.40 7.50 74.1 0.0 0.0 Grass 43 82 54 36 CedarLeaf
P B - 856.00 33.70 1637.00 6.12 3.40 6.12 71.5 0.0 0.0 Grass 48 93 61 36 CedarLeaf
P B - 856.00 37.09 1637.00 4.75 3.40 4.75 102.2 0.0 0.0 Grass 54 104 68 36 CedarLeaf
P B - 856.00 40.49 1637.00 3.38 3.40 3.38 79.2 0.0 0.0 Grass 60 115 75 36 CedarLeaf
P B - 820.00 30.91 1623.00 1.40 14.00 1.40 0.0 0.0 0.0 Wood 92 64 44 36 CedarTrunk
P B - 820.00 30.31 1623.00 7.50 3.40 7.50 9.0 0.0 0.0 Grass 43 82 54 36 CedarLeaf
P B - 820.00 33.71 1623.00 6.12 3.40 6.12 23.1 0.0 0.0 Grass 48 93 61 36 CedarLeaf
P B - 820.00 37.11 1623.00 4.75 3.40 4.75 87.2 0.0 0.0 Grass 54 104 68 36 CedarLeaf
P B - 820.00 40.51 1623.00 3.38 3.40 3.38 133.1 0.0 0.0 Grass 60 115 75 36 CedarLeaf
P B - 784.00 31.00 1637.00 1.40 14.17 1.40 0.0 0.0 0.0 Wood 92 64 44 36 CedarTrunk
P B - 784.00 30.39 1637.00 7.50 3.40 7.50 70.8 0.0 0.0 Grass 43 82 54 36 CedarLeaf
P B - 784.00 33.83 1637.00 6.12 3.40 6.12 108.7 0.0 0.0 Grass 48 93 61 36 CedarLeaf
P B - 784.00 37.27 1637.00 4.75 3.40 4.75 73.5 0.0 0.0 Grass 54 104 68 36 CedarLeaf
P B - 784.00 40.72 1637.00 3.38 3.40 3.38 65.2 0.0 0.0 Grass 60 115 75 36 CedarLeaf
P B - 763.00 27.62 1667.00 1.40 14.41 1.40 0.0 0.0 0.0 Wood 92 64 44 36 CedarTrunk
P B - 763.00 27.00 1667.00 7.50 3.40 7.50 25.1 0.0 0.0 Grass 43 82 54 36 CedarLeaf
P B - 763.00 30.50 1667.00 6.12 3.40 6.12 82.6 0.0 0.0 Grass 48 93 61 36 CedarLeaf
P B - 763.00 34.00 1667.00 4.75 3.40 4.75 64.8 0.0 0.0 Grass 54 104 68 36 CedarLeaf
P B - 763.00 37.50 1667.00 3.38 3.40 3.38 133.7 0.0 0.0 Grass 60 115 75 36 CedarLeaf
P B - 763.00 26.98 1703.00 1.40 13.14 1.40 0.0 0.0 0.0 Wood 92 64 44 36 CedarTrunk
P B - 763.00 26.42 1703.00 7.50 3.40 7.50 8.7 0.0 0.0 Grass 43 82 54 36 CedarLeaf
P B - 763.00 29.61 1703.00 6.12 3.40 6.12 45.1 0.0 0.0 Grass 48 93 61 36 CedarLeaf
P B - 763.00 32.80 1703.00 4.75 3.40 4.75 90.5 0.0 0.0 Grass 54 104 68 36 CedarLeaf
P B - 763.00 36.00 1703.00 3.38 3.40 3.38 86.6 0.0 0.0 Grass 60 115 75 36 CedarLeaf
P B - 784.00 27.27 1733.00 1.40 13.72 1.40 0.0 0.0 0.0 Wood 92 64 44 36 CedarTrunk
P B - 784.00 26.68 1733.00 7.50 3.40 7.50 62.3 0.0 0.0 Grass 43 82 54 36 CedarLeaf
P B - 784.00 30.02 1733.00 6.12 3.40 6.12 42.9 0.0 0.0 Grass 48 93 61 36 CedarLeaf
P B - 784.00 33.35 1733.00 4.75 3.40 4.75 73.6 0.0 0.0 Grass 54 104 68 36 CedarLeaf
P B - 784.00 36.68 1733.00 3.38 3.40 3.38 147.5 0.0 0.0 Grass 60 115 75 36 CedarLeaf
A 2135 590.00 2170.00
G 37 나무/북포
K PlainsTree 2135 590.00 0.00 2170.00 270.7 1.700 37
A 2136 470.00 2210.00
K PlainsTree 2136 470.00 0.00 2210.00 27.9 1.000 37
A 2137 850.00 2210.00
K PlainsTree 2137 850.00 0.00 2210.00 179.4 1.000 37
A 2138 480.00 2110.00
P B 2138 480.00 5.67 2110.00 1.40 11.33 1.40 0.0 0.0 0.0 Wood 92 64 44 37 CedarTrunk
P B 2138 480.00 5.18 2110.00 7.50 3.40 7.50 35.3 0.0 0.0 Grass 43 82 54 37 CedarLeaf
P B 2138 480.00 7.93 2110.00 6.12 3.40 6.12 95.5 0.0 0.0 Grass 48 93 61 37 CedarLeaf
P B 2138 480.00 10.68 2110.00 4.75 3.40 4.75 98.3 0.0 0.0 Grass 54 104 68 37 CedarLeaf
P B 2138 480.00 13.44 2110.00 3.38 3.40 3.38 60.8 0.0 0.0 Grass 60 115 75 37 CedarLeaf
A 2139 520.00 2105.00
P B 2139 520.00 6.89 2105.00 1.40 13.79 1.40 0.0 0.0 0.0 Wood 92 64 44 37 CedarTrunk
P B 2139 520.00 6.30 2105.00 7.50 3.40 7.50 56.3 0.0 0.0 Grass 43 82 54 37 CedarLeaf
P B 2139 520.00 9.65 2105.00 6.12 3.40 6.12 67.6 0.0 0.0 Grass 48 93 61 37 CedarLeaf
P B 2139 520.00 13.00 2105.00 4.75 3.40 4.75 84.6 0.0 0.0 Grass 54 104 68 37 CedarLeaf
P B 2139 520.00 16.35 2105.00 3.38 3.40 3.38 132.8 0.0 0.0 Grass 60 115 75 37 CedarLeaf
A 2140 800.00 2110.00
P B 2140 800.00 5.94 2110.00 1.40 11.88 1.40 0.0 0.0 0.0 Wood 92 64 44 37 CedarTrunk
P B 2140 800.00 5.43 2110.00 7.50 3.40 7.50 61.4 0.0 0.0 Grass 43 82 54 37 CedarLeaf
P B 2140 800.00 8.32 2110.00 6.12 3.40 6.12 42.5 0.0 0.0 Grass 48 93 61 37 CedarLeaf
P B 2140 800.00 11.21 2110.00 4.75 3.40 4.75 73.6 0.0 0.0 Grass 54 104 68 37 CedarLeaf
P B 2140 800.00 14.09 2110.00 3.38 3.40 3.38 127.0 0.0 0.0 Grass 60 115 75 37 CedarLeaf
A 2141 840.00 2115.00
P B 2141 840.00 6.96 2115.00 1.40 13.91 1.40 0.0 0.0 0.0 Wood 92 64 44 37 CedarTrunk
P B 2141 840.00 6.36 2115.00 7.50 3.40 7.50 23.6 0.0 0.0 Grass 43 82 54 37 CedarLeaf
P B 2141 840.00 9.74 2115.00 6.12 3.40 6.12 64.3 0.0 0.0 Grass 48 93 61 37 CedarLeaf
P B 2141 840.00 13.12 2115.00 4.75 3.40 4.75 73.3 0.0 0.0 Grass 54 104 68 37 CedarLeaf
P B 2141 840.00 16.50 2115.00 3.38 3.40 3.38 66.6 0.0 0.0 Grass 60 115 75 37 CedarLeaf
A 2142 470.00 1640.00
G 38 나무/들판
K PlainsTree 2142 470.00 0.00 1640.00 212.3 1.700 38
A 2143 -60.00 1300.00
K PlainsTree 2143 -60.00 0.00 1300.00 30.9 1.000 38
A 2144 -250.00 1250.00
K PlainsTree 2144 -250.00 0.00 1250.00 111.9 1.000 38
A 2145 -400.00 1450.00
K PlainsTree 2145 -400.00 0.00 1450.00 280.9 1.000 38
A 2146 860.00 1180.00
K PlainsTree 2146 860.00 0.00 1180.00 204.4 1.000 38
A 2147 1000.00 1420.00
K PlainsTree 2147 1000.00 0.00 1420.00 315.2 1.000 38
A 2148 960.00 1700.00
K PlainsTree 2148 960.00 0.00 1700.00 48.4 1.000 38
A 2149 1100.00 1640.00
K PlainsTree 2149 1100.00 0.00 1640.00 202.7 1.000 38
A 2150 560.00 1900.00
K PlainsTree 2150 560.00 0.00 1900.00 206.7 1.000 38
A 2151 480.00 2050.00
K PlainsTree 2151 480.00 0.00 2050.00 163.5 1.000 38
A 2152 -30.00 1500.00
K PlainsTree 2152 -30.00 0.00 1500.00 192.0 1.000 38
A 2153 900.00 2050.00
K PlainsTree 2153 900.00 0.00 2050.00 100.6 1.000 38
A 2154 1180.00 1780.00
K PlainsTree 2154 1180.00 0.00 1780.00 253.6 1.000 38
A 2155 -480.00 1600.00
K PlainsTree 2155 -480.00 0.00 1600.00 247.8 1.000 38
A 2156 820.00 1480.00
P B 2156 820.00 6.05 1480.00 1.40 12.11 1.40 0.0 0.0 0.0 Wood 92 64 44 38 CedarTrunk
P B 2156 820.00 5.53 1480.00 7.50 3.40 7.50 18.2 0.0 0.0 Grass 43 82 54 38 CedarLeaf
P B 2156 820.00 8.47 1480.00 6.12 3.40 6.12 43.6 0.0 0.0 Grass 48 93 61 38 CedarLeaf
P B 2156 820.00 11.41 1480.00 4.75 3.40 4.75 70.0 0.0 0.0 Grass 54 104 68 38 CedarLeaf
P B 2156 820.00 14.35 1480.00 3.38 3.40 3.38 114.6 0.0 0.0 Grass 60 115 75 38 CedarLeaf
A 2157 850.00 1486.00
P B 2157 850.00 5.73 1486.00 1.40 11.47 1.40 0.0 0.0 0.0 Wood 92 64 44 38 CedarTrunk
P B 2157 850.00 5.24 1486.00 7.50 3.40 7.50 68.5 0.0 0.0 Grass 43 82 54 38 CedarLeaf
P B 2157 850.00 8.03 1486.00 6.12 3.40 6.12 52.0 0.0 0.0 Grass 48 93 61 38 CedarLeaf
P B 2157 850.00 10.81 1486.00 4.75 3.40 4.75 119.1 0.0 0.0 Grass 54 104 68 38 CedarLeaf
P B 2157 850.00 13.60 1486.00 3.38 3.40 3.38 149.3 0.0 0.0 Grass 60 115 75 38 CedarLeaf
A 2158 880.00 1492.00
P B 2158 880.00 5.64 1492.00 1.40 11.28 1.40 0.0 0.0 0.0 Wood 92 64 44 38 CedarTrunk
P B 2158 880.00 5.16 1492.00 7.50 3.40 7.50 67.7 0.0 0.0 Grass 43 82 54 38 CedarLeaf
P B 2158 880.00 7.90 1492.00 6.12 3.40 6.12 92.7 0.0 0.0 Grass 48 93 61 38 CedarLeaf
P B 2158 880.00 10.64 1492.00 4.75 3.40 4.75 112.2 0.0 0.0 Grass 54 104 68 38 CedarLeaf
P B 2158 880.00 13.38 1492.00 3.38 3.40 3.38 133.1 0.0 0.0 Grass 60 115 75 38 CedarLeaf
A 2159 910.00 1498.00
P B 2159 910.00 7.67 1498.00 1.40 15.34 1.40 0.0 0.0 0.0 Wood 92 64 44 38 CedarTrunk
P B 2159 910.00 7.01 1498.00 7.50 3.40 7.50 5.2 0.0 0.0 Grass 43 82 54 38 CedarLeaf
P B 2159 910.00 10.74 1498.00 6.12 3.40 6.12 109.5 0.0 0.0 Grass 48 93 61 38 CedarLeaf
P B 2159 910.00 14.47 1498.00 4.75 3.40 4.75 99.6 0.0 0.0 Grass 54 104 68 38 CedarLeaf
P B 2159 910.00 18.19 1498.00 3.38 3.40 3.38 105.8 0.0 0.0 Grass 60 115 75 38 CedarLeaf
A 2160 560.00 2240.00
G 39 북포/집
K Building_Cottage 2160 560.00 0.00 2240.00 170.0 1.000 39
A 2161 655.00 2218.00
K Building_Cottage 2161 655.00 0.00 2218.00 180.0 1.000 39
A 2162 765.00 2238.00
K Building_House 2162 765.00 0.00 2238.00 195.0 1.000 39
A 2163 492.00 2248.00
K Annex_Thatch 2163 492.00 0.00 2248.00 130.0 1.000 39
A 2164 805.00 2185.00
K Annex_Thatch 2164 805.00 0.00 2185.00 230.0 1.000 39
A 2165 640.00 2165.00
G 40 북포/살림
K Prop_Well 2165 640.00 0.00 2165.00 0.0 1.000 40
A 2166 585.00 2205.00
K Prop_Jangdok 2166 585.00 0.00 2205.00 170.0 1.000 40
A 2167 715.00 2205.00
K Prop_Jangdok 2167 715.00 0.00 2205.00 190.0 1.000 40
A 2168 520.00 2160.00
K Prop_Haystack 2168 520.00 0.00 2160.00 20.0 1.000 40
A 2169 330.00 1640.00
G 41 목장
K Prop_Haystack 2169 330.00 0.00 1640.00 10.0 1.000 41
A 2170 360.00 1660.00
K Prop_Haystack 2170 360.00 0.00 1660.00 60.0 1.000 41
A 2171 0.00 1640.00
K Prop_Haystack 2171 0.00 0.00 1640.00 30.0 1.000 41
G 42 명소/봉수대
P C - -360.00 38.25 1640.00 3.00 13.00 13.00 0.0 0.0 90.0 Basalt 58 56 56 42 BeaconBase
P C - -360.00 40.15 1640.00 0.80 11.40 11.40 0.0 0.0 90.0 Slate 84 80 76 42 BeaconTop
P C - -360.00 43.75 1640.00 6.50 5.20 5.20 0.0 0.0 90.0 Basalt 66 62 60 42 BeaconChimney
P C - -360.00 47.05 1640.00 0.60 3.60 3.60 0.0 0.0 90.0 Basalt 30 28 28 42 Soot
P B - -360.00 39.35 1633.00 5.00 0.90 2.20 0.0 0.0 0.0 Basalt 46 44 46 42 BeaconStep
P B - -360.00 38.35 1630.80 5.00 0.90 2.20 0.0 0.0 0.0 Basalt 46 44 46 42 BeaconStep
P B - -360.00 37.35 1628.60 5.00 0.90 2.20 0.0 0.0 0.0 Basalt 46 44 46 42 BeaconStep
A 2172 -60.00 2140.00
G 43 명소/본향당
K PlainsTree 2172 -60.00 0.00 2140.00 30.0 1.500 43
A 2173 -55.50 2147.79
P B 2173 -55.50 0.60 2147.79 4.00 1.20 2.40 -30.0 0.0 0.0 Basalt 38 36 40 43 Altar
P B 2173 -55.50 1.45 2147.79 2.40 0.50 1.40 -30.0 0.0 0.0 Slate 90 86 80 43 AltarTop
A 2174 -50.04 2131.64
P B 2174 -50.04 0.90 2131.64 3.20 2.00 1.80 -130.0 0.0 0.0 Basalt 46 44 46 43 ShrineWall
A 2175 -52.23 2129.58
P B 2175 -52.23 0.90 2129.58 3.20 2.00 1.80 -143.3 0.0 0.0 Basalt 58 56 56 43 ShrineWall
A 2176 -54.84 2128.07
P B 2176 -54.84 0.90 2128.07 3.20 2.00 1.80 -156.6 0.0 0.0 Basalt 38 36 40 43 ShrineWall
A 2177 -57.72 2127.20
P B 2177 -57.72 0.90 2127.20 3.20 2.00 1.80 -169.9 0.0 0.0 Basalt 66 62 60 43 ShrineWall
A 2178 -60.73 2127.02
P B 2178 -60.73 0.90 2127.02 3.20 2.00 1.80 -183.2 0.0 0.0 Basalt 52 50 54 43 ShrineWall
A 2179 -63.69 2127.54
P B 2179 -63.69 0.90 2127.54 3.20 2.00 1.80 -196.5 0.0 0.0 Basalt 46 44 46 43 ShrineWall
A 2180 -66.46 2128.72
P B 2180 -66.46 0.90 2128.72 3.20 2.00 1.80 -209.8 0.0 0.0 Basalt 58 56 56 43 ShrineWall
A 2181 -68.88 2130.51
P B 2181 -68.88 0.90 2130.51 3.20 2.00 1.80 -223.1 0.0 0.0 Basalt 38 36 40 43 ShrineWall
A 2182 -70.83 2132.81
P B 2182 -70.83 0.90 2132.81 3.20 2.00 1.80 -236.4 0.0 0.0 Basalt 66 62 60 43 ShrineWall
A 2183 -72.19 2135.49
P B 2183 -72.19 0.90 2135.49 3.20 2.00 1.80 -249.7 0.0 0.0 Basalt 52 50 54 43 ShrineWall
A 2184 -72.90 2138.42
P B 2184 -72.90 0.90 2138.42 3.20 2.00 1.80 -263.0 0.0 0.0 Basalt 46 44 46 43 ShrineWall
A 2185 -72.92 2141.43
P B 2185 -72.92 0.90 2141.43 3.20 2.00 1.80 -276.3 0.0 0.0 Basalt 58 56 56 43 ShrineWall
A 2186 -72.25 2144.36
P B 2186 -72.25 0.90 2144.36 3.20 2.00 1.80 -289.6 0.0 0.0 Basalt 38 36 40 43 ShrineWall
A 2187 -62.20 2148.20
P B 2187 -62.20 3.00 2148.20 0.50 6.00 0.50 0.0 0.0 0.0 Wood 90 66 42 43 ClothPost
A 2188 -51.80 2142.20
P B 2188 -51.80 3.00 2142.20 0.50 6.00 0.50 0.0 0.0 0.0 Wood 90 66 42 43 ClothPost
A 2189 -57.00 2145.20
P B 2189 -57.00 5.60 2145.20 12.00 0.15 0.15 -30.0 0.0 0.0 Fabric 230 222 200 43 Rope
P B 2189 -60.90 4.40 2147.45 0.80 2.30 0.10 -30.0 0.0 0.0 Fabric 240 240 236 43 Cloth
P B 2189 -59.34 4.40 2146.55 0.80 2.30 0.10 -30.0 0.0 0.0 Fabric 200 40 40 43 Cloth
P B 2189 -57.78 4.40 2145.65 0.80 2.30 0.10 -30.0 0.0 0.0 Fabric 40 70 170 43 Cloth
P B 2189 -56.22 4.40 2144.75 0.80 2.30 0.10 -30.0 0.0 0.0 Fabric 230 190 40 43 Cloth
P B 2189 -54.66 4.40 2143.85 0.80 2.30 0.10 -30.0 0.0 0.0 Fabric 240 240 236 43 Cloth
P B 2189 -53.10 4.40 2142.95 0.80 2.30 0.10 -30.0 0.0 0.0 Fabric 60 140 70 43 Cloth
A 2190 330.00 2075.00
G 44 명소/용암굴_들머리
P B 2190 336.11 4.50 2072.78 4.00 10.00 5.00 -206.0 0.0 0.0 Basalt 46 44 46 44 ArchSide
P B 2190 323.89 4.50 2077.22 4.00 10.00 5.00 -194.0 0.0 0.0 Basalt 46 44 46 44 ArchSide
P B 2190 330.00 10.20 2075.00 17.00 3.20 6.00 -200.0 0.0 3.0 Basalt 38 36 40 44 ArchTop
P B 2190 330.00 12.80 2075.00 22.00 3.00 8.00 -196.0 0.0 0.0 Basalt 66 62 60 44 ArchTop2
P B 2190 331.37 4.20 2078.76 9.00 8.50 4.00 -200.0 0.0 0.0 SmoothPlastic 8 8 10 44 CaveDark
A 2191 333.46 2067.09
P B 2191 333.46 0.81 2067.09 2.69 1.89 2.42 0.0 8.0 0.0 Basalt 46 44 46 44 Rubble
A 2192 330.53 2068.46
P B 2192 330.53 0.61 2068.46 2.05 1.43 1.84 41.0 8.0 0.0 Basalt 58 56 56 44 Rubble
A 2193 328.08 2070.72
P B 2193 328.08 0.63 2070.72 2.11 1.47 1.89 82.0 8.0 0.0 Basalt 38 36 40 44 Rubble
A 2194 324.96 2071.76
P B 2194 324.96 0.62 2071.76 2.08 1.46 1.87 123.0 8.0 0.0 Basalt 66 62 60 44 Rubble
A 2195 322.46 2073.38
P B 2195 322.46 0.82 2073.38 2.75 1.92 2.47 164.0 8.0 0.0 Basalt 52 50 54 44 Rubble
G 45 명소/북포_돌_부두
P B - 660.00 -5.40 2304.00 10.50 13.20 8.60 0.4 0.0 0.0 Basalt 46 44 46 45 PierBlock
P B - 660.00 1.35 2304.00 10.00 0.50 8.20 0.0 0.0 0.0 Slate 96 92 86 45 PierTop
P B - 660.00 -5.40 2312.00 10.50 13.20 8.60 0.0 0.0 0.0 Basalt 58 56 56 45 PierBlock
P B - 660.00 1.35 2312.00 10.00 0.50 8.20 0.0 0.0 0.0 Slate 96 92 86 45 PierTop
P B - 660.00 -5.40 2320.00 10.50 13.20 8.60 -0.4 0.0 0.0 Basalt 38 36 40 45 PierBlock
P B - 660.00 1.35 2320.00 10.00 0.50 8.20 0.0 0.0 0.0 Slate 96 92 86 45 PierTop
P B - 660.00 -5.40 2328.00 10.50 13.20 8.60 1.3 0.0 0.0 Basalt 66 62 60 45 PierBlock
P B - 660.00 1.35 2328.00 10.00 0.50 8.20 0.0 0.0 0.0 Slate 96 92 86 45 PierTop
P B - 660.00 -5.40 2336.00 10.50 13.20 8.60 -0.7 0.0 0.0 Basalt 52 50 54 45 PierBlock
P B - 660.00 1.35 2336.00 10.00 0.50 8.20 0.0 0.0 0.0 Slate 96 92 86 45 PierTop
P B - 660.00 -5.40 2344.00 10.50 13.20 8.60 1.1 0.0 0.0 Basalt 46 44 46 45 PierBlock
P B - 660.00 1.35 2344.00 10.00 0.50 8.20 0.0 0.0 0.0 Slate 96 92 86 45 PierTop
P B - 660.00 -5.40 2352.00 10.50 13.20 8.60 -0.2 0.0 0.0 Basalt 58 56 56 45 PierBlock
P B - 660.00 1.35 2352.00 10.00 0.50 8.20 0.0 0.0 0.0 Slate 96 92 86 45 PierTop
P B - 660.00 -5.40 2360.00 10.50 13.20 8.60 -0.3 0.0 0.0 Basalt 38 36 40 45 PierBlock
P B - 660.00 1.35 2360.00 10.00 0.50 8.20 0.0 0.0 0.0 Slate 96 92 86 45 PierTop
P B - 660.00 -5.40 2368.00 10.50 13.20 8.60 -0.6 0.0 0.0 Basalt 66 62 60 45 PierBlock
P B - 660.00 1.35 2368.00 10.00 0.50 8.20 0.0 0.0 0.0 Slate 96 92 86 45 PierTop
P B - 660.00 -5.40 2376.00 10.50 13.20 8.60 0.2 0.0 0.0 Basalt 52 50 54 45 PierBlock
P B - 660.00 1.35 2376.00 10.00 0.50 8.20 0.0 0.0 0.0 Slate 96 92 86 45 PierTop
P B - 663.50 2.40 2376.00 1.20 2.20 1.20 0.0 0.0 0.0 Basalt 66 62 60 45 Bollard
A 2196 724.24 2366.24
G 46 명소/불턱
P B 2196 724.24 1.37 2366.24 2.60 3.14 1.80 -45.0 0.0 0.0 Basalt 38 36 40 46 Bulteok
A 2197 725.54 2364.30
P B 2197 725.54 1.39 2364.30 2.60 3.18 1.80 -67.5 0.0 0.0 Basalt 66 62 60 46 Bulteok
A 2198 726.00 2362.00
P B 2198 726.00 1.17 2362.00 2.60 2.73 1.80 -90.0 0.0 0.0 Basalt 52 50 54 46 Bulteok
A 2199 725.54 2359.70
P B 2199 725.54 1.47 2359.70 2.60 3.34 1.80 -112.5 0.0 0.0 Basalt 46 44 46 46 Bulteok
A 2200 724.24 2357.76
P B 2200 724.24 1.49 2357.76 2.60 3.37 1.80 -135.0 0.0 0.0 Basalt 58 56 56 46 Bulteok
A 2201 722.30 2356.46
P B 2201 722.30 1.13 2356.46 2.60 2.65 1.80 -157.5 0.0 0.0 Basalt 38 36 40 46 Bulteok
A 2202 720.00 2356.00
P B 2202 720.00 1.37 2356.00 2.60 3.15 1.80 -180.0 0.0 0.0 Basalt 66 62 60 46 Bulteok
A 2203 717.70 2356.46
P B 2203 717.70 1.27 2356.46 2.60 2.94 1.80 -202.5 0.0 0.0 Basalt 52 50 54 46 Bulteok
A 2204 715.76 2357.76
P B 2204 715.76 1.28 2357.76 2.60 2.96 1.80 -225.0 0.0 0.0 Basalt 46 44 46 46 Bulteok
A 2205 714.46 2359.70
P B 2205 714.46 1.29 2359.70 2.60 2.97 1.80 -247.5 0.0 0.0 Basalt 58 56 56 46 Bulteok
A 2206 714.00 2362.00
P B 2206 714.00 1.25 2362.00 2.60 2.90 1.80 -270.0 0.0 0.0 Basalt 38 36 40 46 Bulteok
A 2207 714.46 2364.30
P B 2207 714.46 1.26 2364.30 2.60 2.92 1.80 -292.5 0.0 0.0 Basalt 66 62 60 46 Bulteok
A 2208 715.76 2366.24
P B 2208 715.76 1.49 2366.24 2.60 3.38 1.80 -315.0 0.0 0.0 Basalt 52 50 54 46 Bulteok
A 2209 717.70 2367.54
P B 2209 717.70 1.43 2367.54 2.60 3.27 1.80 -337.5 0.0 0.0 Basalt 46 44 46 46 Bulteok
A 2210 720.00 2362.00
P B 2210 720.00 0.20 2362.00 3.00 0.40 3.00 0.0 0.0 0.0 Basalt 30 28 28 46 FirePit
A 2211 600.00 2112.00
G 47 명소/방사탑_서
P C 2211 600.00 0.80 2112.00 1.70 7.60 7.60 0.0 0.0 90.0 Basalt 66 63 59 47 Tap
P C 2211 600.00 2.35 2112.00 1.70 6.40 6.40 0.0 0.0 90.0 Basalt 71 67 63 47 Tap
P C 2211 600.00 3.90 2112.00 1.70 5.20 5.20 0.0 0.0 90.0 Basalt 75 71 67 47 Tap
P C 2211 600.00 5.45 2112.00 1.70 4.00 4.00 0.0 0.0 90.0 Basalt 79 75 71 47 Tap
P C 2211 600.00 7.00 2112.00 1.70 2.80 2.80 0.0 0.0 90.0 Basalt 84 79 75 47 Tap
P B 2211 600.00 8.75 2112.00 0.90 2.00 1.40 0.0 0.0 0.0 Basalt 74 70 66 47 TapBird
A 2212 700.00 2112.00
G 48 명소/방사탑_동
P C 2212 700.00 0.80 2112.00 1.70 7.60 7.60 0.0 0.0 90.0 Basalt 66 63 59 48 Tap
P C 2212 700.00 2.35 2112.00 1.70 6.40 6.40 0.0 0.0 90.0 Basalt 71 67 63 48 Tap
P C 2212 700.00 3.90 2112.00 1.70 5.20 5.20 0.0 0.0 90.0 Basalt 75 71 67 48 Tap
P C 2212 700.00 5.45 2112.00 1.70 4.00 4.00 0.0 0.0 90.0 Basalt 79 75 71 48 Tap
P C 2212 700.00 7.00 2112.00 1.70 2.80 2.80 0.0 0.0 90.0 Basalt 84 79 75 48 Tap
P B 2212 700.00 8.75 2112.00 0.90 2.00 1.40 0.0 0.0 0.0 Basalt 74 70 66 48 TapBird
A 2213 520.00 2330.00
G 49 명소/생선_말리는_덕
P B 2213 515.67 2.60 2332.50 0.50 5.20 0.50 0.0 0.0 0.0 Wood 96 72 46 49 RackPost
P B 2213 524.33 2.60 2327.50 0.50 5.20 0.50 0.0 0.0 0.0 Wood 96 72 46 49 RackPost
P B 2213 520.00 3.40 2330.00 10.50 0.30 0.30 -30.0 0.0 0.0 Wood 110 82 52 49 RackBar
P B 2213 516.54 2.50 2332.00 0.30 1.50 0.70 -30.0 0.0 0.0 SmoothPlastic 170 176 180 49 Fish
P B 2213 517.92 2.50 2331.20 0.30 1.50 0.70 -30.0 0.0 0.0 SmoothPlastic 170 176 180 49 Fish
P B 2213 519.31 2.50 2330.40 0.30 1.50 0.70 -30.0 0.0 0.0 SmoothPlastic 170 176 180 49 Fish
P B 2213 520.69 2.50 2329.60 0.30 1.50 0.70 -30.0 0.0 0.0 SmoothPlastic 170 176 180 49 Fish
P B 2213 522.08 2.50 2328.80 0.30 1.50 0.70 -30.0 0.0 0.0 SmoothPlastic 170 176 180 49 Fish
P B 2213 523.46 2.50 2328.00 0.30 1.50 0.70 -30.0 0.0 0.0 SmoothPlastic 170 176 180 49 Fish
P B 2213 520.00 4.80 2330.00 10.50 0.30 0.30 -30.0 0.0 0.0 Wood 110 82 52 49 RackBar
P B 2213 516.54 3.90 2332.00 0.30 1.50 0.70 -30.0 0.0 0.0 SmoothPlastic 170 176 180 49 Fish
P B 2213 517.92 3.90 2331.20 0.30 1.50 0.70 -30.0 0.0 0.0 SmoothPlastic 170 176 180 49 Fish
P B 2213 519.31 3.90 2330.40 0.30 1.50 0.70 -30.0 0.0 0.0 SmoothPlastic 170 176 180 49 Fish
P B 2213 520.69 3.90 2329.60 0.30 1.50 0.70 -30.0 0.0 0.0 SmoothPlastic 170 176 180 49 Fish
P B 2213 522.08 3.90 2328.80 0.30 1.50 0.70 -30.0 0.0 0.0 SmoothPlastic 170 176 180 49 Fish
P B 2213 523.46 3.90 2328.00 0.30 1.50 0.70 -30.0 0.0 0.0 SmoothPlastic 170 176 180 49 Fish
G 50 명소/배
P B - 620.00 -3.20 2360.00 3.40 0.70 11.00 -10.0 0.0 0.0 WoodPlanks 116 84 54 50 BoatBottom
P B - 618.13 -2.20 2360.33 0.40 1.80 10.40 -10.0 0.0 -14.0 WoodPlanks 127 92 59 50 BoatSide
P B - 621.87 -2.20 2359.67 0.40 1.80 10.40 -10.0 0.0 14.0 WoodPlanks 127 92 59 50 BoatSide
P W - 621.08 -2.40 2366.11 3.60 2.00 2.40 -10.0 0.0 0.0 WoodPlanks 116 84 54 50 BoatBow
P B - 620.00 -2.20 2360.00 3.20 0.30 1.00 -10.0 0.0 0.0 Wood 104 75 48 50 BoatSeat
P B - 700.00 -3.20 2375.00 3.40 0.70 11.00 20.0 0.0 0.0 WoodPlanks 116 84 54 50 BoatBottom
P B - 698.21 -2.20 2374.35 0.40 1.80 10.40 20.0 0.0 -14.0 WoodPlanks 127 92 59 50 BoatSide
P B - 701.79 -2.20 2375.65 0.40 1.80 10.40 20.0 0.0 14.0 WoodPlanks 127 92 59 50 BoatSide
P W - 697.88 -2.40 2380.83 3.60 2.00 2.40 20.0 0.0 0.0 WoodPlanks 116 84 54 50 BoatBow
P B - 700.00 -2.20 2375.00 3.20 0.30 1.00 20.0 0.0 0.0 Wood 104 75 48 50 BoatSeat
A 2214 200.00 1600.00
G 51 명소/목장_물통
P B 2214 200.00 0.80 1600.00 6.00 1.60 2.40 0.0 0.0 0.0 Wood 100 74 48 51 Trough
P B 2214 200.00 1.55 1600.00 5.20 0.20 1.70 0.0 0.0 0.0 SmoothPlastic 70 120 140 51 Water
A 2215 -230.00 1230.00
G 52 명소/산담
P S 2215 -230.00 0.20 1230.00 7.00 3.20 7.00 0.0 0.0 0.0 Grass 110 146 78 52 Mound
A 2216 -237.48 1223.72
P B 2216 -237.48 0.80 1223.72 2.70 1.80 1.60 -15.0 0.0 0.0 Basalt 46 44 46 52 Sandam
A 2217 -234.78 1223.00
P B 2217 -234.78 0.80 1223.00 2.70 1.80 1.60 -15.0 0.0 0.0 Basalt 58 56 56 52 Sandam
A 2218 -229.37 1221.55
P B 2218 -229.37 0.80 1221.55 2.70 1.80 1.60 -15.0 0.0 0.0 Basalt 66 62 60 52 Sandam
A 2219 -226.66 1220.82
P B 2219 -226.66 0.80 1220.82 2.70 1.80 1.60 -15.0 0.0 0.0 Basalt 52 50 54 52 Sandam
A 2220 -224.96 1221.75
P B 2220 -224.96 0.80 1221.75 2.70 1.80 1.60 75.0 0.0 0.0 Basalt 58 56 56 52 Sandam
A 2221 -224.27 1224.32
P B 2221 -224.27 0.80 1224.32 2.70 1.80 1.60 75.0 0.0 0.0 Basalt 38 36 40 52 Sandam
A 2222 -223.58 1226.90
P B 2222 -223.58 0.80 1226.90 2.70 1.80 1.60 75.0 0.0 0.0 Basalt 66 62 60 52 Sandam
A 2223 -222.89 1229.48
P B 2223 -222.89 0.80 1229.48 2.70 1.80 1.60 75.0 0.0 0.0 Basalt 52 50 54 52 Sandam
A 2224 -222.20 1232.05
P B 2224 -222.20 0.80 1232.05 2.70 1.80 1.60 75.0 0.0 0.0 Basalt 46 44 46 52 Sandam
A 2225 -221.51 1234.63
P B 2225 -221.51 0.80 1234.63 2.70 1.80 1.60 75.0 0.0 0.0 Basalt 58 56 56 52 Sandam
A 2226 -222.52 1236.28
P B 2226 -222.52 0.80 1236.28 2.70 1.80 1.60 -15.0 0.0 0.0 Basalt 38 36 40 52 Sandam
A 2227 -225.22 1237.00
P B 2227 -225.22 0.80 1237.00 2.70 1.80 1.60 -15.0 0.0 0.0 Basalt 66 62 60 52 Sandam
A 2228 -227.93 1237.73
P B 2228 -227.93 0.80 1237.73 2.70 1.80 1.60 -15.0 0.0 0.0 Basalt 52 50 54 52 Sandam
A 2229 -230.63 1238.45
P B 2229 -230.63 0.80 1238.45 2.70 1.80 1.60 -15.0 0.0 0.0 Basalt 46 44 46 52 Sandam
A 2230 -233.34 1239.18
P B 2230 -233.34 0.80 1239.18 2.70 1.80 1.60 -15.0 0.0 0.0 Basalt 58 56 56 52 Sandam
A 2231 -235.04 1238.25
P B 2231 -235.04 0.80 1238.25 2.70 1.80 1.60 75.0 0.0 0.0 Basalt 66 62 60 52 Sandam
A 2232 -235.73 1235.68
P B 2232 -235.73 0.80 1235.68 2.70 1.80 1.60 75.0 0.0 0.0 Basalt 52 50 54 52 Sandam
A 2233 -236.42 1233.10
P B 2233 -236.42 0.80 1233.10 2.70 1.80 1.60 75.0 0.0 0.0 Basalt 46 44 46 52 Sandam
A 2234 -237.11 1230.52
P B 2234 -237.11 0.80 1230.52 2.70 1.80 1.60 75.0 0.0 0.0 Basalt 58 56 56 52 Sandam
A 2235 -237.80 1227.95
P B 2235 -237.80 0.80 1227.95 2.70 1.80 1.60 75.0 0.0 0.0 Basalt 38 36 40 52 Sandam
A 2236 -238.49 1225.37
P B 2236 -238.49 0.80 1225.37 2.70 1.80 1.60 75.0 0.0 0.0 Basalt 66 62 60 52 Sandam
A 2237 -150.00 1305.00
P S 2237 -150.00 0.20 1305.00 7.00 3.20 7.00 0.0 0.0 0.0 Grass 110 146 78 52 Mound
A 2238 -154.13 1296.15
P B 2238 -154.13 0.80 1296.15 2.70 1.80 1.60 10.0 0.0 0.0 Basalt 46 44 46 52 Sandam
A 2239 -151.37 1296.64
P B 2239 -151.37 0.80 1296.64 2.70 1.80 1.60 10.0 0.0 0.0 Basalt 58 56 56 52 Sandam
A 2240 -145.85 1297.61
P B 2240 -145.85 0.80 1297.61 2.70 1.80 1.60 10.0 0.0 0.0 Basalt 66 62 60 52 Sandam
A 2241 -143.10 1298.09
P B 2241 -143.10 0.80 1298.09 2.70 1.80 1.60 10.0 0.0 0.0 Basalt 52 50 54 52 Sandam
A 2242 -141.95 1299.65
P B 2242 -141.95 0.80 1299.65 2.70 1.80 1.60 100.0 0.0 0.0 Basalt 58 56 56 52 Sandam
A 2243 -142.41 1302.28
P B 2243 -142.41 0.80 1302.28 2.70 1.80 1.60 100.0 0.0 0.0 Basalt 38 36 40 52 Sandam
A 2244 -142.87 1304.90
P B 2244 -142.87 0.80 1304.90 2.70 1.80 1.60 100.0 0.0 0.0 Basalt 66 62 60 52 Sandam
A 2245 -143.34 1307.53
P B 2245 -143.34 0.80 1307.53 2.70 1.80 1.60 100.0 0.0 0.0 Basalt 52 50 54 52 Sandam
A 2246 -143.80 1310.15
P B 2246 -143.80 0.80 1310.15 2.70 1.80 1.60 100.0 0.0 0.0 Basalt 46 44 46 52 Sandam
A 2247 -144.26 1312.78
P B 2247 -144.26 0.80 1312.78 2.70 1.80 1.60 100.0 0.0 0.0 Basalt 58 56 56 52 Sandam
A 2248 -145.87 1313.85
P B 2248 -145.87 0.80 1313.85 2.70 1.80 1.60 10.0 0.0 0.0 Basalt 38 36 40 52 Sandam
A 2249 -148.63 1313.36
P B 2249 -148.63 0.80 1313.36 2.70 1.80 1.60 10.0 0.0 0.0 Basalt 66 62 60 52 Sandam
A 2250 -151.39 1312.88
P B 2250 -151.39 0.80 1312.88 2.70 1.80 1.60 10.0 0.0 0.0 Basalt 52 50 54 52 Sandam
A 2251 -154.15 1312.39
P B 2251 -154.15 0.80 1312.39 2.70 1.80 1.60 10.0 0.0 0.0 Basalt 46 44 46 52 Sandam
A 2252 -156.90 1311.91
P B 2252 -156.90 0.80 1311.91 2.70 1.80 1.60 10.0 0.0 0.0 Basalt 58 56 56 52 Sandam
A 2253 -158.05 1310.35
P B 2253 -158.05 0.80 1310.35 2.70 1.80 1.60 100.0 0.0 0.0 Basalt 66 62 60 52 Sandam
A 2254 -157.59 1307.72
P B 2254 -157.59 0.80 1307.72 2.70 1.80 1.60 100.0 0.0 0.0 Basalt 52 50 54 52 Sandam
A 2255 -157.13 1305.10
P B 2255 -157.13 0.80 1305.10 2.70 1.80 1.60 100.0 0.0 0.0 Basalt 46 44 46 52 Sandam
A 2256 -156.66 1302.47
P B 2256 -156.66 0.80 1302.47 2.70 1.80 1.60 100.0 0.0 0.0 Basalt 58 56 56 52 Sandam
A 2257 -156.20 1299.85
P B 2257 -156.20 0.80 1299.85 2.70 1.80 1.60 100.0 0.0 0.0 Basalt 38 36 40 52 Sandam
A 2258 -155.74 1297.22
P B 2258 -155.74 0.80 1297.22 2.70 1.80 1.60 100.0 0.0 0.0 Basalt 66 62 60 52 Sandam
A 2259 -330.00 1175.00
P S 2259 -330.00 0.20 1175.00 7.00 3.20 7.00 0.0 0.0 0.0 Grass 110 146 78 52 Mound
A 2260 -338.85 1170.87
P B 2260 -338.85 0.80 1170.87 2.70 1.80 1.60 -30.0 0.0 0.0 Basalt 46 44 46 52 Sandam
A 2261 -336.42 1169.47
P B 2261 -336.42 0.80 1169.47 2.70 1.80 1.60 -30.0 0.0 0.0 Basalt 58 56 56 52 Sandam
A 2262 -331.58 1166.67
P B 2262 -331.58 0.80 1166.67 2.70 1.80 1.60 -30.0 0.0 0.0 Basalt 66 62 60 52 Sandam
A 2263 -329.15 1165.27
P B 2263 -329.15 0.80 1165.27 2.70 1.80 1.60 -30.0 0.0 0.0 Basalt 52 50 54 52 Sandam
A 2264 -327.27 1165.73
P B 2264 -327.27 0.80 1165.73 2.70 1.80 1.60 60.0 0.0 0.0 Basalt 58 56 56 52 Sandam
A 2265 -325.94 1168.04
P B 2265 -325.94 0.80 1168.04 2.70 1.80 1.60 60.0 0.0 0.0 Basalt 38 36 40 52 Sandam
A 2266 -324.60 1170.35
P B 2266 -324.60 0.80 1170.35 2.70 1.80 1.60 60.0 0.0 0.0 Basalt 66 62 60 52 Sandam
A 2267 -323.27 1172.65
P B 2267 -323.27 0.80 1172.65 2.70 1.80 1.60 60.0 0.0 0.0 Basalt 52 50 54 52 Sandam
A 2268 -321.94 1174.96
P B 2268 -321.94 0.80 1174.96 2.70 1.80 1.60 60.0 0.0 0.0 Basalt 46 44 46 52 Sandam
A 2269 -320.60 1177.27
P B 2269 -320.60 0.80 1177.27 2.70 1.80 1.60 60.0 0.0 0.0 Basalt 58 56 56 52 Sandam
A 2270 -321.15 1179.13
P B 2270 -321.15 0.80 1179.13 2.70 1.80 1.60 -30.0 0.0 0.0 Basalt 38 36 40 52 Sandam
A 2271 -323.58 1180.53
P B 2271 -323.58 0.80 1180.53 2.70 1.80 1.60 -30.0 0.0 0.0 Basalt 66 62 60 52 Sandam
A 2272 -326.00 1181.93
P B 2272 -326.00 0.80 1181.93 2.70 1.80 1.60 -30.0 0.0 0.0 Basalt 52 50 54 52 Sandam
A 2273 -328.42 1183.33
P B 2273 -328.42 0.80 1183.33 2.70 1.80 1.60 -30.0 0.0 0.0 Basalt 46 44 46 52 Sandam
A 2274 -330.85 1184.73
P B 2274 -330.85 0.80 1184.73 2.70 1.80 1.60 -30.0 0.0 0.0 Basalt 58 56 56 52 Sandam
A 2275 -332.73 1184.27
P B 2275 -332.73 0.80 1184.27 2.70 1.80 1.60 60.0 0.0 0.0 Basalt 66 62 60 52 Sandam
A 2276 -334.06 1181.96
P B 2276 -334.06 0.80 1181.96 2.70 1.80 1.60 60.0 0.0 0.0 Basalt 52 50 54 52 Sandam
A 2277 -335.40 1179.65
P B 2277 -335.40 0.80 1179.65 2.70 1.80 1.60 60.0 0.0 0.0 Basalt 46 44 46 52 Sandam
A 2278 -336.73 1177.35
P B 2278 -336.73 0.80 1177.35 2.70 1.80 1.60 60.0 0.0 0.0 Basalt 58 56 56 52 Sandam
A 2279 -338.06 1175.04
P B 2279 -338.06 0.80 1175.04 2.70 1.80 1.60 60.0 0.0 0.0 Basalt 38 36 40 52 Sandam
A 2280 -339.40 1172.73
P B 2280 -339.40 0.80 1172.73 2.70 1.80 1.60 60.0 0.0 0.0 Basalt 66 62 60 52 Sandam
A 2281 980.00 1560.00
P S 2281 980.00 0.20 1560.00 7.00 3.20 7.00 0.0 0.0 0.0 Grass 110 146 78 52 Mound
A 2282 973.72 1552.52
P B 2282 973.72 0.80 1552.52 2.70 1.80 1.60 -5.0 0.0 0.0 Basalt 46 44 46 52 Sandam
A 2283 976.51 1552.27
P B 2283 976.51 0.80 1552.27 2.70 1.80 1.60 -5.0 0.0 0.0 Basalt 58 56 56 52 Sandam
A 2284 982.09 1551.79
P B 2284 982.09 0.80 1551.79 2.70 1.80 1.60 -5.0 0.0 0.0 Basalt 66 62 60 52 Sandam
A 2285 984.88 1551.54
P B 2285 984.88 0.80 1551.54 2.70 1.80 1.60 -5.0 0.0 0.0 Basalt 52 50 54 52 Sandam
A 2286 986.39 1552.75
P B 2286 986.39 0.80 1552.75 2.70 1.80 1.60 85.0 0.0 0.0 Basalt 58 56 56 52 Sandam
A 2287 986.62 1555.41
P B 2287 986.62 0.80 1555.41 2.70 1.80 1.60 85.0 0.0 0.0 Basalt 38 36 40 52 Sandam
A 2288 986.86 1558.06
P B 2288 986.86 0.80 1558.06 2.70 1.80 1.60 85.0 0.0 0.0 Basalt 66 62 60 52 Sandam
A 2289 987.09 1560.72
P B 2289 987.09 0.80 1560.72 2.70 1.80 1.60 85.0 0.0 0.0 Basalt 52 50 54 52 Sandam
A 2290 987.32 1563.37
P B 2290 987.32 0.80 1563.37 2.70 1.80 1.60 85.0 0.0 0.0 Basalt 46 44 46 52 Sandam
A 2291 987.55 1566.03
P B 2291 987.55 0.80 1566.03 2.70 1.80 1.60 85.0 0.0 0.0 Basalt 58 56 56 52 Sandam
A 2292 986.28 1567.48
P B 2292 986.28 0.80 1567.48 2.70 1.80 1.60 -5.0 0.0 0.0 Basalt 38 36 40 52 Sandam
A 2293 983.49 1567.73
P B 2293 983.49 0.80 1567.73 2.70 1.80 1.60 -5.0 0.0 0.0 Basalt 66 62 60 52 Sandam
A 2294 980.70 1567.97
P B 2294 980.70 0.80 1567.97 2.70 1.80 1.60 -5.0 0.0 0.0 Basalt 52 50 54 52 Sandam
A 2295 977.91 1568.21
P B 2295 977.91 0.80 1568.21 2.70 1.80 1.60 -5.0 0.0 0.0 Basalt 46 44 46 52 Sandam
A 2296 975.12 1568.46
P B 2296 975.12 0.80 1568.46 2.70 1.80 1.60 -5.0 0.0 0.0 Basalt 58 56 56 52 Sandam
A 2297 973.61 1567.25
P B 2297 973.61 0.80 1567.25 2.70 1.80 1.60 85.0 0.0 0.0 Basalt 66 62 60 52 Sandam
A 2298 973.38 1564.59
P B 2298 973.38 0.80 1564.59 2.70 1.80 1.60 85.0 0.0 0.0 Basalt 52 50 54 52 Sandam
A 2299 973.14 1561.94
P B 2299 973.14 0.80 1561.94 2.70 1.80 1.60 85.0 0.0 0.0 Basalt 46 44 46 52 Sandam
A 2300 972.91 1559.28
P B 2300 972.91 0.80 1559.28 2.70 1.80 1.60 85.0 0.0 0.0 Basalt 58 56 56 52 Sandam
A 2301 972.68 1556.63
P B 2301 972.68 0.80 1556.63 2.70 1.80 1.60 85.0 0.0 0.0 Basalt 38 36 40 52 Sandam
A 2302 972.45 1553.97
P B 2302 972.45 0.80 1553.97 2.70 1.80 1.60 85.0 0.0 0.0 Basalt 66 62 60 52 Sandam
A 2303 1060.00 1120.00
G 53 명소/용천수_못
P C 2303 1060.00 0.25 1120.00 0.50 80.00 64.00 0.0 0.0 90.0 SmoothPlastic 64 116 132 53 Water
A 2304 1060.12 1154.55
P B 2304 1060.79 2.20 1155.72 0.30 4.40 0.30 0.0 0.0 -2.5 Grass 96 130 64 53 Reed
P B 2304 1061.38 2.20 1155.26 0.30 4.70 0.30 0.0 0.0 -3.1 Grass 96 130 64 53 Reed
P B 2304 1060.98 2.20 1156.01 0.30 5.00 0.30 0.0 0.0 5.4 Grass 96 130 64 53 Reed
P B 2304 1059.88 2.20 1155.34 0.30 5.30 0.30 0.0 0.0 1.2 Grass 96 130 64 53 Reed
P B 2304 1059.11 2.20 1155.69 0.30 5.60 0.30 0.0 0.0 -3.7 Grass 96 130 64 53 Reed
A 2305 1075.77 1151.39
P B 2305 1075.77 0.99 1151.39 4.97 2.98 3.98 33.0 0.0 0.0 Basalt 58 56 56 53 PondRock
A 2306 1088.08 1143.13
P B 2306 1088.08 0.92 1143.13 4.62 2.77 3.69 66.0 0.0 0.0 Basalt 38 36 40 53 PondRock
A 2307 1096.39 1136.24
P B 2307 1096.86 2.20 1136.57 0.30 4.40 0.30 0.0 0.0 5.4 Grass 96 130 64 53 Reed
P B 2307 1096.39 2.20 1136.77 0.30 4.70 0.30 0.0 0.0 4.5 Grass 96 130 64 53 Reed
P B 2307 1097.79 2.20 1136.01 0.30 5.00 0.30 0.0 0.0 -1.0 Grass 96 130 64 53 Reed
P B 2307 1095.03 2.20 1136.32 0.30 5.30 0.30 0.0 0.0 3.1 Grass 96 130 64 53 Reed
P B 2307 1094.89 2.20 1136.39 0.30 5.60 0.30 0.0 0.0 6.5 Grass 96 130 64 53 Reed
A 2308 1099.46 1124.54
P B 2308 1099.46 0.72 1124.54 3.58 2.15 2.87 132.0 0.0 0.0 Basalt 52 50 54 53 PondRock
A 2309 1098.86 1110.24
P B 2309 1098.86 0.72 1110.24 3.59 2.15 2.87 165.0 0.0 0.0 Basalt 46 44 46 53 PondRock
A 2310 1091.86 1100.16
P B 2310 1092.16 2.20 1099.79 0.30 4.40 0.30 0.0 0.0 0.6 Grass 96 130 64 53 Reed
P B 2310 1091.96 2.20 1100.07 0.30 4.70 0.30 0.0 0.0 0.4 Grass 96 130 64 53 Reed
P B 2310 1092.92 2.20 1100.51 0.30 5.00 0.30 0.0 0.0 0.8 Grass 96 130 64 53 Reed
P B 2310 1091.87 2.20 1098.75 0.30 5.30 0.30 0.0 0.0 2.6 Grass 96 130 64 53 Reed
P B 2310 1091.90 2.20 1101.41 0.30 5.60 0.30 0.0 0.0 -3.1 Grass 96 130 64 53 Reed
A 2311 1084.33 1095.06
P B 2311 1084.33 0.98 1095.06 4.91 2.95 3.93 231.0 0.0 0.0 Basalt 38 36 40 53 PondRock
A 2312 1072.24 1087.83
P B 2312 1072.24 0.98 1087.83 4.90 2.94 3.92 264.0 0.0 0.0 Basalt 66 62 60 53 PondRock
A 2313 1059.21 1085.79
P B 2313 1058.33 2.20 1085.60 0.30 4.40 0.30 0.0 0.0 9.9 Grass 96 130 64 53 Reed
P B 2313 1060.18 2.20 1086.65 0.30 4.70 0.30 0.0 0.0 -6.5 Grass 96 130 64 53 Reed
P B 2313 1059.92 2.20 1086.78 0.30 5.00 0.30 0.0 0.0 2.1 Grass 96 130 64 53 Reed
P B 2313 1059.34 2.20 1086.53 0.30 5.30 0.30 0.0 0.0 9.3 Grass 96 130 64 53 Reed
P B 2313 1060.35 2.20 1084.41 0.30 5.60 0.30 0.0 0.0 1.3 Grass 96 130 64 53 Reed
A 2314 1041.47 1089.58
P B 2314 1041.47 0.79 1089.58 3.95 2.37 3.16 330.0 0.0 0.0 Basalt 46 44 46 53 PondRock
A 2315 1029.58 1095.71
P B 2315 1029.58 0.57 1095.71 2.86 1.71 2.29 363.0 0.0 0.0 Basalt 58 56 56 53 PondRock
A 2316 1023.71 1105.41
P B 2316 1022.45 2.20 1104.30 0.30 4.40 0.30 0.0 0.0 -6.5 Grass 96 130 64 53 Reed
P B 2316 1025.09 2.20 1105.88 0.30 4.70 0.30 0.0 0.0 -3.5 Grass 96 130 64 53 Reed
P B 2316 1024.87 2.20 1106.83 0.30 5.00 0.30 0.0 0.0 8.5 Grass 96 130 64 53 Reed
P B 2316 1022.46 2.20 1105.01 0.30 5.30 0.30 0.0 0.0 -6.0 Grass 96 130 64 53 Reed
P B 2316 1022.71 2.20 1104.61 0.30 5.60 0.30 0.0 0.0 -4.6 Grass 96 130 64 53 Reed
A 2317 1018.22 1118.64
P B 2317 1018.22 0.84 1118.64 4.22 2.53 3.38 429.0 0.0 0.0 Basalt 66 62 60 53 PondRock
A 2318 1019.42 1126.15
P B 2318 1019.42 0.90 1126.15 4.50 2.70 3.60 462.0 0.0 0.0 Basalt 52 50 54 53 PondRock
A 2319 1026.05 1136.70
P B 2319 1024.58 2.20 1137.68 0.30 4.40 0.30 0.0 0.0 -2.4 Grass 96 130 64 53 Reed
P B 2319 1025.00 2.20 1138.18 0.30 4.70 0.30 0.0 0.0 1.4 Grass 96 130 64 53 Reed
P B 2319 1025.32 2.20 1137.22 0.30 5.00 0.30 0.0 0.0 3.3 Grass 96 130 64 53 Reed
P B 2319 1025.12 2.20 1137.80 0.30 5.30 0.30 0.0 0.0 -2.8 Grass 96 130 64 53 Reed
P B 2319 1024.70 2.20 1137.73 0.30 5.60 0.30 0.0 0.0 -7.1 Grass 96 130 64 53 Reed
A 2320 1036.01 1146.24
P B 2320 1036.01 0.87 1146.24 4.35 2.61 3.48 528.0 0.0 0.0 Basalt 58 56 56 53 PondRock
A 2321 1047.40 1152.72
P B 2321 1047.40 0.76 1152.72 3.82 2.29 3.06 561.0 0.0 0.0 Basalt 38 36 40 53 PondRock
A 2322 -58.00 1005.00
G 54 명소/돌하르방
P B 2322 -58.00 0.50 1005.00 3.20 1.00 3.00 -180.0 0.0 0.0 Basalt 46 44 46 54 HarubangBase
P B 2322 -58.00 3.00 1005.00 2.60 4.00 2.20 -180.0 0.0 0.0 Basalt 74 70 66 54 HarubangBody
P B 2322 -58.00 6.20 1005.00 2.70 2.60 2.50 -180.0 0.0 0.0 Basalt 77 73 69 54 HarubangHead
P C 2322 -58.00 7.70 1005.00 0.50 3.20 3.20 0.0 0.0 90.0 Basalt 70 66 62 54 HarubangBrim
P C 2322 -58.00 8.60 1005.00 1.40 2.30 2.30 0.0 0.0 90.0 Basalt 70 66 62 54 HarubangHat
P S 2322 -57.40 6.60 1003.75 0.80 0.80 0.50 -180.0 0.0 0.0 Basalt 40 38 38 54 HarubangEye
P B 2322 -57.30 2.60 1003.85 1.10 0.70 0.40 -180.0 0.0 0.0 Basalt 81 77 72 54 HarubangHand
P S 2322 -58.60 6.60 1003.75 0.80 0.80 0.50 -180.0 0.0 0.0 Basalt 40 38 38 54 HarubangEye
P B 2322 -58.70 3.20 1003.85 1.10 0.70 0.40 -180.0 0.0 0.0 Basalt 81 77 72 54 HarubangHand
P B 2322 -58.00 5.90 1003.60 0.70 1.00 0.60 -180.0 0.0 0.0 Basalt 81 77 72 54 HarubangNose
A 2323 -18.00 1005.00
P B 2323 -18.00 0.50 1005.00 3.20 1.00 3.00 -180.0 0.0 0.0 Basalt 46 44 46 54 HarubangBase
P B 2323 -18.00 3.00 1005.00 2.60 4.00 2.20 -180.0 0.0 0.0 Basalt 74 70 66 54 HarubangBody
P B 2323 -18.00 6.20 1005.00 2.70 2.60 2.50 -180.0 0.0 0.0 Basalt 77 73 69 54 HarubangHead
P C 2323 -18.00 7.70 1005.00 0.50 3.20 3.20 0.0 0.0 90.0 Basalt 70 66 62 54 HarubangBrim
P C 2323 -18.00 8.60 1005.00 1.40 2.30 2.30 0.0 0.0 90.0 Basalt 70 66 62 54 HarubangHat
P S 2323 -17.40 6.60 1003.75 0.80 0.80 0.50 -180.0 0.0 0.0 Basalt 40 38 38 54 HarubangEye
P B 2323 -17.30 2.60 1003.85 1.10 0.70 0.40 -180.0 0.0 0.0 Basalt 81 77 72 54 HarubangHand
P S 2323 -18.60 6.60 1003.75 0.80 0.80 0.50 -180.0 0.0 0.0 Basalt 40 38 38 54 HarubangEye
P B 2323 -18.70 3.20 1003.85 1.10 0.70 0.40 -180.0 0.0 0.0 Basalt 81 77 72 54 HarubangHand
P B 2323 -18.00 5.90 1003.60 0.70 1.00 0.60 -180.0 0.0 0.0 Basalt 81 77 72 54 HarubangNose
A 2324 940.00 1370.00
G 55 명소/현무암_바위더미
P B 2324 940.00 1.28 1369.93 9.00 3.36 7.20 20.0 1.7 0.0 Basalt 46 44 46 55 Tor
P B 2324 939.16 4.05 1369.90 7.60 3.79 6.08 49.0 -1.2 0.0 Basalt 58 56 56 55 Tor
P B 2324 940.54 7.30 1371.02 6.20 4.30 4.96 78.0 -0.0 0.0 Basalt 38 36 40 55 Tor
P B 2324 939.89 10.62 1368.81 4.80 3.95 3.84 107.0 2.1 0.0 Basalt 66 62 60 55 Tor
P B 2324 940.56 14.06 1369.61 3.40 4.53 2.72 136.0 1.3 0.0 Basalt 52 50 54 55 Tor
A 2325 946.06 1373.50
P B 2325 946.06 0.83 1373.50 2.76 1.93 2.34 0.0 10.0 0.0 Basalt 38 36 40 55 TorRock
A 2326 944.02 1364.27
P B 2326 944.02 0.89 1364.27 2.97 2.08 2.53 51.0 10.0 0.0 Basalt 66 62 60 55 TorRock
A 2327 934.64 1365.50
P B 2327 934.64 1.08 1365.50 3.60 2.52 3.06 102.0 10.0 0.0 Basalt 52 50 54 55 TorRock
A 2328 935.05 1374.95
P B 2328 935.05 1.02 1374.95 3.41 2.39 2.90 153.0 10.0 0.0 Basalt 46 44 46 55 TorRock
A 2329 -470.00 1300.00
P B 2329 -469.62 1.57 1298.85 9.00 3.94 7.20 60.0 -3.2 0.0 Basalt 46 44 46 55 Tor
P B 2329 -469.84 4.96 1300.55 7.60 4.44 6.08 89.0 -3.4 0.0 Basalt 58 56 56 55 Tor
P B 2329 -469.01 8.43 1300.45 6.20 4.11 4.96 118.0 1.7 0.0 Basalt 38 36 40 55 Tor
P B 2329 -471.07 11.56 1300.65 4.80 3.75 3.84 147.0 -0.6 0.0 Basalt 66 62 60 55 Tor
P B 2329 -469.65 14.39 1300.09 3.40 3.51 2.72 176.0 1.0 0.0 Basalt 52 50 54 55 Tor
A 2330 -463.11 1298.78
P B 2330 -463.11 1.11 1298.78 3.69 2.58 3.13 0.0 10.0 0.0 Basalt 38 36 40 55 TorRock
A 2331 -470.61 1293.03
P B 2331 -470.61 1.29 1293.03 4.31 3.02 3.66 51.0 10.0 0.0 Basalt 66 62 60 55 TorRock
A 2332 -477.00 1300.00
P B 2332 -477.00 1.05 1300.00 3.49 2.45 2.97 102.0 10.0 0.0 Basalt 52 50 54 55 TorRock
A 2333 -470.61 1306.97
P B 2333 -470.61 0.90 1306.97 3.00 2.10 2.55 153.0 10.0 0.0 Basalt 46 44 46 55 TorRock
A 2334 330.00 1560.00
P B 2334 330.46 1.57 1559.15 9.00 3.93 7.20 10.0 -3.1 0.0 Basalt 46 44 46 55 Tor
P B 2334 331.16 4.62 1560.38 7.60 3.78 6.08 39.0 2.9 0.0 Basalt 58 56 56 55 Tor
P B 2334 329.67 7.51 1560.51 6.20 3.60 4.96 68.0 2.6 0.0 Basalt 38 36 40 55 Tor
P B 2334 329.92 10.64 1559.59 4.80 4.25 3.84 97.0 -1.4 0.0 Basalt 66 62 60 55 Tor
P B 2334 331.18 13.59 1560.28 3.40 3.26 2.72 126.0 2.4 0.0 Basalt 52 50 54 55 Tor
A 2335 335.36 1564.50
P B 2335 335.36 1.30 1564.50 4.34 3.04 3.69 0.0 10.0 0.0 Basalt 38 36 40 55 TorRock
A 2336 334.95 1555.05
P B 2336 334.95 1.09 1555.05 3.63 2.54 3.09 51.0 10.0 0.0 Basalt 66 62 60 55 TorRock
A 2337 325.50 1554.64
P B 2337 325.50 0.91 1554.64 3.04 2.13 2.58 102.0 10.0 0.0 Basalt 52 50 54 55 TorRock
A 2338 324.27 1564.02
P B 2338 324.27 0.86 1564.02 2.87 2.01 2.44 153.0 10.0 0.0 Basalt 46 44 46 55 TorRock
A 2339 -40.00 2330.00
P B 2339 -40.46 1.89 2330.85 9.00 4.58 7.20 40.0 -3.0 0.0 Basalt 46 44 46 55 Tor
P B 2339 -40.76 5.35 2330.72 7.60 3.94 6.08 69.0 1.0 0.0 Basalt 58 56 56 55 Tor
P B 2339 -40.09 8.56 2328.96 6.20 4.07 4.96 98.0 0.5 0.0 Basalt 38 36 40 55 Tor
P B 2339 -41.16 11.96 2330.72 4.80 4.32 3.84 127.0 2.0 0.0 Basalt 66 62 60 55 Tor
P B 2339 -38.88 15.05 2330.60 3.40 3.46 2.72 156.0 -3.6 0.0 Basalt 52 50 54 55 Tor
A 2340 -33.11 2331.22
P B 2340 -33.11 1.07 2331.22 3.57 2.50 3.04 0.0 10.0 0.0 Basalt 38 36 40 55 TorRock
A 2341 -38.19 2323.24
P B 2341 -38.19 1.04 2323.24 3.46 2.42 2.94 51.0 10.0 0.0 Basalt 66 62 60 55 TorRock
A 2342 -46.58 2327.61
P B 2342 -46.58 1.26 2327.61 4.22 2.95 3.58 102.0 10.0 0.0 Basalt 52 50 54 55 TorRock
A 2343 -42.96 2336.34
P B 2343 -42.96 0.78 2336.34 2.60 1.82 2.21 153.0 10.0 0.0 Basalt 46 44 46 55 TorRock
