Gb_늪지대_8042_1964 2680.80 -15.50 654.68 0.35 72.99 22.34 86.26 77 72 66 -0.0 0.0
Gs_늪지대_7596_1957 2532.05 -1.78 652.66 17.95 76.68 4.70 73.85 84 82 59 -0.0 0.0
Gs_늪지대_5639_2256 1879.98 -1.90 752.22 132.24 74.79 4.67 86.18 80 79 56 -0.0 0.0
Gs_늪지대_7910_3300 2636.79 -1.60 1100.30 88.84 84.01 4.67 82.88 81 80 57 -0.0 0.0
Gs_늪지대_5795_3295 1931.94 -5.05 1098.43 99.15 87.22 4.67 79.81 81 79 56 -0.0 0.0
Gb_늪지대_8201_4045 2733.80 -17.05 1348.59 134.40 67.39 19.24 67.73 77 72 66 -0.0 0.0
Gs_늪지대_7916_2695 2638.79 -1.38 898.60 47.68 77.44 4.67 74.62 86 84 61 -0.0 0.0
Gb_늪지대_5639_2256 1879.98 -15.45 752.22 132.24 71.79 22.43 82.73 77 72 66 -0.0 0.0
Gb_늪지대_7596_1957 2532.05 -15.38 652.66 17.95 73.61 22.57 70.90 77 72 66 -0.0 0.0
Gs_늪지대_8201_4045 2733.80 -5.09 1348.59 134.40 70.20 4.67 70.55 85 83 59 -0.0 0.0
Gs_늪지대_8364_3458 2788.33 -1.66 1152.94 32.15 89.98 4.67 87.16 86 84 61 -0.0 0.0
Gb_늪지대_8483_1665 2827.68 -16.49 555.15 134.14 76.23 20.35 67.45 77 72 66 -0.0 0.0
Gs_늪지대_7602_2417 2534.03 -2.34 805.70 13.15 71.23 4.67 72.63 95 93 70 -0.0 0.0
Gs_늪지대_9549_2855 3183.27 -2.05 951.87 19.42 80.88 4.67 89.20 84 82 59 -0.0 0.0
Gs_늪지대_8500_4791 2833.63 -2.08 1597.24 28.54 89.10 4.67 89.83 85 83 59 -0.0 0.0
Gs_늪지대_7767_4341 2589.10 -1.98 1447.00 110.12 80.79 4.67 70.51 94 92 69 -0.0 0.0
Gs_늪지대_8644_4354 2881.49 -1.63 1451.37 119.05 86.22 4.67 86.08 83 81 58 -0.0 0.0
Gs_늪지대_5044_3763 1681.63 -1.65 1254.59 49.11 83.65 4.67 85.16 83 81 58 -0.0 0.0
Gb_늪지대_5500_4946 1833.53 -16.76 1648.70 153.97 77.24 19.80 69.86 77 72 66 -0.0 0.0
Gb_늪지대_9549_2855 3183.27 -15.53 951.87 19.42 77.64 22.28 85.63 77 72 66 -0.0 0.0
Gb_늪지대_8663_4958 2887.76 -16.87 1652.98 156.32 83.26 19.59 85.74 77 72 66 -0.0 0.0
Gb_늪지대_6998_2837 2332.68 -15.09 945.79 139.57 84.15 23.16 85.70 77 72 66 -0.0 0.0
Gs_늪지대_6249_3895 2083.29 -4.56 1298.41 49.76 79.34 4.67 73.96 86 84 60 -0.0 0.0
Gs_늪지대_9260_2545 3086.73 2.47 848.54 102.24 88.20 4.67 89.91 88 86 62 -0.0 0.0
Gs_늪지대_7763_4207 2587.71 -1.88 1402.58 67.31 74.59 4.70 74.56 93 91 68 -0.0 0.0
Gs_늪지대_5500_4946 1833.53 -4.53 1648.70 153.97 80.46 4.67 72.77 87 85 62 -0.0 0.0
Gs_늪지대_5967_1790 1989.03 -1.51 596.91 33.50 71.91 4.67 71.08 83 81 58 -0.0 0.0
Gs_늪지대_5032_1967 1677.34 -4.80 655.94 91.68 76.70 4.67 72.74 90 88 64 -0.0 0.0
Gs_늪지대_6998_2837 2332.68 -1.17 945.79 139.57 87.66 4.67 89.27 87 85 61 -0.0 0.0
Gb_늪지대_7752_4963 2584.17 -16.98 1654.58 148.61 75.34 19.37 70.72 77 72 66 -0.0 0.0
Gb_늪지대_5967_1790 1989.03 -15.25 596.91 33.50 69.03 22.83 68.24 77 72 66 -0.0 0.0
Gs_늪지대_8483_1665 2827.68 -3.99 555.15 134.14 79.40 4.67 70.26 84 82 58 -0.0 0.0
Gb_늪지대_7763_4207 2587.71 -15.43 1402.58 67.31 71.60 22.47 71.58 77 72 66 -0.0 0.0
Gb_늪지대_8364_3458 2788.33 -15.33 1152.94 32.15 86.38 22.67 83.67 77 72 66 -0.0 0.0
Gs_늪지대_7146_2698 2382.02 -2.01 899.44 121.92 80.20 4.67 77.53 85 83 59 -0.0 0.0
Gb_늪지대_5795_3295 1931.94 -17.03 1098.43 99.15 83.73 19.28 76.62 77 72 66 -0.0 0.0
Gb_늪지대_7916_2695 2638.79 -15.19 898.60 47.68 74.34 22.95 71.64 77 72 66 -0.0 0.0
Gb_늪지대_7767_4341 2589.10 -15.49 1447.00 110.12 77.56 22.36 67.69 77 72 66 -0.0 0.0
Gs_늪지대_9392_4360 3130.88 -4.80 1453.52 27.50 71.26 4.67 75.02 93 91 68 -0.0 0.0
Gb_늪지대_6249_3895 2083.29 -16.78 1298.41 49.76 76.16 19.78 71.00 77 72 66 -0.0 0.0
Gs_늪지대_7149_3761 2383.20 -1.38 1253.93 67.17 81.77 4.67 88.38 87 85 62 -0.0 0.0
Gb_늪지대_9567_2253 3189.08 -16.91 751.04 104.59 73.10 19.51 84.87 77 72 66 -0.0 0.0
Gs_늪지대_8047_3459 2682.58 -1.98 1153.19 66.79 89.57 4.67 82.44 83 81 58 -0.0 0.0
Gb_늪지대_5350_4509 1783.61 -16.39 1503.07 83.96 83.30 20.55 82.66 77 72 66 -0.0 0.0
Gb_늪지대_6399_2100 2133.32 -15.43 700.05 173.71 84.84 22.47 72.52 77 72 66 -0.0 0.0
Gb_늪지대_6259_4362 2086.41 -15.30 1454.24 110.19 74.61 22.74 82.76 77 72 66 -0.0 0.0
Gb_늪지대_5044_3763 1681.63 -15.32 1254.59 49.11 80.31 22.69 81.75 77 72 66 -0.0 0.0
Gb_늪지대_4601_2835 1533.94 -16.81 945.14 148.98 68.84 19.71 69.29 77 72 66 -0.0 0.0
Gs_늪지대_6259_4362 2086.41 -1.59 1454.24 110.19 77.71 4.67 86.21 85 83 59 -0.0 0.0
Gs_늪지대_9567_2253 3189.08 -4.82 751.04 104.59 76.14 4.67 88.41 84 82 58 -0.0 0.0
Gb_늪지대_5805_4361 1935.26 -15.36 1453.86 79.49 74.55 22.61 72.76 77 72 66 -0.0 0.0
Gs_늪지대_6865_4202 2288.51 -5.15 1400.77 73.10 88.29 4.67 86.77 82 80 57 -0.0 0.0
Gs_늪지대_6399_2100 2133.32 -1.87 700.05 173.71 88.38 4.67 75.55 82 80 57 -0.0 0.0
Gs_늪지대_5490_4054 1830.27 -1.71 1351.39 117.12 70.89 4.67 78.41 86 84 60 -0.0 0.0
Gb_늪지대_6865_4202 2288.51 -17.07 1400.77 73.10 84.76 19.19 83.30 77 72 66 -0.0 0.0
Gb_늪지대_6100_2998 2033.60 -15.35 999.57 14.06 71.14 22.63 83.32 77 72 66 -0.0 0.0
Gs_늪지대_5805_4361 1935.26 -1.72 1453.86 79.49 77.66 4.67 75.79 83 81 58 -0.0 0.0
Gb_늪지대_8784_4033 2928.07 -15.64 1344.39 87.16 83.58 22.06 82.59 77 72 66 -0.0 0.0
Gb_늪지대_7444_4648 2481.48 -16.49 1549.45 31.50 75.45 20.34 70.94 77 72 66 -0.0 0.0
Gb_늪지대_5032_1967 1677.34 -16.90 655.94 91.68 73.63 19.53 69.83 77 72 66 -0.0 0.0
Gs_늪지대_7766_2851 2588.67 -1.94 950.56 146.03 72.00 4.67 76.86 82 80 57 -0.0 0.0
Gs_늪지대_8784_4033 2928.07 -2.28 1344.39 87.16 87.06 4.67 86.03 90 88 65 -0.0 0.0
Gb_늪지대_7149_3761 2383.20 -15.19 1253.93 67.17 78.50 22.95 84.84 77 72 66 -0.0 0.0
Gs_늪지대_6411_1667 2137.07 -1.91 555.90 8.67 77.17 4.67 89.89 83 81 57 -0.0 0.0
Gb_늪지대_5490_4054 1830.27 -15.36 1351.39 117.12 68.06 22.62 75.28 77 72 66 -0.0 0.0
Gs_늪지대_9538_2388 3179.38 -3.16 796.17 52.12 88.50 4.67 76.69 88 86 63 -0.0 0.0
Gs_늪지대_6100_2998 2033.60 -1.71 999.57 14.06 74.10 4.67 86.80 84 82 58 -0.0 0.0
Gs_늪지대_9087_2412 3029.20 4.04 804.16 99.43 86.01 4.67 85.61 91 89 66 -0.0 0.0
Gb_늪지대_7766_2851 2588.67 -15.47 950.56 146.03 69.12 22.39 73.78 77 72 66 -0.0 0.0
Gs_늪지대_5350_4509 1783.61 -3.78 1503.07 83.96 86.78 4.67 86.10 87 85 61 -0.0 0.0
Gs_늪지대_7444_4648 2481.48 -3.99 1549.45 31.50 78.60 4.67 73.89 82 80 57 -0.0 0.0
Gb_늪지대_8661_4186 2887.15 -16.26 1395.39 33.29 75.19 20.81 72.19 77 72 66 -0.0 0.0
Gs_늪지대_8663_4958 2887.76 -4.74 1652.98 156.32 86.73 4.67 89.31 81 80 57 -0.0 0.0
Gb_늪지대_5189_3904 1729.83 -15.43 1301.47 174.17 83.30 22.47 76.49 77 72 66 -0.0 0.0
Gb_늪지대_7162_2244 2387.54 -16.99 748.22 156.85 69.07 19.35 73.38 77 72 66 -0.0 0.0
Gs_늪지대_6559_2993 2186.47 -1.81 997.98 95.16 73.67 4.67 77.67 83 81 58 -0.0 0.0
Gb_늪지대_9097_4060 3032.63 -15.56 1353.35 76.61 81.10 22.21 71.74 77 72 66 -0.0 0.0
Gb_늪지대_6253_1949 2084.43 -15.49 649.78 27.93 83.07 22.35 78.96 77 72 66 -0.0 0.0
Gb_늪지대_6399_4651 2133.04 -15.62 1550.43 79.15 81.97 22.09 78.82 77 72 66 -0.0 0.0
Gs_늪지대_5790_1810 1930.32 -1.59 603.35 113.02 79.55 4.67 86.20 84 82 58 -0.0 0.0
Gs_늪지대_6253_1949 2084.43 -1.98 649.78 27.93 86.53 4.67 82.25 93 91 68 -0.0 0.0
Gb_늪지대_6695_3599 2231.92 -15.27 1199.86 130.33 85.29 22.79 76.08 77 72 66 -0.0 0.0
Gb_늪지대_9392_4360 3130.88 -16.90 1453.52 27.50 68.41 19.53 72.02 77 72 66 -0.0 0.0
Gs_늪지대_5949_2257 1983.33 -1.94 752.45 45.90 71.84 4.67 84.14 90 88 64 -0.0 0.0
Gb_늪지대_7748_4044 2582.71 -15.28 1348.17 18.39 67.77 22.78 74.79 77 72 66 -0.0 0.0
Gb_늪지대_5361_3432 1787.21 -15.31 1144.33 6.20 74.97 22.71 69.28 77 72 66 -0.0 0.0
Gb_늪지대_5949_2257 1983.33 -15.47 752.45 45.90 68.97 22.39 80.78 77 72 66 -0.0 0.0
Gb_늪지대_9535_4347 3178.61 -16.36 1449.12 174.67 71.64 20.61 69.17 77 72 66 -0.0 0.0
Gs_늪지대_9097_4060 3032.63 -2.13 1353.35 76.61 84.48 4.67 74.73 83 81 58 -0.0 0.0
Gs_늪지대_5361_3432 1787.21 -1.62 1144.33 6.20 78.09 4.67 72.17 85 83 59 -0.0 0.0
Gs_늪지대_7448_3014 2482.74 -0.26 1004.91 53.43 88.91 4.67 72.82 82 80 57 -0.0 0.0
Gb_늪지대_9403_3140 3134.50 -15.35 1046.87 139.48 73.94 22.63 67.46 77 72 66 -0.0 0.0
Gs_늪지대_5189_3904 1729.83 -1.86 1301.47 174.17 86.77 4.67 79.68 89 87 64 -0.0 0.0
Gb_늪지대_7889_2085 2629.94 -15.28 695.27 20.28 82.72 22.77 82.82 77 72 66 -0.0 0.0
Gs_늪지대_6710_3739 2236.86 -1.51 1246.52 45.23 89.79 4.67 86.37 83 81 58 -0.0 0.0
Gs_늪지대_7889_2085 2629.94 -1.56 695.27 20.28 86.17 4.67 86.27 85 83 59 -0.0 0.0
Gs_늪지대_6097_3312 2032.55 -3.97 1104.23 123.56 70.02 4.67 82.46 82 80 57 -0.0 0.0
Gs_늪지대_4745_3888 1581.80 -2.23 1296.08 152.59 85.98 4.67 83.30 87 85 62 -0.0 0.0
Gb_늪지대_7602_2417 2534.03 -15.67 805.70 13.15 68.38 22.00 69.72 77 72 66 -0.0 0.0
Gb_늪지대_6097_3312 2032.55 -16.48 1104.23 123.56 67.22 20.36 79.16 77 72 66 -0.0 0.0
Gs_늪지대_9535_4347 3178.61 -3.72 1449.12 174.67 74.62 4.67 72.05 85 83 59 -0.0 0.0
Gb_늪지대_6260_2716 2086.70 -15.31 905.45 27.05 82.33 22.72 68.72 77 72 66 -0.0 0.0
Gb_늪지대_4458_3461 1486.15 -15.59 1153.70 58.08 71.20 22.14 69.48 77 72 66 -0.0 0.0
Gb_늪지대_4745_3888 1581.80 -15.61 1296.08 152.59 82.54 22.11 79.97 77 72 66 -0.0 0.0
Gs_늪지대_9403_3140 3134.50 -1.70 1046.87 139.48 77.02 4.67 70.28 80 78 56 -0.0 0.0
Gb_늪지대_9538_2388 3179.38 -16.08 796.17 52.12 84.96 21.17 73.62 77 72 66 -0.0 0.0
Gs_늪지대_4458_3461 1486.15 -2.19 1153.70 58.08 74.17 4.67 72.38 85 83 59 -0.0 0.0
Gb_늪지대_5065_4033 1688.44 -15.39 1344.58 118.82 85.63 22.56 71.07 77 72 66 -0.0 0.0
Gs_늪지대_7615_4949 2538.50 -5.02 1649.82 57.54 82.32 4.67 82.88 81 79 56 -0.0 0.0
Gb_늪지대_6710_3739 2236.86 -15.25 1246.52 45.23 86.20 22.83 82.91 77 72 66 -0.0 0.0
Gs_늪지대_5065_4033 1688.44 -1.79 1344.58 118.82 89.20 4.70 74.03 84 82 59 -0.0 0.0
Gb_늪지대_7615_4949 2538.50 -17.01 1649.82 57.54 79.03 19.31 79.57 77 72 66 -0.0 0.0
Gb_늪지대_4616_3152 1538.86 -15.21 1050.98 113.80 81.39 22.90 76.96 77 72 66 -0.0 0.0
Gs_늪지대_6854_3898 2284.93 -1.76 1299.49 134.71 88.95 4.67 79.87 83 81 57 -0.0 0.0
Gs_늪지대_7305_3282 2435.14 3.24 1094.31 58.58 73.17 4.67 88.30 82 80 57 -0.0 0.0
Gs_늪지대_8066_2557 2688.92 -1.74 852.41 129.61 72.11 4.67 81.85 91 89 66 -0.0 0.0
Gs_늪지대_8814_4483 2938.11 -2.13 1494.38 23.71 70.93 4.67 85.30 90 88 65 -0.0 0.0
Gb_늪지대_9260_2545 3086.73 -13.26 848.54 102.24 84.67 26.80 86.31 77 72 66 -0.0 0.0
Gs_늪지대_4616_3152 1538.86 -1.45 1050.98 113.80 84.79 4.70 80.17 91 89 66 -0.0 0.0
Gb_늪지대_8066_2557 2688.92 -15.37 852.41 129.61 69.23 22.59 78.57 77 72 66 -0.0 0.0
Gb_늪지대_9113_1940 3037.94 -16.48 646.76 117.84 86.26 20.36 85.55 77 72 66 -0.0 0.0
Gs_늪지대_8060_1510 2686.91 -5.14 503.39 62.86 89.74 4.67 81.67 86 84 61 -0.0 0.0
Gb_늪지대_5790_1810 1930.32 -15.29 603.35 113.02 76.37 22.74 82.75 77 72 66 -0.0 0.0
Gb_늪지대_8814_4483 2938.11 -15.57 1494.38 23.71 68.10 22.20 81.89 77 72 66 -0.0 0.0
Gb_늪지대_7147_2561 2382.42 -16.87 853.83 16.71 74.35 19.58 72.42 77 72 66 -0.0 0.0
Gs_늪지대_5363_3308 1787.69 -3.40 1102.74 150.33 86.56 4.67 74.90 92 90 67 -0.0 0.0
Gb_늪지대_6687_3440 2229.33 -15.45 1146.85 82.49 72.72 22.43 72.88 77 72 66 -0.0 0.0
Gs_늪지대_6260_2716 2086.70 -1.62 905.45 27.05 85.76 4.67 71.58 83 81 58 -0.0 0.0
Gs_늪지대_9099_3593 3033.29 -4.68 1197.99 9.83 75.40 4.67 83.32 85 83 59 -0.0 0.0
Gs_늪지대_6245_4790 2081.95 -2.32 1596.85 118.97 80.72 4.67 70.29 84 82 58 -0.0 0.0
Gs_늪지대_6687_3440 2229.33 -1.90 1146.85 82.49 75.75 4.67 75.92 81 79 56 -0.0 0.0
Gb_늪지대_4762_3447 1587.60 -15.49 1149.24 112.97 70.51 22.36 81.23 77 72 66 -0.0 0.0
Gs_늪지대_5483_2698 1827.70 -4.83 899.66 63.33 80.12 4.67 74.45 88 86 62 -0.0 0.0
Gs_늪지대_8041_4055 2680.58 -2.26 1351.80 40.79 83.70 4.67 71.93 81 79 57 -0.0 0.0
Gb_늪지대_7305_3282 2435.14 -12.88 1094.31 58.58 70.24 27.57 84.77 77 72 66 -0.0 0.0
Gb_늪지대_8634_1642 2878.13 -16.98 547.55 14.12 70.08 19.37 86.03 77 72 66 -0.0 0.0
Gs_늪지대_7147_2561 2382.42 -4.75 853.83 16.71 77.45 4.67 75.43 90 88 64 -0.0 0.0
Gs_늪지대_6240_3010 2080.28 -1.82 1003.66 36.70 82.41 4.67 79.47 82 80 57 -0.0 0.0
Gb_늪지대_5363_3308 1787.69 -16.20 1102.74 150.33 83.10 20.93 71.90 77 72 66 -0.0 0.0
Gs_늪지대_4454_3588 1484.68 -1.79 1196.20 175.82 88.54 4.67 74.94 89 87 63 -0.0 0.0
Gb_늪지대_5483_2698 1827.70 -16.91 899.66 63.33 76.92 19.50 71.48 77 72 66 -0.0 0.0
Gb_늪지대_6556_2097 2185.62 -16.22 699.25 10.48 75.04 20.89 85.21 77 72 66 -0.0 0.0
Gs_늪지대_4290_3762 1430.20 -4.58 1254.27 130.70 79.88 4.67 83.32 84 82 59 -0.0 0.0
Gb_늪지대_7607_3606 2535.76 -15.30 1202.33 41.68 68.43 22.73 76.15 77 72 66 -0.0 0.0
Gs_늪지대_8792_3909 2930.82 -4.72 1303.17 61.08 76.62 4.70 81.86 87 85 61 -0.0 0.0
Gs_늪지대_9113_1940 3037.94 -3.97 646.76 117.84 89.85 4.67 89.12 85 83 59 -0.0 0.0
Gb_늪지대_6854_3898 2284.93 -15.38 1299.49 134.71 85.39 22.57 76.68 77 72 66 -0.0 0.0
Gb_늪지대_5785_3890 1928.34 -16.87 1296.99 93.22 81.23 19.60 78.50 77 72 66 -0.0 0.0
Gb_늪지대_8338_1482 2779.45 -17.00 494.02 83.66 78.10 19.34 77.67 77 72 66 -0.0 0.0
Gb_늪지대_7599_4207 2533.27 -15.19 1402.56 137.14 80.28 22.95 85.33 77 72 66 -0.0 0.0
Gs_늪지대_5793_3601 1931.28 -4.63 1200.45 2.02 78.02 4.67 85.96 95 93 71 -0.0 0.0
Gs_늪지대_7599_4207 2533.27 -1.38 1402.56 137.14 83.62 4.67 88.89 87 85 62 -0.0 0.0
Gb_늪지대_7915_4208 2638.35 -15.26 1403.00 23.54 79.17 22.81 68.18 77 72 66 -0.0 0.0
Gs_늪지대_5952_2393 1984.22 -1.60 797.99 98.88 83.68 4.67 85.37 86 84 60 -0.0 0.0
Gb_늪지대_8955_4492 2985.23 -16.82 1497.64 60.69 80.79 19.69 84.54 77 72 66 -0.0 0.0
Gs_늪지대_8955_4492 2985.23 -4.64 1497.64 60.69 84.16 4.67 88.07 84 82 58 -0.0 0.0
Gs_늪지대_7915_4208 2638.35 -1.52 1403.00 23.54 82.47 4.67 71.02 92 90 67 -0.0 0.0
Gs_늪지대_5961_4817 1987.27 -1.81 1605.96 136.34 72.72 4.67 86.93 86 84 60 -0.0 0.0
Gs_늪지대_5482_4645 1827.60 -3.70 1548.37 9.47 76.23 4.67 72.51 82 80 57 -0.0 0.0
Gb_늪지대_6264_3449 2088.24 -16.51 1149.86 7.00 80.78 20.31 79.12 77 72 66 -0.0 0.0
Gs_늪지대_7609_4507 2536.48 -1.52 1502.44 79.71 76.18 4.67 81.15 84 82 58 -0.0 0.0
Gb_늪지대_8792_3909 2930.82 -16.85 1303.17 61.08 73.55 19.63 78.58 77 72 66 -0.0 0.0
Gb_늪지대_9092_2717 3030.92 -14.85 905.84 123.31 80.07 23.63 69.26 77 72 66 -0.0 0.0
Gs_늪지대_6546_4334 2182.22 -5.16 1444.83 29.80 72.58 4.67 77.85 95 93 70 -0.0 0.0
Gb_늪지대_7438_3460 2479.34 -14.71 1153.65 131.92 81.11 23.92 71.32 77 72 66 -0.0 0.0
Gb_늪지대_5961_4817 1987.27 -15.40 1605.96 136.34 69.81 22.53 83.46 77 72 66 -0.0 0.0
Gs_늪지대_5499_4508 1833.03 -1.48 1502.83 150.26 71.95 4.67 78.48 86 84 60 -0.0 0.0
Gb_늪지대_4742_2844 1580.84 -15.61 948.24 64.31 76.58 22.12 79.16 77 72 66 -0.0 0.0
Gs_늪지대_8634_1642 2878.13 -4.96 547.55 14.12 73.00 4.67 89.62 95 93 71 -0.0 0.0
Gb_늪지대_5499_4508 1833.03 -15.24 1502.83 150.26 69.07 22.85 75.34 77 72 66 -0.0 0.0
Gb_늪지대_5482_4645 1827.60 -16.35 1548.37 9.47 73.18 20.64 69.61 77 72 66 -0.0 0.0
Gs_늪지대_8490_1507 2830.10 -4.92 502.42 85.97 80.54 4.67 76.37 92 90 67 -0.0 0.0
Gb_늪지대_5952_2393 1984.22 -15.30 797.99 98.88 80.33 22.74 81.96 77 72 66 -0.0 0.0
Gs_늪지대_8942_2547 2980.83 0.10 849.01 65.80 77.16 4.67 80.01 81 79 56 -0.0 0.0
Gs_늪지대_5212_2862 1737.64 -2.37 954.01 28.07 87.61 4.67 80.16 81 79 57 -0.0 0.0
Gs_늪지대_7607_3606 2535.76 -1.60 1202.33 41.68 71.28 4.67 79.33 83 81 58 -0.0 0.0
Gs_늪지대_5785_3890 1928.34 -4.74 1296.99 93.22 84.61 4.67 81.77 87 85 62 -0.0 0.0
Gb_늪지대_7307_3743 2435.91 -15.49 1247.89 77.68 70.79 22.35 73.95 77 72 66 -0.0 0.0
Gs_늪지대_9116_3736 3038.91 -3.50 1245.62 168.36 85.13 4.67 73.75 84 82 59 -0.0 0.0
Gb_늪지대_5655_1799 1885.01 -15.44 599.96 122.52 75.27 22.45 71.33 77 72 66 -0.0 0.0
Gs_늪지대_7307_3743 2435.91 -1.98 1247.89 77.68 73.74 4.67 77.03 86 84 61 -0.0 0.0
Gb_늪지대_5032_2085 1677.60 -16.86 695.20 107.43 84.22 19.61 78.38 77 72 66 -0.0 0.0
Gs_늪지대_8501_2553 2833.75 -1.37 851.22 127.78 88.54 4.67 89.26 90 88 64 -0.0 0.0
Gb_늪지대_9712_3016 3237.37 -16.85 1005.39 10.57 68.22 19.63 81.40 77 72 66 -0.0 0.0
Gs_늪지대_5037_4213 1679.19 -3.81 1404.53 20.65 81.12 4.67 79.54 82 80 57 -0.0 0.0
Gs_늪지대_9712_3016 3237.37 -4.70 1005.39 10.57 71.07 4.67 84.79 81 79 56 -0.0 0.0
Gb_늪지대_9382_1950 3127.49 -16.97 650.04 33.79 83.17 19.39 72.16 77 72 66 -0.0 0.0
Gb_늪지대_9099_3593 3033.29 -16.84 1197.99 9.83 72.38 19.66 79.99 77 72 66 -0.0 0.0
Gb_늪지대_8357_2244 2785.98 -15.46 748.32 104.65 86.19 22.41 78.04 77 72 66 -0.0 0.0
Gs_늪지대_8357_2244 2785.98 -1.92 748.32 104.65 89.78 4.67 81.29 92 90 66 -0.0 0.0
Gs_늪지대_9382_1950 3127.49 -4.94 650.04 33.79 86.63 4.67 75.17 84 82 59 -0.0 0.0
Gs_늪지대_6264_3449 2088.24 -4.02 1149.86 7.00 84.14 4.67 82.42 95 93 71 -0.0 0.0
Gb_늪지대_9116_3736 3038.91 -16.25 1245.62 168.36 81.73 20.83 70.80 77 72 66 -0.0 0.0
Gb_늪지대_9706_3442 3235.46 -16.87 1147.46 154.39 68.34 19.58 73.37 77 72 66 -0.0 0.0
Gb_늪지대_7609_4507 2536.48 -15.26 1502.44 79.71 73.13 22.81 77.90 77 72 66 -0.0 0.0
Gs_늪지대_8183_4510 2727.94 -1.61 1503.37 61.73 81.68 4.67 79.57 93 91 68 -0.0 0.0
Gs_늪지대_8344_4498 2781.37 -1.89 1499.52 33.18 77.09 4.67 71.45 85 83 59 -0.0 0.0
Gb_늪지대_6240_3010 2080.28 -15.41 1003.66 36.70 79.11 22.51 76.29 77 72 66 -0.0 0.0
Gb_늪지대_8183_4510 2727.94 -15.30 1503.37 61.73 78.41 22.73 76.38 77 72 66 -0.0 0.0
Gb_늪지대_4454_3588 1484.68 -15.39 1196.20 175.82 85.00 22.55 71.94 77 72 66 -0.0 0.0
Gb_늪지대_8501_2553 2833.75 -15.18 851.22 127.78 85.00 22.97 85.69 77 72 66 -0.0 0.0
Gb_늪지대_6559_2993 2186.47 -15.40 997.98 95.16 70.72 22.53 74.57 77 72 66 -0.0 0.0
Gs_늪지대_4883_3582 1627.87 -1.51 1194.08 19.66 87.35 4.67 70.46 83 81 58 -0.0 0.0
Gs_늪지대_4762_3447 1587.60 -1.97 1149.24 112.97 73.44 4.67 84.61 83 81 58 -0.0 0.0
Gs_늪지대_7599_3008 2533.06 -1.38 1002.67 121.77 84.17 4.67 80.94 87 85 61 -0.0 0.0
Gs_늪지대_5032_2085 1677.60 -4.73 695.20 107.43 87.73 4.67 81.65 90 88 65 -0.0 0.0
Gb_늪지대_6245_4790 2081.95 -15.66 1596.85 118.97 77.49 22.01 67.48 77 72 66 -0.0 0.0
Gs_늪지대_6556_2097 2185.62 -3.44 699.25 10.48 78.17 4.67 88.76 86 84 60 -0.0 0.0
Gb_늪지대_8942_2547 2980.83 -14.45 849.01 65.80 74.08 24.44 76.81 77 72 66 -0.0 0.0
Gs_늪지대_7438_3460 2479.34 -0.42 1153.65 131.92 84.49 4.67 74.29 84 82 59 -0.0 0.0
Gb_늪지대_8796_2100 2932.02 -15.27 700.30 31.76 73.44 22.80 80.50 77 72 66 -0.0 0.0
Gs_늪지대_8796_2100 2932.02 -1.53 700.30 31.76 76.50 4.67 83.86 85 83 59 -0.0 0.0
Gb_늪지대_8344_4498 2781.37 -15.44 1499.52 33.18 74.01 22.45 68.59 77 72 66 -0.0 0.0
Gb_늪지대_4467_3006 1489.20 -16.93 1002.27 58.32 77.91 19.47 84.81 77 72 66 -0.0 0.0
Gb_늪지대_9234_3012 3078.12 -15.22 1004.30 70.30 70.24 22.89 76.76 77 72 66 -0.0 0.0
Gs_늪지대_8338_1482 2779.45 -4.99 494.02 83.66 81.36 4.67 80.90 90 88 64 -0.0 0.0
Gb_늪지대_7766_4506 2588.76 -15.29 1502.22 53.10 80.96 22.75 70.93 77 72 66 -0.0 0.0
Gb_늪지대_7599_3008 2533.06 -15.19 1002.67 121.77 80.81 22.96 77.70 77 72 66 -0.0 0.0
Gs_늪지대_6399_4651 2133.04 -2.24 1550.43 79.15 85.39 4.67 82.11 83 81 58 -0.0 0.0
Gs_늪지대_8483_3287 2827.72 -1.61 1095.85 135.19 83.08 4.67 79.50 84 82 58 -0.0 0.0
Gs_늪지대_5197_2111 1732.34 -1.85 703.69 86.62 78.24 4.67 83.52 89 87 63 -0.0 0.0
Gb_늪지대_4883_3582 1627.87 -15.26 1194.08 19.66 83.86 22.82 67.64 77 72 66 -0.0 0.0
Gb_늪지대_6242_3764 2080.80 -16.80 1254.85 85.00 77.29 19.74 72.94 77 72 66 -0.0 0.0
Gs_늪지대_4467_3006 1489.20 -4.86 1002.27 58.32 81.16 4.67 88.34 92 90 67 -0.0 0.0
Gb_늪지대_9690_3148 3230.27 -16.77 1049.47 128.81 72.45 19.79 72.52 77 72 66 -0.0 0.0
Gs_늪지대_5817_2567 1939.25 -3.65 855.70 89.21 70.70 4.67 73.92 84 82 58 -0.0 0.0
Gs_늪지대_9690_3148 3230.27 -4.55 1049.47 128.81 75.47 4.67 75.54 90 88 65 -0.0 0.0
Gb_늪지대_5212_2862 1737.64 -15.69 954.01 28.07 84.11 21.96 76.95 77 72 66 -0.0 0.0
Gb_늪지대_5197_2111 1732.34 -15.42 703.69 86.62 75.11 22.48 80.18 77 72 66 -0.0 0.0
Gb_늪지대_9836_2556 3278.78 -16.77 852.02 32.38 85.14 19.78 68.75 77 72 66 -0.0 0.0
Gb_늪지대_9691_3890 3230.47 -16.97 1296.67 168.84 81.46 19.38 81.94 77 72 66 -0.0 0.0
Gs_늪지대_7766_4506 2588.76 -1.59 1502.22 53.10 84.33 4.67 73.88 87 85 61 -0.0 0.0
Gb_늪지대_7463_3135 2487.67 -14.31 1045.14 22.34 68.05 24.72 78.77 77 72 66 -0.0 0.0
Gs_늪지대_5492_4813 1830.82 -4.56 1604.37 179.84 75.23 4.67 83.40 81 79 57 -0.0 0.0
Gb_늪지대_7766_3752 2588.90 -15.33 1250.94 22.96 71.05 22.67 78.94 77 72 66 -0.0 0.0
Gs_늪지대_7308_4663 2436.17 -5.12 1554.36 171.53 85.96 4.67 76.63 87 85 61 -0.0 0.0
Gs_늪지대_7595_1782 2531.72 -1.75 594.23 12.00 79.04 4.70 83.06 83 81 58 -0.0 0.0
Gs_늪지대_7162_1782 2387.37 -1.85 594.07 90.03 77.45 4.67 88.61 94 92 69 -0.0 0.0
Gs_늪지대_9836_2556 3278.78 -4.55 852.02 32.38 88.69 4.67 71.62 88 86 63 -0.0 0.0
Gb_늪지대_5192_4047 1730.75 -15.40 1349.11 0.28 85.95 22.52 76.36 77 72 66 -0.0 0.0
Gs_늪지대_8038_3311 2679.54 -1.63 1103.74 160.00 79.97 4.67 87.80 82 80 57 -0.0 0.0
Gs_늪지대_5655_1799 1885.01 -1.88 599.96 122.52 78.41 4.67 74.30 82 80 57 -0.0 0.0
Gs_늪지대_5348_2987 1782.78 -4.87 996.00 156.76 73.72 4.67 75.50 85 83 59 -0.0 0.0
Gs_늪지대_6095_2416 2031.78 -1.89 805.37 85.89 74.47 4.67 77.90 84 82 58 -0.0 0.0
Gs_늪지대_4884_3163 1628.30 -1.84 1054.64 48.67 72.23 4.67 70.87 91 89 66 -0.0 0.0
Gs_늪지대_9234_3012 3078.12 -1.46 1004.30 70.30 73.17 4.70 79.96 94 92 69 -0.0 0.0
Gb_늪지대_5348_2987 1782.78 -16.93 996.00 156.76 70.77 19.47 72.48 77 72 66 -0.0 0.0
Gs_늪지대_7766_3752 2588.90 -1.66 1250.94 22.96 74.01 4.67 82.23 83 81 58 -0.0 0.0
Gs_늪지대_5948_4640 1982.86 -1.53 1546.76 51.43 83.83 4.67 89.06 83 81 58 -0.0 0.0
Gs_늪지대_7438_1482 2479.44 -4.76 494.31 164.42 77.54 4.67 81.56 82 80 57 -0.0 0.0
Gb_늪지대_6116_4938 2038.79 -16.85 1646.21 131.42 68.11 19.64 80.25 77 72 66 -0.0 0.0
Gb_늪지대_7438_1482 2479.44 -16.88 494.31 164.42 74.44 19.57 78.30 77 72 66 -0.0 0.0
Gb_늪지대_6095_2416 2031.78 -15.45 805.37 85.89 71.49 22.44 74.78 77 72 66 -0.0 0.0
Gb_늪지대_5492_4813 1830.82 -16.78 1604.37 179.84 72.22 19.77 80.06 77 72 66 -0.0 0.0
Gb_늪지대_7308_4663 2436.17 -17.06 1554.36 171.53 82.52 19.21 73.56 77 72 66 -0.0 0.0
Gb_늪지대_8483_3287 2827.72 -15.30 1095.85 135.19 79.76 22.73 76.32 77 72 66 -0.0 0.0
Gb_늪지대_6385_2540 2128.39 -15.36 846.88 80.51 78.64 22.61 74.78 77 72 66 -0.0 0.0
Gb_늪지대_5367_4050 1789.10 -15.18 1350.03 14.15 68.72 22.97 67.38 77 72 66 -0.0 0.0
Gs_늪지대_6385_2540 2128.39 -1.73 846.88 80.51 81.92 4.67 77.90 86 84 60 -0.0 0.0
Gs_늪지대_7162_2244 2387.54 -4.98 748.22 156.85 71.94 4.67 76.44 86 84 60 -0.0 0.0
Gs_늪지대_5367_4050 1789.10 -1.37 1350.03 14.15 71.58 4.67 70.18 82 80 57 -0.0 0.0
Gs_늪지대_7444_4814 2481.38 -5.01 1604.74 136.68 73.04 4.67 89.53 85 83 59 -0.0 0.0
Gb_늪지대_5037_4213 1679.19 -16.41 1404.53 20.65 77.88 20.52 76.36 77 72 66 -0.0 0.0
Gb_늪지대_5934_3306 1978.13 -16.98 1102.18 22.53 78.07 19.38 69.37 77 72 66 -0.0 0.0
Gb_늪지대_7001_2232 2333.77 -16.48 744.04 106.84 78.59 20.37 80.93 77 72 66 -0.0 0.0
Gb_늪지대_9400_2859 3133.52 -15.23 953.33 101.66 69.30 22.86 78.37 77 72 66 -0.0 0.0
Gb_늪지대_9710_3756 3236.80 -16.99 1252.16 1.86 73.05 19.35 73.90 77 72 66 -0.0 0.0
Gb_늪지대_7617_1505 2539.02 -16.87 501.78 60.02 79.87 19.59 83.19 77 72 66 -0.0 0.0
Gb_늪지대_9267_2715 3089.07 -14.75 905.10 114.67 76.28 23.84 78.39 77 72 66 -0.0 0.0
Gs_늪지대_6410_3441 2136.73 -1.89 1147.08 101.51 71.96 4.67 82.32 94 92 69 -0.0 0.0
Gs_늪지대_9400_2859 3133.52 -1.47 953.33 101.66 72.19 4.67 81.64 95 93 71 -0.0 0.0
Gb_늪지대_5948_4640 1982.86 -15.27 1546.76 51.43 80.48 22.80 85.49 77 72 66 -0.0 0.0
Gs_늪지대_9710_3756 3236.80 -4.99 1252.16 1.86 76.09 4.67 76.97 95 93 71 -0.0 0.0
Gb_늪지대_5793_3601 1931.28 -16.81 1200.45 2.02 74.90 19.71 82.52 77 72 66 -0.0 0.0
Gb_늪지대_7595_1782 2531.72 -15.37 594.23 12.00 75.88 22.60 79.74 77 72 66 -0.0 0.0
Gb_늪지대_9410_2552 3136.94 -14.23 850.86 160.91 72.18 24.87 70.75 77 72 66 -0.0 0.0
Gs_늪지대_4888_3882 1629.44 -1.81 1294.21 159.75 76.55 4.67 73.62 95 93 70 -0.0 0.0
Gb_늪지대_6535_2839 2178.39 -15.41 946.47 53.41 78.29 22.51 84.83 77 72 66 -0.0 0.0
Gs_늪지대_6695_3599 2231.92 -1.54 1199.86 130.33 88.85 4.67 79.26 83 81 58 -0.0 0.0
Gs_늪지대_7907_1797 2635.82 -1.62 599.13 49.05 75.41 4.67 88.67 84 82 58 -0.0 0.0
Gs_늪지대_5054_3597 1684.95 -1.37 1199.28 51.45 84.71 4.67 89.26 86 84 60 -0.0 0.0
Gb_늪지대_7283_2107 2427.78 -15.64 702.56 64.21 67.99 22.06 86.09 77 72 66 -0.0 0.0
Gb_늪지대_7907_1797 2635.82 -15.31 599.13 49.05 72.40 22.72 85.12 77 72 66 -0.0 0.0
Gb_늪지대_7743_2403 2581.05 -15.34 801.02 64.28 82.37 22.66 71.60 77 72 66 -0.0 0.0
Gs_늪지대_5361_2098 1787.18 -1.55 699.64 57.50 76.18 4.67 89.32 83 81 57 -0.0 0.0
Gb_늪지대_7750_3463 2583.42 -15.49 1154.66 176.85 81.76 22.35 69.69 77 72 66 -0.0 0.0
Gb_늪지대_5047_3010 1682.38 -15.40 1003.61 166.77 83.28 22.52 77.84 77 72 66 -0.0 0.0
Gb_늪지대_5214_3762 1738.15 -15.35 1254.16 107.12 67.58 22.64 84.39 77 72 66 -0.0 0.0
Gb_늪지대_5814_2233 1938.17 -15.32 744.51 59.06 72.36 22.70 70.77 77 72 66 -0.0 0.0
Gs_늪지대_7749_2087 2583.03 -1.72 695.74 135.31 77.64 4.67 77.82 83 81 58 -0.0 0.0
Gb_늪지대_8060_1510 2686.91 -17.07 503.39 62.86 86.15 19.20 78.40 77 72 66 -0.0 0.0
Gs_늪지대_7012_3146 2337.66 2.10 1048.78 99.22 77.00 4.67 82.11 81 79 56 -0.0 0.0
Gb_늪지대_6859_2556 2286.36 -15.29 852.12 69.02 85.74 22.76 71.28 77 72 66 -0.0 0.0
Gs_늪지대_7904_2992 2634.71 -1.58 997.38 161.97 70.50 4.67 77.51 83 81 58 -0.0 0.0
Gb_늪지대_5361_2098 1787.18 -15.27 699.64 57.50 73.14 22.79 85.75 77 72 66 -0.0 0.0
Gb_늪지대_7904_2992 2634.71 -15.29 997.38 161.97 67.68 22.75 74.41 77 72 66 -0.0 0.0
Gs_늪지대_9267_2715 3089.07 -0.50 905.10 114.67 79.46 4.67 81.66 85 83 59 -0.0 0.0
Gb_늪지대_7012_3146 2337.66 -13.45 1048.78 99.22 73.92 26.44 78.82 77 72 66 -0.0 0.0
Gb_늪지대_5054_3597 1684.95 -15.19 1199.28 51.45 81.32 22.96 85.69 77 72 66 -0.0 0.0
Gs_늪지대_6841_3282 2280.58 -1.33 1094.28 76.76 76.23 4.67 71.34 84 82 59 -0.0 0.0
Gs_늪지대_5488_1817 1829.66 -1.57 605.68 43.50 80.35 4.67 73.05 86 84 60 -0.0 0.0
Gs_늪지대_9410_2552 3136.94 0.53 850.86 160.91 75.19 4.67 73.70 94 92 69 -0.0 0.0
Gs_늪지대_6842_4057 2280.87 -2.34 1352.40 52.11 86.91 4.67 86.87 84 82 58 -0.0 0.0
Gs_늪지대_4598_3596 1532.96 -1.48 1198.71 47.01 86.64 4.67 75.69 90 88 65 -0.0 0.0
Gs_늪지대_4452_3143 1484.19 -3.46 1047.78 43.65 79.40 4.70 75.25 82 80 57 -0.0 0.0
Gb_늪지대_5487_2083 1829.32 -15.26 694.35 116.84 69.30 22.82 77.07 77 72 66 -0.0 0.0
Gs_늪지대_5047_3010 1682.38 -1.81 1003.61 166.77 86.75 4.67 81.09 85 83 59 -0.0 0.0
Gb_늪지대_7749_2087 2583.03 -15.36 695.74 135.31 74.54 22.61 74.71 77 72 66 -0.0 0.0
Gs_늪지대_7609_3291 2536.55 -1.59 1097.18 87.58 75.03 4.67 80.87 92 90 66 -0.0 0.0
Gb_늪지대_5488_1817 1829.66 -15.28 605.68 43.50 77.14 22.76 70.13 77 72 66 -0.0 0.0
Gs_늪지대_7735_1667 2578.55 -1.91 555.80 24.59 88.99 4.67 83.60 92 90 66 -0.0 0.0
Gb_늪지대_5817_4942 1939.33 -16.80 1647.49 72.83 75.46 19.73 82.27 77 72 66 -0.0 0.0
Gb_늪지대_7162_1782 2387.37 -15.43 594.07 90.03 74.36 22.48 85.06 77 72 66 -0.0 0.0
Gb_늪지대_9256_1939 3085.38 -16.93 646.39 122.19 71.51 19.47 76.12 77 72 66 -0.0 0.0
Gs_늪지대_5650_2383 1883.60 -2.01 794.38 58.57 73.22 4.67 73.92 82 80 57 -0.0 0.0
Gs_늪지대_6535_2839 2178.39 -1.83 946.47 53.41 81.55 4.67 88.36 94 92 70 -0.0 0.0
Gs_늪지대_5214_3762 1738.15 -1.69 1254.16 107.12 70.40 4.67 87.91 83 81 58 -0.0 0.0
Gs_늪지대_7884_3612 2628.25 -1.42 1204.22 137.51 86.94 4.67 88.13 86 84 60 -0.0 0.0
Gb_늪지대_7735_1667 2578.55 -15.46 555.80 24.59 85.43 22.42 80.25 77 72 66 -0.0 0.0
Gb_늪지대_8041_4055 2680.58 -15.63 1351.80 40.79 80.35 22.08 69.05 77 72 66 -0.0 0.0
Gb_늪지대_4598_3596 1532.96 -15.24 1198.71 47.01 83.17 22.85 72.66 77 72 66 -0.0 0.0
Gb_늪지대_7884_3612 2628.25 -15.21 1204.22 137.51 83.46 22.91 84.60 77 72 66 -0.0 0.0
Gs_늪지대_9256_1939 3085.38 -4.86 646.39 122.19 74.49 4.67 79.29 87 85 61 -0.0 0.0
Gs_늪지대_7743_2403 2581.05 -1.68 801.02 64.28 85.80 4.67 74.58 89 87 63 -0.0 0.0
Gs_늪지대_5815_4044 1938.60 -4.58 1348.27 123.46 73.18 4.67 70.87 93 91 68 -0.0 0.0
Gb_늪지대_8038_3311 2679.54 -15.32 1103.74 160.00 76.77 22.70 84.29 77 72 66 -0.0 0.0
Gb_늪지대_5189_3457 1729.78 -15.38 1152.45 137.45 77.70 22.57 75.86 77 72 66 -0.0 0.0
Gb_늪지대_6841_3282 2280.58 -15.17 1094.28 76.76 73.18 23.00 68.49 77 72 66 -0.0 0.0
Gb_늪지대_5650_2383 1883.60 -15.50 794.38 58.57 70.29 22.33 70.96 77 72 66 -0.0 0.0
Gb_늪지대_6113_1785 2037.70 -15.33 595.13 79.00 70.25 22.67 70.71 77 72 66 -0.0 0.0
Gb_늪지대_7586_3761 2529.00 -15.19 1253.94 158.18 73.45 22.96 67.93 77 72 66 -0.0 0.0
Gb_늪지대_4609_3004 1536.47 -16.24 1001.47 82.62 74.55 20.86 79.90 77 72 66 -0.0 0.0
Gb_늪지대_4314_3455 1438.26 -16.87 1151.83 56.72 70.14 19.60 73.61 77 72 66 -0.0 0.0
Gb_늪지대_6243_4035 2081.02 -16.92 1345.07 43.35 85.85 19.50 81.61 77 72 66 -0.0 0.0
Gs_늪지대_7283_2107 2427.78 -2.27 702.56 64.21 70.82 4.67 89.67 94 92 69 -0.0 0.0
Gs_늪지대_4609_3004 1536.47 -3.47 1001.47 82.62 77.66 4.67 83.23 86 84 60 -0.0 0.0
Gs_늪지대_6859_2556 2286.36 -1.57 852.12 69.02 89.31 4.67 74.25 87 85 62 -0.0 0.0
Gs_늪지대_5206_3136 1735.37 -2.08 1045.63 164.52 83.55 4.67 74.22 84 82 59 -0.0 0.0
Gb_늪지대_8511_2860 2837.29 -15.22 953.44 101.33 69.28 22.89 84.24 77 72 66 -0.0 0.0
Gb_늪지대_6109_1504 2036.38 -16.99 501.55 162.62 80.14 19.36 81.58 77 72 66 -0.0 0.0
Gb_늪지대_5206_3136 1735.37 -15.54 1045.63 164.52 80.21 22.26 71.25 77 72 66 -0.0 0.0
Gs_늪지대_5189_3457 1729.78 -1.77 1152.45 137.45 80.94 4.67 79.02 94 92 69 -0.0 0.0
Gb_늪지대_7609_3291 2536.55 -15.30 1097.18 87.58 72.03 22.74 77.63 77 72 66 -0.0 0.0
Gs_늪지대_7137_4504 2379.30 -5.07 1501.49 73.29 72.97 4.67 78.46 85 83 59 -0.0 0.0
Gb_늪지대_6258_3598 2086.07 -17.07 1199.66 45.91 73.40 19.20 73.30 77 72 66 -0.0 0.0
Gs_늪지대_6986_4335 2328.89 -4.84 1445.26 132.50 80.30 4.67 88.95 89 87 63 -0.0 0.0
Gs_늪지대_6254_4634 2084.86 -1.74 1544.85 5.37 73.83 4.67 84.99 83 81 58 -0.0 0.0
Gs_늪지대_7750_3463 2583.42 -1.98 1154.66 176.85 85.17 4.67 72.59 95 94 71 -0.0 0.0
Gs_늪지대_9541_2697 3180.56 -1.56 899.14 104.80 73.06 4.67 73.73 81 79 56 -0.0 0.0
Gb_늪지대_9541_2697 3180.56 -15.28 899.14 104.80 70.14 22.77 70.78 77 72 66 -0.0 0.0
Gs_늪지대_6258_3598 2086.07 -5.14 1199.66 45.91 76.46 4.67 76.36 84 82 59 -0.0 0.0
Gs_늪지대_8039_4217 2679.95 -1.46 1405.76 172.64 79.63 4.67 86.23 83 81 58 -0.0 0.0
Gb_늪지대_5815_4044 1938.60 -16.79 1348.27 123.46 70.26 19.75 68.03 77 72 66 -0.0 0.0
Gs_늪지대_8646_4037 2882.07 -4.73 1346.00 54.33 75.14 4.67 85.25 81 79 56 -0.0 0.0
Gb_늪지대_4888_3882 1629.44 -15.41 1294.21 159.75 73.49 22.52 70.67 77 72 66 -0.0 0.0
Gb_늪지대_6842_4057 2280.87 -15.67 1352.40 52.11 83.44 22.00 83.39 77 72 66 -0.0 0.0
Gs_늪지대_7748_4044 2582.71 -1.55 1348.17 18.39 70.59 4.67 77.91 85 83 59 -0.0 0.0
Gs_늪지대_4314_3455 1438.26 -4.74 1151.83 56.72 73.06 4.67 76.68 85 83 59 -0.0 0.0
Gb_늪지대_4452_3143 1484.19 -16.22 1047.78 43.65 76.22 20.89 72.24 77 72 66 -0.0 0.0
Gs_늪지대_6564_3315 2188.19 -1.43 1105.04 95.27 76.30 4.67 83.18 91 89 65 -0.0 0.0
Gs_늪지대_4582_3455 1527.53 -1.96 1151.77 92.17 76.35 4.67 72.58 82 80 57 -0.0 0.0
Gs_늪지대_5192_4047 1730.75 -1.81 1349.11 0.28 89.53 4.67 79.54 83 81 58 -0.0 0.0
Gb_늪지대_6254_4634 2084.86 -15.37 1544.85 5.37 70.88 22.60 81.59 77 72 66 -0.0 0.0
Gb_늪지대_8039_4217 2679.95 -15.23 1405.76 172.64 76.44 22.87 82.78 77 72 66 -0.0 0.0
Gb_늪지대_5338_3589 1779.49 -15.43 1196.50 85.04 74.79 22.47 72.37 77 72 66 -0.0 0.0
Gs_늪지대_8667_4793 2889.15 -2.29 1597.82 160.91 81.93 4.67 71.15 83 81 57 -0.0 0.0
Gs_늪지대_6243_4035 2081.02 -4.83 1345.07 43.35 89.43 4.67 85.01 96 94 71 -0.0 0.0
Gs_늪지대_7586_3761 2529.00 -1.37 1253.94 158.18 76.52 4.67 70.77 95 93 70 -0.0 0.0
Gs_늪지대_6109_1504 2036.38 -4.98 501.55 162.62 83.48 4.67 84.98 85 83 59 -0.0 0.0
Gb_늪지대_7444_4814 2481.38 -17.01 1604.74 136.68 70.11 19.32 85.95 77 72 66 -0.0 0.0
Gs_늪지대_7304_2242 2434.77 -5.17 747.44 30.04 75.63 4.67 84.33 83 81 58 -0.0 0.0
Gb_늪지대_7286_1509 2428.74 -16.81 503.15 36.44 75.86 19.71 75.79 77 72 66 -0.0 0.0
Gb_늪지대_4582_3455 1527.53 -15.48 1151.77 92.17 73.30 22.37 69.68 77 72 66 -0.0 0.0
Gs_늪지대_5817_4942 1939.33 -4.60 1647.49 72.83 78.61 4.67 85.70 85 83 59 -0.0 0.0
Gb_늪지대_7304_2242 2434.77 -17.08 747.44 30.04 72.60 19.16 80.96 77 72 66 -0.0 0.0
Gb_늪지대_9413_2984 3137.73 -15.40 994.75 138.50 76.81 22.52 79.92 77 72 66 -0.0 0.0
Gb_늪지대_5633_1947 1877.95 -15.41 649.01 126.65 80.14 22.52 81.40 77 72 66 -0.0 0.0
Gb_늪지대_5513_3309 1837.91 -16.95 1103.05 65.60 74.09 19.44 77.46 77 72 66 -0.0 0.0
Gb_늪지대_6697_4054 2232.50 -15.35 1351.53 28.47 73.21 22.63 73.26 77 72 66 -0.0 0.0
Gs_늪지대_5338_3589 1779.49 -1.86 1196.50 85.04 77.91 4.67 75.39 81 79 56 -0.0 0.0
Gs_늪지대_4742_2844 1580.84 -2.21 948.24 64.31 79.77 4.67 82.46 84 82 59 -0.0 0.0
Gb_늪지대_7010_3457 2336.83 -14.73 1152.44 30.41 84.33 23.87 83.51 77 72 66 -0.0 0.0
Gs_늪지대_9392_2708 3130.93 -0.82 902.76 117.39 83.55 4.67 70.66 91 89 66 -0.0 0.0
Gs_늪지대_8044_4365 2681.64 -1.39 1455.32 19.94 85.76 4.67 75.77 84 82 59 -0.0 0.0
Gs_늪지대_5349_4194 1783.02 -1.62 1398.29 40.05 86.49 4.67 83.69 81 80 57 -0.0 0.0
Gb_늪지대_7137_4504 2379.30 -17.04 1501.49 73.29 70.05 19.26 75.32 77 72 66 -0.0 0.0
Gs_늪지대_6704_2560 2234.71 -1.55 853.39 122.30 85.77 4.73 77.02 82 80 57 -0.0 0.0
Gs_늪지대_7010_3457 2336.83 -0.46 1152.44 30.41 87.84 4.67 86.99 85 83 59 -0.0 0.0
Gs_늪지대_7617_1505 2539.02 -4.74 501.78 60.02 83.20 4.67 86.65 89 87 64 -0.0 0.0
Gs_늪지대_7286_1509 2428.74 -4.62 503.15 36.44 79.03 4.67 78.95 87 85 61 -0.0 0.0
Gb_늪지대_9392_2708 3130.93 -14.91 902.76 117.39 80.21 23.52 67.83 77 72 66 -0.0 0.0
Gs_늪지대_8511_2860 2837.29 -1.44 953.44 101.33 72.17 4.67 87.75 88 86 62 -0.0 0.0
Gb_늪지대_5349_4194 1783.02 -15.31 1398.29 40.05 83.03 22.71 80.34 77 72 66 -0.0 0.0
Gs_늪지대_5499_3452 1833.22 -3.78 1150.93 127.76 86.18 4.67 73.04 87 85 61 -0.0 0.0
Gb_늪지대_4290_3762 1430.20 -16.79 1254.27 130.70 76.69 19.75 79.99 77 72 66 -0.0 0.0
Gb_늪지대_7153_1954 2384.48 -15.55 651.49 99.59 76.70 22.22 74.39 77 72 66 -0.0 0.0
Gb_늪지대_8935_4798 2978.34 -16.77 1599.38 172.38 81.62 19.80 85.05 77 72 66 -0.0 0.0
Gb_늪지대_6986_4335 2328.89 -16.92 1445.26 132.50 77.09 19.50 85.40 77 72 66 -0.0 0.0
Gs_늪지대_6236_1484 2078.76 -4.83 494.93 122.02 71.00 4.67 81.59 95 93 71 -0.0 0.0
Gb_늪지대_5651_4793 1883.70 -15.56 1597.79 66.72 85.31 22.21 80.93 77 72 66 -0.0 0.0
Gb_늪지대_7460_2257 2486.69 -16.43 752.46 150.31 84.05 20.46 71.95 77 72 66 -0.0 0.0
Gs_늪지대_7460_2257 2486.69 -3.87 752.46 150.31 87.55 4.67 74.95 93 91 68 -0.0 0.0
Gs_늪지대_6557_3598 2185.67 -1.76 1199.67 125.62 76.37 4.67 83.57 92 90 67 -0.0 0.0
Gs_늪지대_7463_3135 2487.67 0.39 1045.14 22.34 70.89 4.67 82.05 81 79 56 -0.0 0.0
Gs_늪지대_5633_1947 1877.95 -1.81 649.01 126.65 83.48 4.67 84.79 92 90 67 -0.0 0.0
Gb_늪지대_7302_2552 2434.09 -16.97 850.80 151.49 74.41 19.40 78.37 77 72 66 -0.0 0.0
Gb_늪지대_6704_2560 2234.71 -15.26 853.39 122.30 82.34 22.82 73.94 77 72 66 -0.0 0.0
Gb_늪지대_9703_2400 3234.36 -16.89 800.02 156.97 81.34 19.56 80.39 77 72 66 -0.0 0.0
Gb_늪지대_6236_1484 2078.76 -16.91 494.93 122.02 68.16 19.51 78.32 77 72 66 -0.0 0.0
Gs_늪지대_9703_2400 3234.36 -4.78 800.02 156.97 84.73 4.67 83.74 94 92 69 -0.0 0.0
Gb_늪지대_8965_2865 2988.50 -15.41 955.19 168.46 82.98 22.52 83.00 77 72 66 -0.0 0.0
Gb_늪지대_6553_2559 2184.39 -15.17 853.15 91.43 80.47 23.00 76.27 77 72 66 -0.0 0.0
Gb_늪지대_4884_3163 1628.30 -15.42 1054.64 48.67 69.34 22.49 68.03 77 72 66 -0.0 0.0
Gs_늪지대_5513_3309 1837.91 -4.89 1103.05 65.60 77.18 4.67 80.69 86 84 60 -0.0 0.0
Gs_늪지대_5651_4793 1883.70 -2.13 1597.79 66.72 88.86 4.67 84.30 91 89 66 -0.0 0.0
Gs_늪지대_7302_2552 2434.09 -4.93 850.80 151.49 77.51 4.67 81.63 95 93 70 -0.0 0.0
Gs_늪지대_8935_4798 2978.34 -4.53 1599.38 172.38 85.02 4.67 88.59 82 80 57 -0.0 0.0
Gb_늪지대_8044_4365 2681.64 -15.19 1455.32 19.94 82.33 22.95 72.74 77 72 66 -0.0 0.0
Gb_늪지대_5659_4050 1886.64 -15.64 1350.18 148.72 84.07 22.06 83.21 77 72 66 -0.0 0.0
Gs_늪지대_7460_2832 2486.76 -1.57 944.13 66.73 85.46 4.67 72.14 95 94 71 -0.0 0.0
Gb_늪지대_7132_3608 2377.41 -15.45 1202.89 101.92 73.32 22.44 79.93 77 72 66 -0.0 0.0
Gs_늪지대_9413_2984 3137.73 -1.81 994.75 138.50 80.01 4.67 83.25 84 82 58 -0.0 0.0
Gs_늪지대_6553_2559 2184.39 -1.34 853.15 91.43 83.82 4.67 79.44 95 93 71 -0.0 0.0
Gs_늪지대_8954_3733 2984.78 -5.08 1244.38 48.92 72.66 4.67 76.77 81 79 56 -0.0 0.0
Gs_늪지대_8965_2865 2988.50 -1.81 955.19 168.46 86.43 4.67 86.46 93 91 68 -0.0 0.0
Gb_늪지대_8646_4037 2882.07 -16.86 1346.00 54.33 72.14 19.60 81.84 77 72 66 -0.0 0.0
Gb_늪지대_7460_2832 2486.76 -15.29 944.13 66.73 82.04 22.76 69.26 77 72 66 -0.0 0.0
Gs_늪지대_7132_3608 2377.41 -1.89 1202.89 101.92 76.38 4.67 83.26 84 82 58 -0.0 0.0
Gb_늪지대_6253_2101 2084.65 -15.24 700.45 145.36 76.73 22.86 75.43 77 72 66 -0.0 0.0
Gs_늪지대_5659_4050 1886.64 -2.27 1350.18 148.72 87.57 4.67 86.68 94 92 69 -0.0 0.0
Gb_늪지대_5499_3452 1833.22 -16.39 1150.93 127.76 82.73 20.55 70.12 77 72 66 -0.0 0.0
Gb_늪지대_6243_1794 2081.19 -15.36 598.25 173.20 70.04 22.61 78.97 77 72 66 -0.0 0.0
Gb_늪지대_8199_4947 2733.31 -16.86 1649.04 163.50 78.49 19.60 68.65 77 72 66 -0.0 0.0
Gb_늪지대_8189_3142 2729.89 -15.43 1047.40 57.00 86.07 22.48 75.16 77 72 66 -0.0 0.0
Gs_늪지대_5635_3755 1878.52 -1.89 1251.87 70.90 76.30 4.67 88.83 87 85 61 -0.0 0.0
Gb_늪지대_4751_3297 1583.97 -15.29 1099.10 142.48 77.16 22.76 77.20 77 72 66 -0.0 0.0
Gb_늪지대_7448_3014 2482.74 -14.63 1004.91 53.43 85.35 24.07 69.91 77 72 66 -0.0 0.0
Gs_늪지대_8199_4947 2733.31 -4.73 1649.04 163.50 81.76 4.67 71.51 91 89 66 -0.0 0.0
Gb_늪지대_6557_3598 2185.67 -15.38 1199.67 125.62 73.32 22.58 80.23 77 72 66 -0.0 0.0
Gb_늪지대_7457_2397 2485.84 -16.80 799.15 11.01 75.67 19.73 70.69 77 72 66 -0.0 0.0
Gs_늪지대_6697_4054 2232.50 -1.73 1351.53 28.47 76.27 4.73 76.31 82 81 57 -0.0 0.0
Gs_늪지대_8189_3142 2729.89 -1.85 1047.40 57.00 89.65 4.67 78.30 94 92 69 -0.0 0.0
Gb_늪지대_5635_3755 1878.52 -15.45 1251.87 70.90 73.25 22.44 85.28 77 72 66 -0.0 0.0
Gb_늪지대_5343_2558 1781.22 -15.40 852.96 133.75 72.11 22.53 78.63 77 72 66 -0.0 0.0
Gb_늪지대_9533_4483 3177.82 -17.05 1494.43 18.91 71.31 19.23 76.77 77 72 66 -0.0 0.0
Gb_늪지대_9110_3908 3036.78 -15.49 1302.98 42.82 78.54 22.36 79.68 77 72 66 -0.0 0.0
Gs_늪지대_4751_3297 1583.97 -1.58 1099.10 142.48 80.37 4.67 80.42 93 91 68 -0.0 0.0
Gs_늪지대_4902_2556 1634.33 -1.98 852.17 115.34 90.00 4.67 72.80 85 83 59 -0.0 0.0
Gs_늪지대_5486_3889 1828.89 -1.84 1296.51 2.94 79.97 4.67 75.90 83 81 58 -0.0 0.0
Gs_늪지대_6394_2839 2131.63 -1.93 946.35 20.83 82.94 4.67 71.63 95 93 70 -0.0 0.0
Gs_늪지대_9533_4483 3177.82 -5.10 1494.43 18.91 74.28 4.67 79.96 87 85 62 -0.0 0.0
Gb_늪지대_8954_3733 2984.78 -17.04 1244.38 48.92 69.75 19.25 73.69 77 72 66 -0.0 0.0
Gs_늪지대_5337_2690 1779.00 -3.40 896.98 5.01 88.52 4.67 74.53 85 83 59 -0.0 0.0
Gb_늪지대_7888_2850 2629.33 -15.36 950.00 139.74 78.99 22.62 69.45 77 72 66 -0.0 0.0
Gb_늪지대_9097_3142 3032.44 -15.18 1047.66 1.03 70.97 22.97 75.26 77 72 66 -0.0 0.0
Gb_늪지대_7586_4338 2528.87 -15.32 1446.06 36.49 82.55 22.69 68.76 77 72 66 -0.0 0.0
Gs_늪지대_7457_4361 2485.82 -1.39 1453.86 97.10 74.06 4.67 89.41 84 82 58 -0.0 0.0
Gb_늪지대_7295_4040 2431.89 -15.21 1346.94 163.61 78.75 22.91 73.98 77 72 66 -0.0 0.0
Gs_늪지대_7908_2558 2636.12 -1.99 852.94 141.59 83.39 4.67 85.78 89 88 64 -0.0 0.0
Gb_늪지대_6400_2385 2133.65 -15.42 795.05 127.93 73.98 22.50 71.39 77 72 66 -0.0 0.0
Gs_늪지대_9097_3142 3032.44 -1.37 1047.66 1.03 73.93 4.67 78.39 91 89 66 -0.0 0.0
Gb_늪지대_7891_2414 2630.44 -15.40 804.68 149.59 67.68 22.53 78.17 77 72 66 -0.0 0.0
Gb_늪지대_5486_3889 1828.89 -15.42 1296.51 2.94 76.77 22.49 72.86 77 72 66 -0.0 0.0
Gs_늪지대_7586_4338 2528.87 -1.64 1446.06 36.49 85.99 4.67 71.63 82 81 57 -0.0 0.0
Gs_늪지대_6400_2385 2133.65 -1.84 795.05 127.93 77.07 4.67 74.36 84 82 58 -0.0 0.0
Gs_늪지대_7888_2850 2629.33 -1.71 950.00 139.74 82.28 4.67 72.34 83 82 58 -0.0 0.0
Gs_늪지대_7891_2414 2630.44 -1.80 804.68 149.59 70.50 4.67 81.43 82 80 57 -0.0 0.0
Gb_늪지대_4898_2990 1632.68 -15.22 996.93 164.93 83.93 22.89 84.34 77 72 66 -0.0 0.0
Gs_늪지대_7295_4040 2431.89 -1.43 1346.94 163.61 82.03 4.67 77.06 94 92 69 -0.0 0.0
Gs_늪지대_4289_3147 1430.00 -4.68 1049.19 23.92 80.78 4.67 85.57 91 89 66 -0.0 0.0
Gs_늪지대_9110_3908 3036.78 -1.97 1302.98 42.82 81.81 4.67 83.00 83 81 58 -0.0 0.0
Gs_늪지대_4898_2990 1632.68 -1.45 996.93 164.93 87.42 4.67 87.85 86 84 60 -0.0 0.0
Gb_늪지대_4289_3147 1430.00 -16.84 1049.19 23.92 77.55 19.65 82.15 77 72 66 -0.0 0.0
Gb_늪지대_4289_3596 1429.82 -16.97 1198.69 149.11 73.62 19.39 77.18 77 72 66 -0.0 0.0
Gs_늪지대_9696_4507 3232.26 -4.56 1502.52 176.97 72.91 4.67 76.47 88 87 63 -0.0 0.0
Gs_늪지대_7446_2084 2482.22 -1.57 694.99 80.01 78.29 4.67 79.04 95 93 71 -0.0 0.0
Gs_늪지대_7464_3611 2488.32 -1.68 1203.84 133.90 73.38 4.67 86.75 90 88 65 -0.0 0.0
Gs_늪지대_6995_4209 2331.69 -3.75 1403.15 31.39 83.79 4.67 80.79 82 80 57 -0.0 0.0
Gs_늪지대_9691_4199 3230.59 -4.57 1399.73 32.97 72.59 4.67 82.05 85 83 59 -0.0 0.0
Gb_늪지대_7446_2084 2482.22 -15.28 694.99 80.01 75.16 22.77 75.88 77 72 66 -0.0 0.0
Gb_늪지대_4591_3892 1530.49 -17.07 1297.44 7.79 80.99 19.20 83.04 77 72 66 -0.0 0.0
Gb_늪지대_6536_3894 2178.99 -15.48 1298.01 18.64 80.34 22.37 72.71 77 72 66 -0.0 0.0
Gb_늪지대_7464_3611 2488.32 -15.34 1203.84 133.90 70.45 22.65 83.28 77 72 66 -0.0 0.0
Gs_늪지대_9691_3890 3230.47 -4.95 1296.67 168.84 84.85 4.67 85.35 83 81 58 -0.0 0.0
Gb_늪지대_9113_3305 3037.73 -15.43 1101.98 30.76 84.28 22.48 70.62 77 72 66 -0.0 0.0
Gb_늪지대_5209_2535 1736.61 -15.38 845.06 52.62 79.00 22.58 76.45 77 72 66 -0.0 0.0
Gs_늪지대_9113_3305 3037.73 -1.86 1101.98 30.76 87.79 4.67 73.57 87 85 61 -0.0 0.0
Gb_늪지대_5653_4484 1884.43 -15.38 1494.73 154.13 83.61 22.58 71.95 77 72 66 -0.0 0.0
Gs_늪지대_5790_4812 1930.16 -2.14 1604.18 169.81 75.46 4.67 77.88 94 92 69 -0.0 0.0
Gb_늪지대_6394_2839 2131.63 -15.47 946.35 20.83 79.63 22.40 68.76 77 72 66 -0.0 0.0
Gs_늪지대_4289_3596 1429.82 -4.94 1198.69 149.11 76.69 4.67 80.39 83 81 57 -0.0 0.0
Gb_늪지대_7601_2703 2533.82 -15.22 901.04 166.12 80.99 22.89 82.46 77 72 66 -0.0 0.0
Gb_늪지대_9087_2412 3029.20 -12.48 804.16 99.43 82.57 28.37 82.19 77 72 66 -0.0 0.0
Gb_늪지대_7745_3147 2581.92 -15.36 1049.28 96.72 68.24 22.61 83.30 77 72 66 -0.0 0.0
Gs_늪지대_6536_3894 2178.99 -1.96 1298.01 18.64 83.68 4.67 75.74 91 89 65 -0.0 0.0
Gs_늪지대_5653_4484 1884.43 -1.76 1494.73 154.13 87.10 4.67 74.95 82 81 57 -0.0 0.0
Gs_늪지대_7601_2703 2533.82 -1.44 901.04 166.12 84.36 4.67 85.90 84 82 59 -0.0 0.0
Gb_늪지대_8516_4962 2838.70 -16.79 1654.05 140.08 81.06 19.76 75.46 77 72 66 -0.0 0.0
Gs_늪지대_6253_2101 2084.65 -1.48 700.45 145.36 79.93 4.67 78.58 85 83 59 -0.0 0.0
Gs_늪지대_5957_2537 1985.96 -1.73 845.84 50.50 71.07 4.70 82.39 84 82 58 -0.0 0.0
Gs_늪지대_7001_2232 2333.77 -3.96 744.04 106.84 81.87 4.67 84.30 84 82 58 -0.0 0.0
Gs_늪지대_7457_2397 2485.84 -4.60 799.15 11.01 78.82 4.67 73.64 95 93 70 -0.0 0.0
Gb_늪지대_5337_2690 1779.00 -16.20 896.98 5.01 84.98 20.93 71.55 77 72 66 -0.0 0.0
Gb_늪지대_5957_2537 1985.96 -15.36 845.84 50.50 68.22 22.62 79.10 77 72 66 -0.0 0.0
Gs_늪지대_8516_4962 2838.70 -4.58 1654.05 140.08 84.44 4.67 78.60 90 88 65 -0.0 0.0
Gs_늪지대_5800_2696 1933.37 -5.05 899.00 2.44 83.90 4.67 77.91 91 89 66 -0.0 0.0
Gs_늪지대_9092_2717 3030.92 -0.70 905.84 123.31 83.40 4.67 72.14 94 92 69 -0.0 0.0
Gb_늪지대_9701_4034 3233.78 -16.89 1345.00 148.71 73.83 19.55 77.91 77 72 66 -0.0 0.0
Gs_늪지대_5934_3306 1978.13 -4.95 1102.18 22.53 81.32 4.67 72.27 94 92 69 -0.0 0.0
Gs_늪지대_8791_2714 2930.43 -1.75 904.82 36.47 84.38 4.67 89.41 81 79 56 -0.0 0.0
Gb_늪지대_5800_2696 1933.37 -17.02 899.00 2.44 80.54 19.29 74.79 77 72 66 -0.0 0.0
Gs_늪지대_5209_2535 1736.61 -1.75 845.06 52.62 82.29 4.67 79.64 83 81 58 -0.0 0.0
Gs_늪지대_7295_3605 2431.77 -1.52 1201.69 91.49 87.21 4.67 75.93 82 80 57 -0.0 0.0
Gs_늪지대_6391_3160 2130.60 -1.70 1053.49 93.65 70.23 4.67 85.85 94 92 69 -0.0 0.0
Gs_늪지대_7439_1646 2479.94 -1.88 548.95 2.71 72.35 4.67 75.02 83 81 58 -0.0 0.0
Gs_늪지대_5067_2866 1689.23 -1.41 955.51 176.25 79.65 4.70 85.62 91 89 66 -0.0 0.0
Gs_늪지대_5044_2387 1681.39 -1.92 795.85 35.27 78.18 4.67 79.19 94 92 69 -0.0 0.0
Gb_늪지대_7295_3605 2431.77 -15.26 1201.69 91.49 83.72 22.81 72.90 77 72 66 -0.0 0.0
Gb_늪지대_6255_2843 2085.30 -15.42 947.90 65.02 85.40 22.49 67.35 77 72 66 -0.0 0.0
Gs_늪지대_6558_4660 2186.16 -4.54 1553.61 107.05 71.97 4.67 84.03 83 81 58 -0.0 0.0
Gb_늪지대_6391_3160 2130.60 -15.35 1053.49 93.65 67.42 22.64 82.42 77 72 66 -0.0 0.0
Gb_늪지대_6558_4660 2186.16 -16.77 1553.61 107.05 69.09 19.80 80.67 77 72 66 -0.0 0.0
Gb_늪지대_5044_2387 1681.39 -15.46 795.85 35.27 75.05 22.41 76.02 77 72 66 -0.0 0.0
Gs_늪지대_5335_2261 1778.67 -1.57 753.82 42.07 74.79 4.67 82.80 93 91 68 -0.0 0.0
Gb_늪지대_5067_2866 1689.23 -15.20 955.51 176.25 76.47 22.94 82.20 77 72 66 -0.0 0.0
Gb_늪지대_6995_4209 2331.69 -16.38 1403.15 31.39 80.44 20.58 77.56 77 72 66 -0.0 0.0
Gb_늪지대_7439_1646 2479.94 -15.44 548.95 2.71 69.45 22.45 72.02 77 72 66 -0.0 0.0
Gb_늪지대_5335_2261 1778.67 -15.29 753.82 42.07 71.80 22.76 79.48 77 72 66 -0.0 0.0
Gs_늪지대_9549_4200 3183.08 -2.18 1400.30 50.08 74.30 4.67 89.40 87 85 61 -0.0 0.0
Gb_늪지대_9549_4200 3183.08 -15.59 1400.30 50.08 71.32 22.15 85.82 77 72 66 -0.0 0.0
Gs_늪지대_4917_4045 1639.05 -2.02 1348.39 165.56 85.12 4.67 70.44 93 91 68 -0.0 0.0
Gb_늪지대_9098_2555 3032.91 -13.50 851.87 143.96 83.41 26.34 71.80 77 72 66 -0.0 0.0
Gb_늪지대_8201_2558 2733.79 -15.27 852.78 52.99 68.97 22.80 69.41 77 72 66 -0.0 0.0
Gs_늪지대_7885_2261 2628.56 -1.48 753.96 104.02 75.34 4.67 80.26 93 91 68 -0.0 0.0
Gb_늪지대_6858_2260 2286.32 -16.96 753.48 2.42 84.74 19.42 69.66 77 72 66 -0.0 0.0
Gb_늪지대_5655_1511 1885.15 -17.01 503.69 7.84 84.60 19.32 70.71 77 72 66 -0.0 0.0
Gs_늪지대_6408_3762 2136.21 -2.00 1254.18 48.05 88.95 4.67 74.75 85 83 59 -0.0 0.0
Gs_늪지대_8050_2692 2683.42 -1.84 897.50 22.77 83.04 4.67 79.26 96 94 71 -0.0 0.0
Gs_늪지대_9693_2843 3231.09 -5.13 947.68 74.65 80.62 4.67 78.09 84 82 58 -0.0 0.0
Gb_늪지대_4917_4045 1639.05 -15.51 1348.39 165.56 81.72 22.31 67.62 77 72 66 -0.0 0.0
Gs_늪지대_5489_4352 1829.96 -1.95 1450.86 173.50 81.71 4.67 89.52 93 91 68 -0.0 0.0
Gb_늪지대_6536_4212 2178.78 -16.23 1404.14 146.23 67.65 20.87 72.21 77 72 66 -0.0 0.0
Gs_늪지대_6700_2402 2233.43 -1.82 800.75 87.92 75.50 4.67 87.66 82 80 57 -0.0 0.0
Gs_늪지대_7302_2832 2434.13 -1.02 944.10 141.85 87.96 4.67 81.35 92 90 67 -0.0 0.0
Gb_늪지대_6408_3762 2136.21 -15.50 1254.18 48.05 85.39 22.34 71.76 77 72 66 -0.0 0.0
Gb_늪지대_7287_1807 2429.24 -15.38 602.61 161.69 77.35 22.58 75.37 77 72 66 -0.0 0.0
Gs_늪지대_6865_2842 2288.58 -1.43 947.34 125.73 83.28 4.67 86.13 84 82 58 -0.0 0.0
Gb_늪지대_8050_2692 2683.42 -15.42 897.50 22.77 79.71 22.49 76.09 77 72 66 -0.0 0.0
Gs_늪지대_7000_4059 2333.62 -1.98 1353.33 67.35 83.76 4.67 78.21 90 88 65 -0.0 0.0
Gs_늪지대_6094_2859 2031.58 -1.53 953.21 69.45 70.58 4.67 84.43 96 94 71 -0.0 0.0
Gb_늪지대_5807_4186 1935.91 -16.44 1395.40 41.04 74.72 20.45 71.04 77 72 66 -0.0 0.0
Gs_늪지대_9098_2555 3032.91 2.01 851.87 143.96 86.88 4.67 74.79 87 85 61 -0.0 0.0
Gb_늪지대_8195_3739 2731.84 -16.43 1246.40 84.47 76.27 20.47 69.47 77 72 66 -0.0 0.0
Gs_늪지대_8044_2413 2681.52 -1.91 804.56 68.46 86.81 4.67 72.37 85 83 59 -0.0 0.0
Gb_늪지대_6700_2402 2233.43 -15.41 800.75 87.92 72.48 22.51 84.16 77 72 66 -0.0 0.0
Gs_늪지대_5655_1511 1885.15 -5.02 503.69 7.84 88.12 4.67 73.66 84 82 58 -0.0 0.0
Gs_늪지대_8201_2558 2733.79 -1.53 852.78 52.99 71.84 4.67 72.30 92 90 67 -0.0 0.0
Gs_늪지대_9712_4333 3237.53 -4.69 1444.58 6.97 89.24 4.67 83.73 81 79 56 -0.0 0.0
Gb_늪지대_8044_2413 2681.52 -15.45 804.56 68.46 83.34 22.43 69.47 77 72 66 -0.0 0.0
Gb_늪지대_7302_2832 2434.13 -15.01 944.10 141.85 84.44 23.32 78.10 77 72 66 -0.0 0.0
Gb_늪지대_7301_2710 2433.67 -15.47 903.34 0.36 78.47 22.38 82.34 77 72 66 -0.0 0.0
Gb_늪지대_6094_2859 2031.58 -15.26 953.21 69.45 67.75 22.81 81.05 77 72 66 -0.0 0.0
Gb_늪지대_7608_2546 2536.14 -15.19 848.71 79.53 85.67 22.96 76.82 77 72 66 -0.0 0.0
Gs_늪지대_6099_4662 2033.25 -1.71 1554.27 142.41 74.48 4.67 70.47 89 87 63 -0.0 0.0
Gs_늪지대_9386_3751 3128.82 -1.50 1250.60 60.68 82.41 4.67 70.49 87 85 62 -0.0 0.0
Gb_늪지대_9712_4333 3237.53 -16.85 1444.58 6.97 85.67 19.64 80.39 77 72 66 -0.0 0.0
Gb_늪지대_5508_2403 1836.33 -15.32 801.16 51.01 83.40 22.70 81.48 77 72 66 -0.0 0.0
Gb_늪지대_8507_4212 2835.94 -16.83 1404.27 163.64 81.88 19.67 67.81 77 72 66 -0.0 0.0
Gs_늪지대_6243_1794 2081.19 -1.72 598.25 173.20 72.96 4.67 82.26 86 84 60 -0.0 0.0
Gb_늪지대_6561_1804 2187.25 -16.87 601.46 3.62 72.12 19.60 69.33 77 72 66 -0.0 0.0
Gs_늪지대_5508_2403 1836.33 -1.63 801.16 51.01 86.88 4.67 84.88 90 88 64 -0.0 0.0
Gs_늪지대_8203_2703 2734.53 -1.94 901.07 19.26 80.74 4.67 71.71 89 87 64 -0.0 0.0
Gs_늪지대_4916_3304 1638.76 -1.60 1101.62 140.86 78.11 4.67 77.97 90 88 64 -0.0 0.0
Gb_늪지대_9090_3012 3030.09 -15.20 1004.02 37.83 75.13 22.94 77.84 77 72 66 -0.0 0.0
Gb_늪지대_6099_4662 2033.25 -15.36 1554.27 142.41 71.50 22.62 67.65 77 72 66 -0.0 0.0
Gb_늪지대_5790_4812 1930.16 -15.57 1604.18 169.81 72.44 22.19 74.76 77 72 66 -0.0 0.0
Gb_늪지대_5489_4352 1829.96 -15.47 1450.86 173.50 78.44 22.38 85.94 77 72 66 -0.0 0.0
Gs_늪지대_6561_1804 2187.25 -4.73 601.46 3.62 75.13 4.67 72.22 85 83 59 -0.0 0.0
Gb_늪지대_8203_2703 2734.53 -15.47 901.07 19.26 77.51 22.39 68.84 77 72 66 -0.0 0.0
Gs_늪지대_7888_4809 2629.62 -1.89 1603.24 121.15 86.57 4.67 76.76 88 86 63 -0.0 0.0
Gs_늪지대_7748_4649 2582.72 -1.71 1549.72 85.46 84.25 4.67 75.87 85 83 59 -0.0 0.0
Gs_늪지대_7146_2852 2382.14 -0.54 950.86 40.04 72.22 4.70 84.84 87 85 61 -0.0 0.0
Gs_늪지대_5356_2393 1785.58 -1.36 797.87 75.28 82.32 4.67 78.82 89 87 64 -0.0 0.0
Gs_늪지대_7301_2710 2433.67 -1.95 903.34 0.36 81.74 4.67 85.78 91 90 66 -0.0 0.0
Gb_늪지대_6382_1506 2127.49 -17.02 502.33 132.29 69.79 19.30 81.02 77 72 66 -0.0 0.0
Gs_늪지대_8507_4212 2835.94 -4.66 1404.27 163.64 85.29 4.67 70.63 94 92 69 -0.0 0.0
Gb_늪지대_8942_4189 2980.71 -16.37 1396.37 63.64 71.28 20.60 78.22 77 72 66 -0.0 0.0
Gb_늪지대_7748_4649 2582.72 -15.35 1549.72 85.46 80.88 22.62 72.83 77 72 66 -0.0 0.0
Gb_늪지대_9691_4199 3230.59 -16.79 1399.73 32.97 69.68 19.76 78.77 77 72 66 -0.0 0.0
Gb_늪지대_5061_2264 1687.25 -16.44 754.69 39.32 75.38 20.46 76.75 77 72 66 -0.0 0.0
Gb_늪지대_7009_3596 2336.38 -15.41 1198.90 125.28 71.97 22.52 78.99 77 72 66 -0.0 0.0
Gb_늪지대_7146_2852 2382.14 -14.78 950.86 40.04 69.33 23.78 81.44 77 72 66 -0.0 0.0
Gb_늪지대_4585_4039 1528.40 -16.88 1346.55 87.43 85.03 19.57 75.47 77 72 66 -0.0 0.0
Gs_늪지대_7608_2546 2536.14 -1.38 848.71 79.53 89.24 4.67 80.02 85 83 59 -0.0 0.0
Gb_늪지대_8636_3287 2878.90 -16.35 1095.90 33.28 83.40 20.64 85.19 77 72 66 -0.0 0.0
Gb_늪지대_7012_1945 2337.47 -16.99 648.36 130.72 76.18 19.34 80.30 77 72 66 -0.0 0.0
Gs_늪지대_6708_3133 2236.05 -1.44 1044.64 126.68 77.91 4.67 88.06 84 82 59 -0.0 0.0
Gs_늪지대_6712_3002 2237.63 -1.81 1000.98 15.13 78.17 4.70 82.75 88 87 63 -0.0 0.0
Gb_늪지대_5967_2095 1989.09 -15.44 698.56 13.63 74.18 22.46 82.20 77 72 66 -0.0 0.0
Gs_늪지대_6546_2267 2182.17 -1.58 755.85 171.38 72.81 4.67 73.32 90 88 64 -0.0 0.0
Gs_늪지대_5790_2412 1930.18 -1.75 804.12 127.80 82.74 4.67 81.71 87 85 61 -0.0 0.0
Gb_늪지대_5356_2393 1785.58 -15.18 797.87 75.28 79.03 22.97 75.67 77 72 66 -0.0 0.0
Gs_늪지대_7009_3596 2336.38 -1.81 1198.90 125.28 74.97 4.67 82.29 82 80 57 -0.0 0.0
Gs_늪지대_8817_2256 2939.30 -1.46 752.20 123.63 83.35 4.67 83.77 86 84 60 -0.0 0.0
Gb_늪지대_7149_4197 2383.20 -15.20 1399.27 145.43 85.46 22.94 73.89 77 72 66 -0.0 0.0
Gs_늪지대_7012_1945 2337.47 -4.99 648.36 130.72 79.35 4.67 83.65 90 88 64 -0.0 0.0
Gs_늪지대_8517_3740 2839.24 -5.07 1246.85 137.73 75.25 4.67 86.48 94 92 69 -0.0 0.0
Gb_늪지대_8191_2265 2730.43 -15.32 755.32 34.43 67.82 22.69 67.45 77 72 66 -0.0 0.0
Gb_늪지대_4902_2556 1634.33 -15.49 852.17 115.34 86.40 22.35 69.89 77 72 66 -0.0 0.0
Gb_늪지대_6546_2267 2182.17 -15.29 755.85 171.38 69.90 22.75 70.38 77 72 66 -0.0 0.0
Gb_늪지대_9565_4058 3188.45 -15.51 1352.71 3.73 82.54 22.31 85.94 77 72 66 -0.0 0.0
Gs_늪지대_6536_4212 2178.78 -3.46 1404.14 146.23 70.47 4.67 75.22 95 93 71 -0.0 0.0
Gs_늪지대_6382_1506 2127.49 -5.03 502.33 132.29 72.70 4.67 84.40 82 80 57 -0.0 0.0
Gs_늪지대_6532_3742 2177.45 -1.55 1247.42 42.78 81.25 4.67 87.39 84 82 59 -0.0 0.0
Gb_늪지대_6708_3133 2236.05 -15.22 1044.64 126.68 74.79 22.89 84.53 77 72 66 -0.0 0.0
Gb_늪지대_8517_3740 2839.24 -17.03 1246.85 137.73 72.24 19.27 83.02 77 72 66 -0.0 0.0
Gs_늪지대_4585_4039 1528.40 -4.76 1346.55 87.43 88.57 4.67 78.61 83 81 58 -0.0 0.0
Gb_늪지대_6532_3742 2177.45 -15.28 1247.42 42.78 78.00 22.78 83.90 77 72 66 -0.0 0.0
Gb_늪지대_7457_4361 2485.82 -15.20 1453.86 97.10 71.10 22.94 85.84 77 72 66 -0.0 0.0
Gs_늪지대_6859_3446 2286.58 -1.10 1148.81 78.34 73.68 4.67 89.08 81 79 57 -0.0 0.0
Gs_늪지대_6985_3291 2328.44 1.16 1097.32 27.74 85.81 4.67 83.76 93 91 68 -0.0 0.0
Gb_늪지대_6399_3590 2133.18 -15.59 1196.82 164.82 77.06 22.15 85.05 77 72 66 -0.0 0.0
Gb_늪지대_5650_3888 1883.55 -15.44 1296.20 128.03 81.50 22.46 71.58 77 72 66 -0.0 0.0
Gb_늪지대_4885_3465 1628.64 -15.37 1155.22 113.90 83.30 22.59 69.15 77 72 66 -0.0 0.0
Gb_늪지대_7908_2558 2636.12 -15.49 852.94 141.59 80.06 22.34 82.35 77 72 66 -0.0 0.0
Gs_늪지대_7745_3147 2581.92 -1.74 1049.28 96.72 71.08 4.70 86.77 81 79 56 -0.0 0.0
Gb_늪지대_5661_2533 1887.22 -17.08 844.61 173.29 83.09 19.17 69.03 77 72 66 -0.0 0.0
Gs_늪지대_7288_1638 2429.48 -1.79 546.10 157.74 70.93 4.67 84.40 92 90 67 -0.0 0.0
Gs_늪지대_6858_2260 2286.32 -4.91 753.48 2.42 88.28 4.67 72.56 81 79 56 -0.0 0.0
Gb_늪지대_6859_3446 2286.58 -15.05 1148.81 78.34 70.73 23.23 85.52 77 72 66 -0.0 0.0
Gs_늪지대_7149_4197 2383.20 -1.40 1399.27 145.43 89.02 4.67 76.97 94 92 69 -0.0 0.0
Gb_늪지대_7317_3157 2439.09 -12.78 1052.54 47.33 77.18 27.77 68.56 77 72 66 -0.0 0.0
Gs_늪지대_8638_2086 2879.36 -1.38 695.59 70.48 77.21 4.67 76.08 82 80 57 -0.0 0.0
Gb_늪지대_9693_2843 3231.09 -17.07 947.68 74.65 77.40 19.20 74.97 77 72 66 -0.0 0.0
Gs_늪지대_5650_3888 1883.55 -1.88 1296.20 128.03 84.89 4.67 74.56 95 93 70 -0.0 0.0
Gb_늪지대_6985_3291 2328.44 -13.92 1097.32 27.74 82.38 25.50 80.41 77 72 66 -0.0 0.0
Gs_늪지대_5661_2533 1887.22 -5.16 844.61 173.29 86.55 4.67 71.91 83 81 58 -0.0 0.0
Gs_늪지대_9090_3012 3030.09 -1.41 1004.02 37.83 78.26 4.70 81.09 91 89 66 -0.0 0.0
Gs_늪지대_5967_2095 1989.09 -1.87 698.56 13.63 77.27 4.67 85.62 83 81 58 -0.0 0.0
Gs_늪지대_9565_4058 3188.45 -2.02 1352.71 3.73 85.98 4.67 89.52 82 80 57 -0.0 0.0
Gs_늪지대_6399_3590 2133.18 -2.18 1196.82 164.82 80.27 4.67 88.59 88 86 62 -0.0 0.0
Gs_늪지대_5036_3162 1678.92 -1.71 1054.21 9.81 82.53 4.67 78.52 84 82 58 -0.0 0.0
Gb_늪지대_7288_1638 2429.48 -15.39 546.10 157.74 68.10 22.54 81.03 77 72 66 -0.0 0.0
Gb_늪지대_5814_3743 1938.00 -16.80 1247.70 101.65 82.80 19.74 69.94 77 72 66 -0.0 0.0
Gb_늪지대_8817_2256 2939.30 -15.23 752.20 123.63 80.02 22.87 80.42 77 72 66 -0.0 0.0
Gs_늪지대_5487_2083 1829.32 -1.52 694.35 116.84 72.19 4.67 80.29 95 93 71 -0.0 0.0
Gs_늪지대_7317_3157 2439.09 3.44 1052.54 47.33 80.40 4.67 71.42 95 93 71 -0.0 0.0
Gb_늪지대_5036_3162 1678.92 -15.36 1054.21 9.81 79.23 22.62 75.38 77 72 66 -0.0 0.0
Gb_늪지대_7299_3451 2433.32 -14.14 1150.48 41.48 75.15 25.04 82.73 77 72 66 -0.0 0.0
Gb_늪지대_6395_4508 2131.79 -15.53 1502.71 56.26 83.13 22.27 82.10 77 72 66 -0.0 0.0
Gs_늪지대_8636_3287 2878.90 -3.69 1095.90 33.28 86.88 4.67 88.74 85 83 59 -0.0 0.0
Gs_늪지대_8191_2265 2730.43 -1.64 755.32 34.43 70.65 4.67 70.26 92 90 67 -0.0 0.0
Gs_늪지대_6395_4508 2131.79 -2.06 1502.71 56.26 86.59 4.67 85.53 86 85 61 -0.0 0.0
Gs_늪지대_8064_3134 2688.15 -1.83 1044.99 149.20 89.91 4.70 70.15 89 87 63 -0.0 0.0
Gs_늪지대_5814_3743 1938.00 -4.59 1247.70 101.65 86.25 4.67 72.85 84 82 59 -0.0 0.0
Gb_늪지대_8360_4935 2786.67 -17.05 1645.28 4.01 72.41 19.24 78.76 77 72 66 -0.0 0.0
Gb_늪지대_9260_2264 3087.00 -12.93 754.89 151.65 71.09 27.47 74.23 77 72 66 -0.0 0.0
Gs_늪지대_7587_4802 2529.31 -3.61 1600.94 45.54 86.10 4.67 85.08 88 86 62 -0.0 0.0
Gs_늪지대_9260_2264 3087.00 3.14 754.89 151.65 74.05 4.67 77.33 84 82 58 -0.0 0.0
Gb_늪지대_5957_1945 1985.95 -15.25 648.63 126.72 76.68 22.84 84.10 77 72 66 -0.0 0.0
Gb_늪지대_8808_4211 2936.04 -15.34 1403.70 27.82 82.47 22.66 69.53 77 72 66 -0.0 0.0
Gb_늪지대_6110_1957 2036.89 -15.35 652.48 126.75 81.25 22.63 68.56 77 72 66 -0.0 0.0
Gs_늪지대_5813_1507 1937.71 -5.08 502.41 158.81 80.08 4.70 75.11 83 81 57 -0.0 0.0
Gs_늪지대_7143_3883 2381.27 -1.63 1294.35 65.63 81.62 4.67 87.45 80 79 56 -0.0 0.0
Gb_늪지대_6259_2243 2086.52 -15.34 747.88 1.42 82.10 22.66 79.53 77 72 66 -0.0 0.0
Gs_늪지대_7159_1643 2386.60 -3.54 547.93 91.63 71.89 4.67 83.25 83 81 58 -0.0 0.0
Gs_늪지대_5957_1945 1985.95 -1.50 648.63 126.72 79.87 4.67 87.61 95 93 70 -0.0 0.0
Gs_늪지대_7883_3887 2627.72 -1.58 1295.84 118.98 82.50 4.67 88.68 84 82 58 -0.0 0.0
Gb_늪지대_7883_3887 2627.72 -15.29 1295.84 118.98 79.20 22.75 85.13 77 72 66 -0.0 0.0
Gs_늪지대_8360_4935 2786.67 -5.09 1645.28 4.01 75.43 4.67 82.04 83 81 58 -0.0 0.0
Gs_늪지대_8957_3306 2985.72 -3.91 1102.18 2.99 82.75 4.67 89.23 84 82 58 -0.0 0.0
Gb_늪지대_7159_1643 2386.60 -16.27 547.93 91.63 69.01 20.79 79.92 77 72 66 -0.0 0.0
Gb_늪지대_7587_4802 2529.31 -16.31 1600.94 45.54 82.66 20.72 81.67 77 72 66 -0.0 0.0
Gb_늪지대_8935_3443 2978.37 -17.03 1147.96 70.75 68.31 19.27 68.39 77 72 66 -0.0 0.0
Gs_늪지대_8935_3443 2978.37 -5.06 1147.96 70.75 71.16 4.67 71.24 89 87 64 -0.0 0.0
Gb_늪지대_7143_3883 2381.27 -15.32 1294.35 65.63 78.35 22.70 83.95 77 72 66 -0.0 0.0
Gs_늪지대_6110_1957 2036.89 -1.71 652.48 126.75 84.64 4.67 71.42 81 79 57 -0.0 0.0
Gb_늪지대_8339_1944 2779.92 -15.49 648.08 19.81 82.60 22.35 84.73 77 72 66 -0.0 0.0
Gb_늪지대_7447_3744 2482.50 -15.36 1248.01 151.07 81.96 22.61 81.21 77 72 66 -0.0 0.0
Gb_늪지대_7612_2841 2537.38 -15.41 947.27 111.42 69.58 22.52 82.08 77 72 66 -0.0 0.0
Gb_늪지대_5790_2412 1930.18 -15.37 804.12 127.80 79.43 22.59 78.45 77 72 66 -0.0 0.0
Gs_늪지대_4885_3465 1628.64 -1.74 1155.22 113.90 86.77 4.67 72.04 83 81 57 -0.0 0.0
Gb_늪지대_8933_3163 2977.76 -15.40 1054.65 145.11 85.08 22.54 81.68 77 72 66 -0.0 0.0
Gs_늪지대_6259_2243 2086.52 -1.68 747.88 1.42 85.52 4.67 82.85 92 90 67 -0.0 0.0
Gs_늪지대_8195_3739 2731.84 -3.87 1246.40 84.47 79.45 4.67 72.36 81 79 56 -0.0 0.0
Gb_늪지대_6838_2997 2279.43 -15.01 999.04 105.97 69.46 23.30 77.72 77 72 66 -0.0 0.0
Gs_늪지대_7612_2841 2537.38 -1.82 947.27 111.42 72.48 4.67 85.50 84 82 59 -0.0 0.0
Gb_늪지대_8337_2549 2779.08 -15.22 849.70 97.90 75.82 22.90 67.53 77 72 66 -0.0 0.0
Gb_늪지대_4751_3138 1583.71 -15.20 1046.30 112.79 73.15 22.94 75.74 77 72 66 -0.0 0.0
Gs_늪지대_8933_3163 2977.76 -1.80 1054.65 145.11 88.62 4.67 85.08 83 81 58 -0.0 0.0
Gb_늪지대_5793_3149 1931.07 -16.87 1049.82 19.37 71.82 19.60 79.58 77 72 66 -0.0 0.0
Gs_늪지대_4751_3138 1583.71 -1.41 1046.30 112.79 76.19 4.70 78.89 81 79 56 -0.0 0.0
Gb_늪지대_9696_4507 3232.26 -16.78 1502.52 176.97 69.99 19.77 73.41 77 72 66 -0.0 0.0
Gs_늪지대_8065_4805 2688.41 -1.76 1601.75 18.57 70.01 4.67 87.80 88 86 63 -0.0 0.0
Gb_늪지대_7297_1948 2432.42 -15.32 649.38 130.85 81.69 22.68 70.36 77 72 66 -0.0 0.0
Gs_늪지대_5793_3149 1931.07 -4.74 1049.82 19.37 74.82 4.67 82.89 95 94 71 -0.0 0.0
Gs_늪지대_6715_3916 2238.39 -1.75 1305.56 36.78 84.82 4.70 77.27 82 80 57 -0.0 0.0
Gs_늪지대_7297_1948 2432.42 -1.65 649.38 130.85 85.09 4.67 73.29 82 80 57 -0.0 0.0
Gb_늪지대_6715_3916 2238.39 -15.37 1305.56 36.78 81.43 22.60 74.18 77 72 66 -0.0 0.0
Gs_늪지대_8941_2110 2980.50 -0.82 703.47 116.56 87.75 4.67 82.00 89 87 63 -0.0 0.0
Gb_늪지대_8941_2110 2980.50 -14.91 703.47 116.56 84.24 23.52 78.72 77 72 66 -0.0 0.0
Gb_늪지대_9090_3465 3030.22 -16.50 1155.10 147.37 74.89 20.34 68.76 77 72 66 -0.0 0.0
Gs_늪지대_5049_3446 1683.19 -1.94 1148.79 46.07 78.64 4.67 80.04 86 84 60 -0.0 0.0
Gs_늪지대_8808_4211 2936.04 -1.68 1403.70 27.82 85.90 4.67 72.43 84 82 59 -0.0 0.0
Gs_늪지대_8939_2695 2979.83 -1.05 898.64 18.13 78.92 4.67 78.78 84 82 58 -0.0 0.0
Gb_늪지대_8957_3306 2985.72 -16.46 1102.18 2.99 79.44 20.42 85.66 77 72 66 -0.0 0.0
Gs_늪지대_7594_2090 2531.38 -1.59 696.77 47.63 82.78 4.67 78.80 88 86 62 -0.0 0.0
Gb_늪지대_5957_3159 1985.97 -15.37 1053.01 79.31 68.83 22.60 76.26 77 72 66 -0.0 0.0
Gs_늪지대_8363_4783 2787.73 -2.10 1594.62 26.38 83.91 4.67 70.90 85 83 59 -0.0 0.0
Gb_늪지대_8065_4805 2688.41 -15.38 1601.75 18.57 67.21 22.57 84.29 77 72 66 -0.0 0.0
Gs_늪지대_9090_3465 3030.22 -3.99 1155.10 147.37 78.02 4.67 71.63 83 81 57 -0.0 0.0
Gb_늪지대_8063_1651 2687.94 -15.56 550.66 12.78 75.53 22.21 78.39 77 72 66 -0.0 0.0
Gb_늪지대_8064_3134 2688.15 -15.40 1044.99 149.20 86.32 22.53 67.35 77 72 66 -0.0 0.0
Gs_늪지대_7287_1807 2429.24 -1.76 602.61 161.69 80.57 4.67 78.51 83 81 58 -0.0 0.0
Gb_늪지대_7594_2090 2531.38 -15.30 696.77 47.63 79.47 22.74 75.65 77 72 66 -0.0 0.0
Gb_늪지대_5049_3446 1683.19 -15.47 1148.79 46.07 75.49 22.39 76.84 77 72 66 -0.0 0.0
Gb_늪지대_8944_3001 2981.47 -15.48 1000.55 66.22 78.38 22.38 80.59 77 72 66 -0.0 0.0
Gb_늪지대_5966_2835 1988.84 -15.69 945.17 92.04 73.84 21.96 79.67 77 72 66 -0.0 0.0
Gb_늪지대_7757_3883 2585.83 -15.35 1294.56 74.89 75.77 22.63 83.19 77 72 66 -0.0 0.0
Gb_늪지대_8363_4783 2787.73 -15.55 1594.62 26.38 80.56 22.24 68.06 77 72 66 -0.0 0.0
Gs_늪지대_8944_3001 2981.47 -1.95 1000.55 66.22 81.64 4.67 83.95 91 89 66 -0.0 0.0
Gs_늪지대_9395_2234 3131.87 -1.72 744.92 178.22 83.60 4.67 80.85 84 82 59 -0.0 0.0
Gb_늪지대_5788_1962 1929.37 -15.50 654.27 130.18 72.78 22.34 72.57 77 72 66 -0.0 0.0
Gs_늪지대_5788_1962 1929.37 -2.00 654.27 130.18 75.81 4.67 75.59 81 79 57 -0.0 0.0
Gs_늪지대_6838_2997 2279.43 -1.03 999.04 105.97 72.36 4.67 80.96 90 88 64 -0.0 0.0
Gs_늪지대_8651_3755 2883.76 -4.85 1251.91 140.14 76.50 4.67 86.34 85 83 59 -0.0 0.0
Gs_늪지대_6087_4348 2029.01 -2.37 1449.63 102.39 83.22 4.67 86.35 86 85 61 -0.0 0.0
Gs_늪지대_7767_1509 2589.32 -4.91 503.30 151.19 75.32 4.67 85.95 89 87 64 -0.0 0.0
Gs_늪지대_5966_2835 1988.84 -2.37 945.17 92.04 76.91 4.67 82.99 84 82 58 -0.0 0.0
Gs_늪지대_7153_4350 2384.35 -3.98 1450.27 156.97 83.74 4.67 78.48 81 79 56 -0.0 0.0
Gs_늪지대_7757_3883 2585.83 -1.70 1294.56 74.89 78.93 4.67 86.66 89 88 64 -0.0 0.0
Gb_늪지대_8651_3755 2883.76 -16.92 1251.91 140.14 73.44 19.49 82.89 77 72 66 -0.0 0.0
Gb_늪지대_8036_2260 2678.69 -15.41 753.43 51.85 82.99 22.52 81.57 77 72 66 -0.0 0.0
Gb_늪지대_6087_4348 2029.01 -15.68 1449.63 102.39 79.89 21.97 82.89 77 72 66 -0.0 0.0
Gs_늪지대_8660_3440 2886.88 -4.70 1146.69 133.59 83.12 4.67 74.37 81 79 56 -0.0 0.0
Gb_늪지대_7767_1509 2589.32 -16.96 503.30 151.19 72.30 19.42 82.51 77 72 66 -0.0 0.0
Gb_늪지대_9395_2234 3131.87 -15.36 744.92 178.22 80.25 22.61 77.62 77 72 66 -0.0 0.0
Gs_늪지대_7299_3451 2433.32 0.71 1150.48 41.48 78.28 4.67 86.18 85 83 59 -0.0 0.0
Gs_늪지대_8485_2094 2828.58 -1.81 698.11 103.04 71.20 4.67 83.82 92 90 67 -0.0 0.0
Gb_늪지대_7732_3310 2577.41 -15.33 1103.49 60.23 71.20 22.68 77.35 77 72 66 -0.0 0.0
Gb_늪지대_8660_3440 2886.88 -16.85 1146.69 133.59 79.79 19.64 71.39 77 72 66 -0.0 0.0
Gb_늪지대_8638_2086 2879.36 -15.19 695.59 70.48 74.12 22.95 73.03 77 72 66 -0.0 0.0
Gs_늪지대_7732_3310 2577.41 -1.66 1103.49 60.23 74.16 4.67 80.57 91 89 65 -0.0 0.0
Gs_늪지대_5062_4514 1687.52 -4.68 1504.78 90.77 86.57 4.67 70.12 84 82 58 -0.0 0.0
Gb_늪지대_5062_4514 1687.52 -16.84 1504.78 90.77 83.11 19.65 67.31 77 72 66 -0.0 0.0
Gs_늪지대_5334_1963 1778.20 -1.90 654.49 63.63 73.58 4.67 76.74 93 91 68 -0.0 0.0
Gs_늪지대_7447_3744 2482.50 -1.72 1248.01 151.07 85.37 4.67 84.59 93 92 69 -0.0 0.0
Gb_늪지대_8052_2844 2684.06 -15.25 948.19 79.51 82.28 22.83 83.02 77 72 66 -0.0 0.0
Gb_늪지대_5334_1963 1778.20 -15.45 654.49 63.63 70.63 22.43 73.67 77 72 66 -0.0 0.0
Gb_늪지대_6683_4206 2227.73 -16.86 1402.00 117.89 81.80 19.61 67.98 77 72 66 -0.0 0.0
Gs_늪지대_7761_2553 2587.30 -1.97 851.15 58.56 72.45 4.67 85.36 83 81 58 -0.0 0.0
Gs_늪지대_8654_3153 2884.94 -1.57 1051.25 20.76 73.10 4.67 74.19 82 80 57 -0.0 0.0
Gs_늪지대_5637_4345 1879.13 -1.84 1448.46 139.27 82.45 4.67 79.82 84 82 58 -0.0 0.0
Gb_늪지대_7015_1651 2338.41 -16.88 550.61 118.24 71.40 19.58 83.08 77 72 66 -0.0 0.0
Gs_늪지대_5814_2233 1938.17 -1.63 744.51 59.06 75.37 4.67 73.72 86 84 60 -0.0 0.0
Gb_늪지대_8654_3153 2884.94 -15.29 1051.25 20.76 70.17 22.76 71.22 77 72 66 -0.0 0.0
Gb_늪지대_7297_4483 2432.51 -16.38 1494.35 125.85 78.67 20.57 83.30 77 72 66 -0.0 0.0
Gb_늪지대_6567_3155 2189.05 -15.21 1051.75 81.39 76.31 22.91 69.14 77 72 66 -0.0 0.0
Gb_늪지대_5637_4345 1879.13 -15.42 1448.46 139.27 79.15 22.49 76.63 77 72 66 -0.0 0.0
Gb_늪지대_5956_4933 1985.45 -17.00 1644.45 44.26 81.15 19.34 83.98 77 72 66 -0.0 0.0
Gb_늪지대_7761_2553 2587.30 -15.48 851.15 58.56 69.55 22.37 81.95 77 72 66 -0.0 0.0
Gs_늪지대_4741_4190 1580.42 -4.70 1396.76 134.98 83.38 4.67 70.35 93 91 68 -0.0 0.0
Gs_늪지대_8653_3014 2884.33 -1.77 1004.87 174.04 77.85 4.67 81.31 93 91 68 -0.0 0.0
Gs_늪지대_5655_2102 1885.02 -1.47 700.88 47.07 88.59 4.67 82.68 92 90 66 -0.0 0.0
Gs_늪지대_6255_2843 2085.30 -1.84 947.90 65.02 88.95 4.67 70.15 95 93 71 -0.0 0.0
Gb_늪지대_5488_1497 1829.49 -16.90 499.06 141.01 69.46 19.54 70.30 77 72 66 -0.0 0.0
Gs_늪지대_8063_1651 2687.94 -2.12 550.66 12.78 78.68 4.67 81.65 82 80 57 -0.0 0.0
Gs_늪지대_7297_4483 2432.51 -3.76 1494.35 125.85 81.94 4.67 86.77 81 79 56 -0.0 0.0
Gb_늪지대_8653_3014 2884.33 -15.39 1004.87 174.04 74.73 22.56 78.06 77 72 66 -0.0 0.0
Gs_늪지대_6109_4212 2036.34 -4.92 1404.33 43.17 84.19 4.67 88.60 91 90 66 -0.0 0.0
Gs_늪지대_5956_4933 1985.45 -4.99 1644.45 44.26 84.53 4.67 87.47 87 85 61 -0.0 0.0
Gs_늪지대_4591_3892 1530.49 -5.13 1297.44 7.79 84.36 4.67 86.50 88 86 62 -0.0 0.0
Gb_늪지대_7598_1657 2532.84 -15.51 552.43 126.28 81.16 22.32 81.90 77 72 66 -0.0 0.0
Gs_늪지대_6567_3155 2189.05 -1.42 1051.75 81.39 79.49 4.67 72.02 94 92 70 -0.0 0.0
Gb_늪지대_4741_4190 1580.42 -16.85 1396.76 134.98 80.05 19.63 67.54 77 72 66 -0.0 0.0
Gb_늪지대_6109_4212 2036.34 -16.96 1404.33 43.17 80.82 19.41 85.05 77 72 66 -0.0 0.0
Gb_늪지대_5655_2102 1885.02 -15.23 700.88 47.07 85.04 22.87 79.37 77 72 66 -0.0 0.0
Gs_늪지대_6535_4514 2178.37 -4.67 1504.91 47.49 81.56 4.67 87.02 93 91 68 -0.0 0.0
Gb_늪지대_6856_2703 2285.36 -15.42 901.03 44.52 85.86 22.50 81.06 77 72 66 -0.0 0.0
Gs_늪지대_7598_1657 2532.84 -2.01 552.43 126.28 84.54 4.67 85.31 93 91 68 -0.0 0.0
Gs_늪지대_8036_2260 2678.69 -1.81 753.43 51.85 86.44 4.67 84.97 83 81 58 -0.0 0.0
Gs_늪지대_5488_1497 1829.49 -4.80 499.06 141.01 72.35 4.67 73.23 83 81 58 -0.0 0.0
Gb_늪지대_7153_4350 2384.35 -16.49 1450.27 156.97 80.39 20.35 75.34 77 72 66 -0.0 0.0
Gs_늪지대_6561_1658 2187.07 -4.60 552.83 94.30 76.58 4.67 84.09 91 89 66 -0.0 0.0
Gb_늪지대_5634_3432 1878.29 -17.05 1144.17 23.48 84.52 19.23 71.36 77 72 66 -0.0 0.0
Gb_늪지대_7459_1948 2486.37 -15.39 649.59 102.88 81.94 22.56 82.57 77 72 66 -0.0 0.0
Gs_늪지대_6856_2703 2285.36 -1.83 901.03 44.52 89.44 4.67 84.44 92 90 67 -0.0 0.0
Gb_늪지대_6535_4514 2178.37 -16.84 1504.91 47.49 78.30 19.66 83.54 77 72 66 -0.0 0.0
Gs_늪지대_7459_1948 2486.37 -1.78 649.59 102.88 85.36 4.67 86.01 89 87 64 -0.0 0.0
Gs_늪지대_5634_3432 1878.29 -5.11 1144.17 23.48 88.04 4.67 74.34 83 82 58 -0.0 0.0
Gb_늪지대_6985_2695 2328.39 -15.19 898.56 53.21 81.59 22.94 79.01 77 72 66 -0.0 0.0
Gb_늪지대_6235_2389 2078.42 -15.35 796.61 22.99 82.22 22.62 75.05 77 72 66 -0.0 0.0
Gb_늪지대_6561_1658 2187.07 -16.80 552.83 94.30 73.52 19.74 80.73 77 72 66 -0.0 0.0
Gs_늪지대_6246_4497 2082.33 -1.93 1499.21 142.05 86.41 4.70 71.35 85 83 59 -0.0 0.0
Gs_늪지대_6113_1785 2037.70 -1.66 595.13 79.00 73.17 4.67 73.66 84 82 59 -0.0 0.0
Gb_늪지대_6086_2707 2028.90 -15.32 902.42 69.46 85.70 22.70 76.56 77 72 66 -0.0 0.0
Gs_늪지대_6995_2412 2331.90 -4.60 804.27 156.65 89.35 4.67 78.41 88 86 62 -0.0 0.0
Gs_늪지대_8354_2082 2784.95 -1.46 694.32 20.29 77.30 4.67 83.28 85 83 59 -0.0 0.0
Gb_늪지대_7434_2562 2478.23 -16.48 854.03 41.40 74.55 20.38 80.35 77 72 66 -0.0 0.0
Gs_늪지대_6985_2695 2328.39 -1.39 898.56 53.21 84.99 4.67 82.30 94 93 70 -0.0 0.0
Gs_늪지대_6086_2707 2028.90 -1.64 902.42 69.46 89.27 4.67 79.75 89 87 63 -0.0 0.0
Gb_늪지대_8939_2695 2979.83 -15.02 898.64 18.13 75.76 23.28 75.63 77 72 66 -0.0 0.0
Gb_늪지대_4288_3288 1429.58 -16.97 1096.10 168.21 79.43 19.39 82.78 77 72 66 -0.0 0.0
Gb_늪지대_8055_3759 2685.13 -15.31 1253.33 148.13 68.14 22.72 74.92 77 72 66 -0.0 0.0
Gb_늪지대_4585_2565 1528.46 -16.91 855.15 141.70 76.25 19.52 71.16 77 72 66 -0.0 0.0
Gs_늪지대_8339_1944 2779.92 -1.99 648.08 19.81 86.04 4.67 88.26 81 79 57 -0.0 0.0
Gs_늪지대_8043_3902 2681.21 -1.96 1300.78 140.40 70.04 4.67 82.61 81 79 56 -0.0 0.0
Gb_늪지대_8354_2082 2784.95 -15.23 694.32 20.29 74.21 22.87 79.95 77 72 66 -0.0 0.0
Gs_늪지대_4746_4067 1582.32 -3.42 1355.97 71.29 77.31 4.67 87.52 81 79 56 -0.0 0.0
Gb_늪지대_7888_4809 2629.62 -15.44 1603.24 121.15 83.11 22.45 73.69 77 72 66 -0.0 0.0
Gb_늪지대_8791_2714 2930.43 -15.38 904.82 36.47 81.00 22.58 85.84 77 72 66 -0.0 0.0
Gb_늪지대_8339_4665 2779.69 -15.35 1555.16 122.76 70.16 22.62 75.80 77 72 66 -0.0 0.0
Gb_늪지대_8043_3902 2681.21 -15.48 1300.78 140.40 67.24 22.37 79.31 77 72 66 -0.0 0.0
Gb_늪지대_8967_2264 2989.24 -14.09 754.84 103.63 72.42 25.15 85.88 77 72 66 -0.0 0.0
Gb_늪지대_6246_4497 2082.33 -15.47 1499.21 142.05 82.95 22.38 68.50 77 72 66 -0.0 0.0
Gs_늪지대_4585_2565 1528.46 -4.82 855.15 141.70 79.43 4.67 74.12 92 91 68 -0.0 0.0
Gb_늪지대_7000_4059 2333.62 -15.49 1353.33 67.35 80.41 22.35 75.08 77 72 66 -0.0 0.0
Gb_늪지대_8933_1936 2977.88 -15.56 645.37 80.38 82.82 22.21 79.38 77 72 66 -0.0 0.0
Gs_늪지대_7892_4644 2630.91 -1.36 1548.14 27.08 83.58 4.67 86.63 83 81 58 -0.0 0.0
Gb_늪지대_9115_4185 3038.59 -16.80 1395.12 70.01 77.96 19.74 67.59 77 72 66 -0.0 0.0
Gb_늪지대_5040_4346 1680.11 -17.04 1448.84 55.06 80.81 19.25 79.35 77 72 66 -0.0 0.0
Gs_늪지대_4743_2694 1581.29 -2.28 898.09 172.21 80.90 4.67 87.46 83 81 57 -0.0 0.0
Gs_늪지대_5040_4346 1680.11 -5.09 1448.84 55.06 84.17 4.67 82.66 84 82 59 -0.0 0.0
Gs_늪지대_8933_1936 2977.88 -2.12 645.37 80.38 86.27 4.67 82.69 83 81 58 -0.0 0.0
Gs_늪지대_8339_4665 2779.69 -1.71 1555.16 122.76 73.08 4.67 78.96 92 90 67 -0.0 0.0
Gs_늪지대_6405_3886 2135.04 -1.85 1295.35 37.78 73.73 4.67 77.81 84 82 59 -0.0 0.0
Gs_늪지대_7883_3142 2627.68 -1.80 1047.50 78.75 86.61 4.71 70.78 88 86 62 -0.0 0.0
Gs_늪지대_5967_2689 1989.04 -1.93 896.52 22.74 70.48 4.67 87.24 87 85 61 -0.0 0.0
Gb_늪지대_7892_4644 2630.91 -15.18 1548.14 27.08 80.24 22.97 83.16 77 72 66 -0.0 0.0
Gb_늪지대_6405_3886 2135.04 -15.42 1295.35 37.78 70.78 22.48 74.70 77 72 66 -0.0 0.0
Gs_늪지대_8967_2264 2989.24 0.82 754.84 103.63 75.44 4.67 89.46 93 91 68 -0.0 0.0
Gb_늪지대_5667_3610 1889.09 -15.54 1203.38 164.76 84.01 22.26 69.84 77 72 66 -0.0 0.0
Gs_늪지대_7763_3596 2587.86 -1.54 1198.84 116.67 86.20 4.67 71.95 88 86 63 -0.0 0.0
Gs_늪지대_5190_2997 1730.06 -2.04 999.19 100.92 78.34 4.67 77.97 84 82 59 -0.0 0.0
Gs_늪지대_9115_4185 3038.59 -4.61 1395.12 70.01 81.21 4.70 70.41 83 81 58 -0.0 0.0
Gb_늪지대_5348_3146 1782.72 -16.77 1048.84 172.55 80.20 19.79 78.51 77 72 66 -0.0 0.0
Gb_늪지대_7142_3137 2380.75 -12.45 1045.82 41.69 83.18 28.44 77.44 77 72 66 -0.0 0.0
Gs_늪지대_5667_3610 1889.09 -2.07 1203.38 164.76 87.52 4.67 72.75 90 88 65 -0.0 0.0
Gs_늪지대_7142_3137 2380.75 4.10 1045.82 41.69 86.65 4.67 80.67 82 80 57 -0.0 0.0
Gb_늪지대_7883_3142 2627.68 -15.39 1047.50 78.75 83.15 22.56 67.95 77 72 66 -0.0 0.0
Gb_늪지대_5190_2997 1730.06 -15.52 999.19 100.92 75.21 22.30 74.85 77 72 66 -0.0 0.0
Gb_늪지대_5944_1516 1981.54 -17.05 505.57 131.77 79.87 19.24 79.60 77 72 66 -0.0 0.0
Gb_늪지대_5789_2859 1929.68 -17.01 953.21 164.31 77.00 19.32 73.68 77 72 66 -0.0 0.0
Gs_늪지대_4288_3288 1429.58 -4.95 1096.10 168.21 82.74 4.67 86.23 84 82 59 -0.0 0.0
Gs_늪지대_6101_2258 2033.68 -1.96 752.73 83.64 73.85 4.67 84.70 90 88 64 -0.0 0.0
Gb_늪지대_7596_4037 2532.16 -15.45 1345.97 111.68 84.34 22.43 75.42 77 72 66 -0.0 0.0
Gb_늪지대_7763_3596 2587.86 -15.27 1198.84 116.67 82.76 22.79 69.07 77 72 66 -0.0 0.0
Gb_늪지대_4912_2854 1637.67 -15.33 951.57 14.64 72.89 22.67 75.67 77 72 66 -0.0 0.0
Gb_늪지대_7885_2261 2628.56 -15.24 753.96 104.02 72.32 22.85 77.05 77 72 66 -0.0 0.0
Gs_늪지대_5348_3146 1782.72 -4.54 1048.84 172.55 83.54 4.67 81.78 81 79 56 -0.0 0.0
Gs_늪지대_9691_2690 3230.64 -4.74 896.99 83.78 78.28 4.67 88.65 81 79 57 -0.0 0.0
Gs_늪지대_8782_4791 2927.59 -3.38 1597.24 26.64 77.24 4.67 71.71 82 80 57 -0.0 0.0
Gs_늪지대_5789_2859 1929.68 -5.03 953.21 164.31 80.21 4.70 76.75 89 87 64 -0.0 0.0
Gs_늪지대_7015_1651 2338.41 -4.75 550.61 118.24 74.37 4.67 86.54 92 90 67 -0.0 0.0
Gs_늪지대_8052_2844 2684.06 -1.50 948.19 79.51 85.71 4.67 86.48 91 89 66 -0.0 0.0
Gs_늪지대_4912_2854 1637.67 -1.67 951.57 14.64 75.93 4.67 78.82 94 92 69 -0.0 0.0
Gs_늪지대_9256_2387 3085.66 5.13 795.88 144.47 70.17 4.67 73.49 92 90 67 -0.0 0.0
Gb_늪지대_8792_4961 2930.97 -16.93 1653.75 174.34 69.19 19.48 84.44 77 72 66 -0.0 0.0
Gs_늪지대_9255_3590 3085.16 -1.72 1196.71 175.37 89.60 4.67 81.74 88 86 62 -0.0 0.0
Gb_늪지대_5335_1653 1778.51 -17.01 551.20 167.67 69.04 19.32 69.67 77 72 66 -0.0 0.0
Gb_늪지대_9691_2690 3230.64 -16.87 896.99 83.78 75.15 19.60 85.11 77 72 66 -0.0 0.0
Gs_늪지대_6683_4206 2227.73 -4.72 1402.00 117.89 85.21 4.67 70.81 85 83 59 -0.0 0.0
Gs_늪지대_5803_3438 1934.67 -4.72 1146.26 104.40 81.29 4.67 87.13 86 84 60 -0.0 0.0
Gb_늪지대_5362_4663 1787.66 -16.88 1554.63 65.99 70.13 19.58 77.22 77 72 66 -0.0 0.0
Gb_늪지대_6101_2258 2033.68 -15.48 752.73 83.64 70.89 22.37 81.31 77 72 66 -0.0 0.0
Gb_늪지대_8350_2865 2783.44 -15.23 955.01 27.39 83.04 22.87 76.53 77 72 66 -0.0 0.0
Gs_늪지대_5362_4663 1787.66 -4.76 1554.63 65.99 73.06 4.67 80.44 83 81 58 -0.0 0.0
Gs_늪지대_8792_4961 2930.97 -4.86 1653.75 174.34 72.07 4.67 87.96 82 80 57 -0.0 0.0
Gs_늪지대_8655_1963 2885.06 -1.52 654.35 106.22 85.72 4.67 85.88 82 80 57 -0.0 0.0
Gs_늪지대_6088_3144 2029.44 -1.93 1048.31 97.08 85.59 4.67 87.18 81 80 57 -0.0 0.0
Gs_늪지대_8350_2865 2783.44 -1.47 955.01 27.39 86.50 4.67 79.72 82 80 57 -0.0 0.0
Gs_늪지대_8038_4952 2679.34 -4.96 1650.81 156.75 81.33 4.67 74.09 82 80 57 -0.0 0.0
Gs_늪지대_7596_4037 2532.16 -1.92 1345.97 111.68 87.85 4.70 78.56 84 82 59 -0.0 0.0
Gs_늪지대_7312_2996 2437.62 1.05 998.86 4.92 89.84 4.67 84.38 80 79 56 -0.0 0.0
Gs_늪지대_8060_4654 2686.83 -1.64 1551.36 5.22 80.57 4.67 71.94 81 79 57 -0.0 0.0
Gb_늪지대_5813_1507 1937.71 -17.03 502.41 158.81 76.88 19.27 72.11 77 72 66 -0.0 0.0
Gb_늪지대_8782_4791 2927.59 -16.19 1597.24 26.64 74.15 20.95 68.84 77 72 66 -0.0 0.0
Gb_늪지대_7312_2996 2437.62 -13.98 998.86 4.92 86.25 25.38 81.00 77 72 66 -0.0 0.0
Gb_늪지대_7007_2994 2335.96 -14.42 998.19 91.83 67.66 24.50 67.30 77 72 66 -0.0 0.0
Gs_늪지대_5202_3301 1734.33 -1.39 1100.59 26.60 88.98 4.67 73.53 82 80 57 -0.0 0.0
Gs_늪지대_8337_2549 2779.08 -1.44 849.70 97.90 78.97 4.67 70.34 84 82 59 -0.0 0.0
Gb_늪지대_8805_4651 2935.10 -15.56 1550.55 48.15 73.62 22.21 80.00 77 72 66 -0.0 0.0
Gb_늪지대_5038_2532 1679.46 -15.36 844.12 158.06 71.69 22.61 75.58 77 72 66 -0.0 0.0
Gs_늪지대_7461_4183 2487.23 -1.93 1394.42 26.66 80.95 4.67 88.08 87 85 61 -0.0 0.0
Gb_늪지대_6088_3144 2029.44 -15.47 1048.31 97.08 82.17 22.40 83.70 77 72 66 -0.0 0.0
Gb_늪지대_6995_2412 2331.90 -16.80 804.27 156.65 85.78 19.74 75.27 77 72 66 -0.0 0.0
Gs_늪지대_7007_2994 2335.96 0.17 998.19 91.83 70.48 4.67 70.10 90 88 64 -0.0 0.0
Gb_늪지대_7461_4183 2487.23 -15.47 1394.42 26.66 77.71 22.40 84.56 77 72 66 -0.0 0.0
Gb_늪지대_5202_3301 1734.33 -15.20 1100.59 26.60 85.42 22.94 70.59 77 72 66 -0.0 0.0
Gs_늪지대_8805_4651 2935.10 -2.12 1550.55 48.15 76.69 4.67 83.33 84 82 58 -0.0 0.0
Gb_늪지대_8060_4654 2686.83 -15.32 1551.36 5.22 77.35 22.70 69.06 77 72 66 -0.0 0.0
Gs_늪지대_9701_4034 3233.78 -4.78 1345.00 148.71 76.91 4.67 81.16 89 87 63 -0.0 0.0
Gs_늪지대_6416_4058 2138.77 -2.23 1352.89 91.82 75.60 4.67 79.45 90 88 65 -0.0 0.0
Gb_늪지대_9255_3590 3085.16 -15.36 1196.71 175.37 86.02 22.61 78.47 77 72 66 -0.0 0.0
Gb_늪지대_5639_4933 1879.76 -16.95 1644.40 27.78 77.68 19.43 70.07 77 72 66 -0.0 0.0
Gb_늪지대_8059_3594 2686.61 -15.20 1198.02 51.97 71.48 22.93 71.33 77 72 66 -0.0 0.0
Gs_늪지대_6992_2089 2330.94 -4.70 696.47 115.31 79.83 4.67 79.02 85 83 59 -0.0 0.0
Gs_늪지대_5639_4933 1879.76 -4.91 1644.40 27.78 80.92 4.67 72.99 84 82 59 -0.0 0.0
Gs_늪지대_8055_3759 2685.13 -1.62 1253.33 148.13 70.98 4.67 78.04 85 83 59 -0.0 0.0
Gb_늪지대_6416_4058 2138.77 -15.61 1352.89 91.82 72.58 22.10 76.27 77 72 66 -0.0 0.0
Gs_늪지대_8202_2098 2734.32 -1.42 699.56 83.86 74.07 4.67 81.14 84 82 58 -0.0 0.0
Gs_늪지대_5038_2532 1679.46 -1.74 844.12 158.06 74.67 4.70 78.73 91 90 66 -0.0 0.0
Gs_늪지대_4597_3752 1532.39 -3.75 1250.98 54.00 71.97 4.67 78.70 81 80 57 -0.0 0.0
Gb_늪지대_5803_3438 1934.67 -16.86 1146.26 104.40 78.04 19.61 83.64 77 72 66 -0.0 0.0
Gb_늪지대_8183_2391 2727.72 -15.23 797.24 144.02 83.24 22.86 76.18 77 72 66 -0.0 0.0
Gs_늪지대_7015_3738 2338.46 -1.75 1246.08 81.52 73.23 4.67 87.25 83 81 58 -0.0 0.0
Gs_늪지대_8059_3594 2686.61 -1.42 1198.02 51.97 74.46 4.70 74.30 91 89 65 -0.0 0.0
Gs_늪지대_8802_4344 2934.02 -2.33 1448.19 20.03 70.55 4.67 86.93 93 91 68 -0.0 0.0
Gb_늪지대_8802_4344 2934.02 -15.67 1448.19 20.03 67.73 22.00 83.45 77 72 66 -0.0 0.0
Gs_늪지대_7745_2705 2581.72 -1.70 901.82 156.20 88.54 4.67 81.73 84 82 58 -0.0 0.0
Gs_늪지대_8502_1801 2834.30 -1.49 600.43 120.64 80.76 4.67 74.11 94 92 69 -0.0 0.0
Gs_늪지대_5944_1516 1981.54 -5.09 505.57 131.77 83.20 4.67 82.91 92 90 66 -0.0 0.0
Gb_늪지대_7015_3738 2338.46 -15.38 1246.08 81.52 70.30 22.58 83.76 77 72 66 -0.0 0.0
Gs_늪지대_8961_4663 2987.00 -4.62 1554.41 120.73 78.21 4.70 85.28 91 89 65 -0.0 0.0
Gs_늪지대_8183_2391 2727.72 -1.47 797.24 144.02 86.71 4.67 79.35 81 79 56 -0.0 0.0
Gb_늪지대_8961_4663 2987.00 -16.80 1554.41 120.73 75.08 19.73 81.87 77 72 66 -0.0 0.0
Gb_늪지대_4746_4067 1582.32 -16.21 1355.97 71.29 74.22 20.91 84.02 77 72 66 -0.0 0.0
Gs_늪지대_7902_3759 2634.04 -1.94 1253.13 115.81 88.41 4.67 87.69 93 91 68 -0.0 0.0
Gb_늪지대_6397_4208 2132.56 -15.44 1402.86 153.56 81.97 22.46 67.65 77 72 66 -0.0 0.0
Gs_늪지대_7732_4782 2577.46 -1.86 1594.27 92.68 89.72 4.67 74.19 86 84 60 -0.0 0.0
Gb_늪지대_6992_2089 2330.94 -16.85 696.47 115.31 76.64 19.64 75.86 77 72 66 -0.0 0.0
Gb_늪지대_5639_4196 1879.94 -15.41 1398.90 68.83 81.12 22.51 79.27 77 72 66 -0.0 0.0
Gb_늪지대_7732_4782 2577.46 -15.43 1594.27 92.68 86.13 22.48 71.22 77 72 66 -0.0 0.0
Gb_늪지대_5935_1654 1978.42 -15.36 551.41 54.61 79.25 22.62 79.14 77 72 66 -0.0 0.0
Gb_늪지대_8811_3285 2937.01 -17.05 1095.24 127.31 74.78 19.24 71.07 77 72 66 -0.0 0.0
Gb_늪지대_7902_3759 2634.04 -15.47 1253.13 115.81 84.87 22.40 84.18 77 72 66 -0.0 0.0
Gb_늪지대_7891_4040 2630.59 -15.37 1346.83 97.91 86.09 22.59 69.48 77 72 66 -0.0 0.0
Gb_늪지대_7444_4516 2481.42 -15.28 1505.41 101.77 73.61 22.77 72.54 77 72 66 -0.0 0.0
Gs_늪지대_6233_4963 2077.93 -4.81 1654.40 126.07 80.24 4.67 72.30 89 87 63 -0.0 0.0
Gs_늪지대_5799_1643 1933.05 -2.13 547.75 99.34 88.51 4.67 76.97 82 80 57 -0.0 0.0
Gb_늪지대_7140_3286 2380.20 -12.55 1095.47 9.14 71.14 28.23 72.35 77 72 66 -0.0 0.0
Gb_늪지대_6233_4963 2077.93 -16.90 1654.40 126.07 77.03 19.52 69.41 77 72 66 -0.0 0.0
Gs_늪지대_5935_1654 1978.42 -1.72 551.41 54.61 82.55 4.67 82.44 88 86 62 -0.0 0.0
Gs_늪지대_5498_1947 1832.97 -1.70 649.19 112.09 76.31 4.67 74.68 90 88 65 -0.0 0.0
Gb_늪지대_6996_2551 2332.17 -16.29 850.55 106.47 72.44 20.76 83.20 77 72 66 -0.0 0.0
Gb_늪지대_8792_2988 2930.79 -15.18 996.31 35.17 76.11 22.98 84.95 77 72 66 -0.0 0.0
Gs_늪지대_7140_3286 2380.20 3.90 1095.47 9.14 74.10 4.67 75.36 82 81 57 -0.0 0.0
Gs_늪지대_8811_3285 2937.01 -5.10 1095.24 127.31 77.89 4.67 74.04 82 80 57 -0.0 0.0
Gb_늪지대_9245_3892 3081.80 -15.24 1297.59 56.24 70.50 22.85 82.76 77 72 66 -0.0 0.0
Gb_늪지대_4597_3752 1532.39 -16.38 1250.98 54.00 69.10 20.58 75.55 77 72 66 -0.0 0.0
Gs_늪지대_8792_2988 2930.79 -1.35 996.31 35.17 79.28 4.67 88.49 83 81 58 -0.0 0.0
Gs_늪지대_5639_4196 1879.94 -1.83 1398.90 68.83 84.50 4.67 82.57 91 89 66 -0.0 0.0
Gs_늪지대_7444_4516 2481.42 -1.57 1505.41 101.77 76.68 4.67 75.57 94 93 70 -0.0 0.0
Gb_늪지대_5498_1947 1832.97 -15.35 649.19 112.09 73.26 22.64 71.69 77 72 66 -0.0 0.0
Gb_늪지대_4448_3750 1482.68 -17.01 1250.32 33.94 67.58 19.31 79.10 77 72 66 -0.0 0.0
Gs_늪지대_5356_3745 1785.38 -1.47 1248.41 24.44 86.10 4.67 75.90 87 85 61 -0.0 0.0
Gb_늪지대_5215_2715 1738.60 -15.35 905.03 126.26 72.12 22.64 67.82 77 72 66 -0.0 0.0
Gs_늪지대_7305_4346 2435.02 -1.80 1448.67 121.03 88.13 4.67 70.85 91 89 66 -0.0 0.0
Gb_늪지대_7745_2705 2581.72 -15.35 901.82 156.20 85.00 22.63 78.46 77 72 66 -0.0 0.0
Gs_늪지대_9245_3892 3081.80 -1.49 1297.59 56.24 73.44 4.67 86.21 88 86 63 -0.0 0.0
Gs_늪지대_6996_2551 2332.17 -3.58 850.55 106.47 75.46 4.67 86.66 81 79 56 -0.0 0.0
Gs_늪지대_4448_3750 1482.68 -5.02 1250.32 33.94 70.40 4.67 82.40 84 82 59 -0.0 0.0
Gb_늪지대_8655_1963 2885.06 -15.26 654.35 106.22 82.29 22.81 82.44 77 72 66 -0.0 0.0
Gb_늪지대_7305_4346 2435.02 -15.40 1448.67 121.03 84.60 22.53 68.01 77 72 66 -0.0 0.0
Gb_늪지대_8810_3156 2936.84 -15.42 1052.08 77.09 67.27 22.49 84.68 77 72 66 -0.0 0.0
Gb_늪지대_7153_3465 2384.66 -14.22 1155.10 150.94 81.02 24.89 84.00 77 72 66 -0.0 0.0
Gs_늪지대_5215_2715 1738.60 -1.71 905.03 126.26 75.13 4.71 70.64 80 79 56 -0.0 0.0
Gb_늪지대_6552_3435 2184.11 -15.22 1145.04 163.63 67.60 22.89 68.01 77 72 66 -0.0 0.0
Gs_늪지대_5956_4203 1985.44 -4.82 1401.33 35.38 89.05 4.67 73.28 84 82 58 -0.0 0.0
Gb_늪지대_5356_3745 1785.38 -15.24 1248.41 24.44 82.66 22.86 72.86 77 72 66 -0.0 0.0
Gb_늪지대_9252_3456 3084.06 -15.21 1152.15 56.71 82.37 22.91 71.38 77 72 66 -0.0 0.0
Gs_늪지대_6238_1637 2079.64 -2.32 545.75 166.12 85.41 4.67 86.56 94 93 70 -0.0 0.0
Gb_늪지대_8207_2983 2735.86 -15.39 994.51 130.23 68.74 22.56 71.52 77 72 66 -0.0 0.0
Gs_늪지대_7153_3465 2384.66 0.56 1155.10 150.94 84.39 4.67 87.50 89 87 64 -0.0 0.0
Gb_늪지대_8038_4952 2679.34 -16.98 1650.81 156.75 78.08 19.38 71.13 77 72 66 -0.0 0.0
Gs_늪지대_8810_3156 2936.84 -1.85 1052.08 77.09 70.08 4.67 88.20 93 91 68 -0.0 0.0
Gs_늪지대_6552_3435 2184.11 -1.45 1145.04 163.63 70.42 4.67 70.85 92 90 67 -0.0 0.0
Gb_늪지대_5956_4203 1985.44 -16.91 1401.33 35.38 85.48 19.51 70.35 77 72 66 -0.0 0.0
Gs_늪지대_7891_4040 2630.59 -1.75 1346.83 97.91 89.68 4.67 72.38 85 83 59 -0.0 0.0
Gb_늪지대_9685_3288 3228.47 -17.01 1096.06 107.17 72.17 19.32 79.89 77 72 66 -0.0 0.0
Gb_늪지대_6238_1637 2079.64 -15.66 545.75 166.12 81.99 22.02 83.09 77 72 66 -0.0 0.0
Gs_늪지대_9252_3456 3084.06 -1.42 1152.15 56.71 85.80 4.67 74.36 85 83 59 -0.0 0.0
Gs_늪지대_7612_3914 2537.34 -1.85 1304.72 26.99 88.81 4.67 71.06 92 90 66 -0.0 0.0
Gs_늪지대_8804_2850 2934.71 -1.97 950.04 135.83 77.49 4.67 85.40 95 93 71 -0.0 0.0
Gs_늪지대_9685_3288 3228.47 -5.02 1096.06 107.17 75.17 4.67 83.22 85 83 59 -0.0 0.0
Gs_늪지대_7765_1817 2588.34 -1.66 605.68 33.70 72.38 4.67 75.94 84 82 59 -0.0 0.0
Gb_늪지대_9256_2387 3085.66 -11.93 795.88 144.47 67.36 29.47 70.55 77 72 66 -0.0 0.0
Gs_늪지대_9251_3767 3083.83 -1.76 1255.77 97.03 85.18 4.67 80.35 83 81 57 -0.0 0.0
Gb_늪지대_4914_3767 1638.23 -15.39 1255.94 96.86 72.79 22.56 85.01 77 72 66 -0.0 0.0
Gb_늪지대_6689_2686 2229.85 -15.27 895.46 51.61 78.01 22.79 79.22 77 72 66 -0.0 0.0
Gb_늪지대_5952_4482 1984.06 -15.48 1494.09 76.99 74.77 22.38 84.55 77 72 66 -0.0 0.0
Gs_늪지대_8207_2983 2735.86 -1.79 994.51 130.23 71.60 4.70 74.50 85 83 59 -0.0 0.0
Gs_늪지대_4914_3767 1638.23 -1.78 1255.94 96.86 75.82 4.67 88.55 94 92 69 -0.0 0.0
Gb_늪지대_5359_3898 1786.64 -15.23 1299.46 77.27 79.51 22.87 85.97 77 72 66 -0.0 0.0
Gs_늪지대_8942_4189 2980.71 -3.74 1396.37 63.64 74.26 4.67 81.48 87 85 62 -0.0 0.0
Gb_늪지대_9251_3767 3083.83 -15.38 1255.77 97.03 81.78 22.58 77.14 77 72 66 -0.0 0.0
Gs_늪지대_5952_4482 1984.06 -1.96 1494.09 76.99 77.89 4.67 88.08 81 79 56 -0.0 0.0
Gb_늪지대_9386_3751 3128.82 -15.25 1250.60 60.68 79.11 22.83 67.67 77 72 66 -0.0 0.0
Gb_늪지대_5967_2689 1989.04 -15.47 896.52 22.74 67.66 22.40 83.75 77 72 66 -0.0 0.0
Gs_늪지대_6235_3141 2078.50 -1.63 1047.17 75.25 87.29 4.67 70.37 83 81 58 -0.0 0.0
Gs_늪지대_5359_3898 1786.64 -1.46 1299.46 77.27 82.82 4.67 89.55 84 82 58 -0.0 0.0
Gb_늪지대_8484_2985 2828.28 -15.33 995.24 103.06 79.62 22.68 69.06 77 72 66 -0.0 0.0
Gb_늪지대_4590_2406 1530.08 -17.06 802.22 36.92 83.36 19.21 76.68 77 72 66 -0.0 0.0
Gb_늪지대_8485_4507 2828.52 -15.17 1502.57 25.03 74.33 22.99 68.82 77 72 66 -0.0 0.0
Gs_늪지대_8661_4186 2887.15 -3.53 1395.39 33.29 78.32 4.67 75.19 95 93 70 -0.0 0.0
Gb_늪지대_8035_1784 2678.60 -15.23 594.80 100.10 69.79 22.88 72.89 77 72 66 -0.0 0.0
Gb_늪지대_4740_3014 1580.08 -15.45 1004.95 145.73 67.49 22.43 85.01 77 72 66 -0.0 0.0
Gb_늪지대_8485_3148 2828.42 -15.30 1049.41 80.74 86.16 22.74 79.09 77 72 66 -0.0 0.0
Gb_늪지대_9236_3151 3078.73 -15.23 1050.57 137.39 68.20 22.88 68.87 77 72 66 -0.0 0.0
Gs_늪지대_5046_2701 1682.21 -1.43 900.50 32.91 86.15 4.67 83.29 81 79 56 -0.0 0.0
Gs_늪지대_4590_2406 1530.08 -5.12 802.22 36.92 86.84 4.67 79.88 81 79 56 -0.0 0.0
Gb_늪지대_5046_2701 1682.21 -15.21 900.50 32.91 82.70 22.91 79.96 77 72 66 -0.0 0.0
Gs_늪지대_6235_2389 2078.42 -1.71 796.61 22.99 85.65 4.67 78.18 85 83 59 -0.0 0.0
Gs_늪지대_8035_1784 2678.60 -1.45 594.80 100.10 72.69 4.67 75.93 94 92 70 -0.0 0.0
Gs_늪지대_8485_4507 2828.52 -1.34 1502.57 25.03 77.43 4.67 71.69 96 94 71 -0.0 0.0
Gs_늪지대_8484_2985 2828.28 -1.65 995.24 103.06 82.94 4.67 71.93 83 81 58 -0.0 0.0
Gs_늪지대_5946_4367 1982.05 -2.33 1455.69 161.56 70.01 4.67 88.14 81 79 56 -0.0 0.0
Gb_늪지대_7893_4517 2631.20 -15.16 1505.88 108.99 78.94 23.01 70.88 77 72 66 -0.0 0.0
Gb_늪지대_8485_2094 2828.58 -15.41 698.11 103.04 68.35 22.52 80.46 77 72 66 -0.0 0.0
Gb_늪지대_8213_4335 2737.76 -15.33 1445.05 178.37 71.11 22.68 75.93 77 72 66 -0.0 0.0
Gs_늪지대_5203_4344 1734.60 -1.96 1448.15 47.26 71.73 4.67 74.33 85 83 59 -0.0 0.0
Gb_늪지대_7765_1817 2588.34 -15.33 605.68 33.70 69.48 22.67 72.90 77 72 66 -0.0 0.0
Gb_늪지대_7461_2711 2487.26 -15.46 903.67 165.54 82.09 22.41 68.09 77 72 66 -0.0 0.0
Gs_늪지대_9236_3151 3078.73 -1.46 1050.57 137.39 71.04 4.67 71.74 83 81 58 -0.0 0.0
Gs_늪지대_4740_3014 1580.08 -1.90 1004.95 145.73 70.31 4.67 88.56 82 80 57 -0.0 0.0
Gs_늪지대_8485_3148 2828.42 -1.60 1049.41 80.74 89.75 4.67 82.39 95 93 71 -0.0 0.0
Gb_늪지대_9396_3450 3132.07 -15.24 1150.26 176.65 84.74 22.86 73.64 77 72 66 -0.0 0.0
Gb_늪지대_7612_3914 2537.34 -15.43 1304.72 26.99 85.26 22.48 68.22 77 72 66 -0.0 0.0
Gs_늪지대_7153_1954 2384.48 -2.11 651.49 99.59 79.89 4.67 77.49 80 79 56 -0.0 0.0
Gs_늪지대_8967_4063 2989.33 -1.89 1354.37 131.67 74.97 4.67 80.47 81 79 57 -0.0 0.0
Gs_늪지대_6397_4208 2132.56 -1.87 1402.86 153.56 85.39 4.67 70.47 81 79 56 -0.0 0.0
Gb_늪지대_5203_4344 1734.60 -15.48 1448.15 47.26 68.86 22.38 71.35 77 72 66 -0.0 0.0
Gb_늪지대_8500_4665 2833.54 -15.16 1555.21 174.15 69.74 23.02 70.63 77 72 66 -0.0 0.0
Gb_늪지대_8367_2383 2789.01 -15.41 794.35 162.00 81.46 22.51 74.54 77 72 66 -0.0 0.0
Gs_늪지대_5194_3599 1731.40 -1.49 1199.75 61.94 81.59 4.67 87.60 83 81 58 -0.0 0.0
Gs_늪지대_5335_1653 1778.51 -5.02 551.20 167.67 71.92 4.67 72.57 82 80 57 -0.0 0.0
Gs_늪지대_8367_2383 2789.01 -1.82 794.35 162.00 84.85 4.67 77.65 82 80 57 -0.0 0.0
Gb_늪지대_6395_4800 2131.67 -16.47 1600.10 33.96 74.95 20.39 80.98 77 72 66 -0.0 0.0
Gs_늪지대_5653_1632 1884.51 -2.30 544.04 12.55 80.05 4.67 85.27 85 83 59 -0.0 0.0
Gb_늪지대_5946_4367 1982.05 -15.66 1455.69 161.56 67.21 22.01 84.62 77 72 66 -0.0 0.0
Gb_늪지대_8189_3890 2729.98 -16.95 1296.69 115.14 77.43 19.43 75.75 77 72 66 -0.0 0.0
Gb_늪지대_9388_3300 3129.41 -15.27 1100.09 131.90 83.26 22.79 67.58 77 72 66 -0.0 0.0
Gs_늪지대_8213_4335 2737.76 -1.66 1445.05 178.37 74.08 4.67 79.09 89 87 63 -0.0 0.0
Gs_늪지대_5061_2264 1687.25 -3.87 754.69 39.32 78.52 4.67 79.95 93 91 68 -0.0 0.0
Gs_늪지대_7893_4517 2631.20 -1.39 1505.88 108.99 82.23 4.79 73.83 93 91 68 -0.0 0.0
Gs_늪지대_8189_3890 2729.98 -4.90 1296.69 115.14 80.66 4.67 78.91 82 80 57 -0.0 0.0
Gs_늪지대_8500_2388 2833.57 -1.35 796.10 157.80 80.62 4.70 83.38 86 84 60 -0.0 0.0
Gs_늪지대_9388_3300 3129.41 -1.54 1100.09 131.90 86.73 4.67 70.39 88 86 62 -0.0 0.0
Gb_늪지대_8202_2098 2734.32 -15.21 699.56 83.86 71.11 22.92 77.89 77 72 66 -0.0 0.0
Gb_늪지대_5503_4186 1834.53 -15.50 1395.60 42.49 71.84 22.34 75.99 77 72 66 -0.0 0.0
Gb_늪지대_4883_4208 1627.86 -16.92 1402.85 60.50 81.42 19.50 84.35 77 72 66 -0.0 0.0
Gs_늪지대_6997_1808 2332.44 -4.94 602.69 156.77 77.67 4.67 75.70 82 80 57 -0.0 0.0
Gs_늪지대_6395_4800 2131.67 -3.94 1600.10 33.96 78.07 4.67 84.35 95 93 71 -0.0 0.0
Gs_늪지대_4883_4208 1627.86 -4.84 1402.85 60.50 84.81 4.67 87.86 86 84 60 -0.0 0.0
Gs_늪지대_5503_4186 1834.53 -1.99 1395.60 42.49 74.83 4.67 79.16 81 79 56 -0.0 0.0
Gb_늪지대_8198_1786 2732.72 -15.40 595.66 19.01 74.14 22.53 77.19 77 72 66 -0.0 0.0
Gs_늪지대_9546_2547 3182.32 -0.68 849.18 120.46 71.43 4.67 70.27 93 91 68 -0.0 0.0
Gb_늪지대_9546_2547 3182.32 -14.84 849.18 120.46 68.57 23.65 67.46 77 72 66 -0.0 0.0
Gb_늪지대_8806_2556 2935.56 -15.31 852.29 113.34 74.31 22.71 70.75 77 72 66 -0.0 0.0
Gs_늪지대_5957_3159 1985.97 -1.74 1053.01 79.31 71.69 4.67 79.44 84 82 59 -0.0 0.0
Gb_늪지대_6997_1808 2332.44 -16.97 602.69 156.77 74.56 19.39 72.68 77 72 66 -0.0 0.0
Gb_늪지대_8488_4359 2829.39 -15.54 1453.18 142.68 73.78 22.25 81.68 77 72 66 -0.0 0.0
Gs_늪지대_8198_1786 2732.72 -1.82 595.66 19.01 77.23 4.70 80.40 84 82 59 -0.0 0.0
Gb_늪지대_8964_4334 2988.19 -16.81 1444.69 2.59 77.77 19.71 76.13 77 72 66 -0.0 0.0
Gb_늪지대_6865_2842 2288.58 -15.22 947.34 125.73 79.95 22.90 82.68 77 72 66 -0.0 0.0
Gs_늪지대_8488_4359 2829.39 -2.08 1453.18 142.68 76.85 4.67 85.09 88 86 63 -0.0 0.0
Gs_늪지대_8964_4334 2988.19 -4.63 1444.69 2.59 81.01 4.67 79.30 84 82 59 -0.0 0.0
Gs_늪지대_8054_2097 2684.83 -1.61 699.11 95.55 71.04 4.67 83.51 92 90 67 -0.0 0.0
Gb_늪지대_4751_3606 1583.97 -15.32 1202.22 100.23 72.68 22.68 76.20 77 72 66 -0.0 0.0
Gs_늪지대_5040_3909 1680.33 -1.73 1303.23 98.84 85.21 4.67 89.96 81 79 56 -0.0 0.0
Gb_늪지대_8208_1489 2736.19 -16.79 496.51 61.35 75.87 19.76 75.52 77 72 66 -0.0 0.0
Gb_늪지대_5193_4200 1731.20 -15.40 1400.20 60.02 67.90 22.54 71.45 77 72 66 -0.0 0.0
Gs_늪지대_8806_2556 2935.56 -1.62 852.29 113.34 77.40 4.67 73.70 81 79 56 -0.0 0.0
Gs_늪지대_5041_3291 1680.61 -1.37 1097.32 102.32 74.42 4.70 80.83 84 82 58 -0.0 0.0
Gb_늪지대_8054_2097 2684.83 -15.31 699.11 95.55 68.19 22.72 80.17 77 72 66 -0.0 0.0
Gs_늪지대_5193_4200 1731.20 -1.79 1400.20 60.02 70.73 4.67 74.43 83 81 58 -0.0 0.0
Gb_늪지대_8511_2250 2837.13 -15.44 750.19 133.63 85.85 22.45 75.07 77 72 66 -0.0 0.0
Gb_늪지대_5040_3909 1680.33 -15.36 1303.23 98.84 81.80 22.60 86.37 77 72 66 -0.0 0.0
Gs_늪지대_8208_1489 2736.19 -4.57 496.51 61.35 79.03 4.67 78.66 85 83 59 -0.0 0.0
Gs_늪지대_4751_3606 1583.97 -1.65 1202.22 100.23 75.71 4.67 79.38 84 82 59 -0.0 0.0
Gb_늪지대_5653_1632 1884.51 -15.65 544.04 12.55 76.85 22.03 81.86 77 72 66 -0.0 0.0
Gb_늪지대_8667_4793 2889.15 -15.64 1597.82 160.91 78.66 22.04 68.30 77 72 66 -0.0 0.0
Gb_늪지대_5799_1643 1933.05 -15.57 547.75 99.34 84.97 22.20 73.89 77 72 66 -0.0 0.0
Gs_늪지대_8200_4217 2733.47 -3.68 1405.79 67.36 84.61 4.67 86.86 95 93 70 -0.0 0.0
Gb_늪지대_5041_3291 1680.61 -15.18 1097.32 102.32 71.44 22.98 77.59 77 72 66 -0.0 0.0
Gs_늪지대_7606_3140 2535.66 -1.76 1046.96 69.20 71.33 4.67 88.43 83 81 58 -0.0 0.0
Gs_늪지대_8511_2250 2837.13 -1.88 750.19 133.63 89.43 4.67 78.20 85 83 59 -0.0 0.0
Gb_늪지대_5784_4497 1928.32 -15.22 1499.24 70.17 68.31 22.90 76.16 77 72 66 -0.0 0.0
Gs_늪지대_7884_4949 2628.07 -4.55 1649.74 32.10 82.85 4.67 82.97 84 82 58 -0.0 0.0
Gb_늪지대_8500_2388 2833.57 -15.17 796.10 157.80 77.39 23.00 80.05 77 72 66 -0.0 0.0
Gb_늪지대_7144_1501 2381.54 -16.95 500.54 13.44 73.56 19.44 81.97 77 72 66 -0.0 0.0
Gb_늪지대_8200_4217 2733.47 -16.34 1405.79 67.36 81.23 20.65 83.39 77 72 66 -0.0 0.0
Gb_늪지대_7884_4949 2628.07 -16.77 1649.74 32.10 79.54 19.79 79.65 77 72 66 -0.0 0.0
Gs_늪지대_7144_1501 2381.54 -4.90 500.54 13.44 76.63 4.67 85.38 90 88 65 -0.0 0.0
Gs_늪지대_9115_2095 3038.56 0.02 698.66 176.41 82.22 4.67 83.53 81 79 56 -0.0 0.0
Gb_늪지대_9115_2095 3038.56 -14.49 698.66 176.41 78.93 24.35 80.19 77 72 66 -0.0 0.0
Gb_늪지대_9541_2993 3180.56 -15.38 997.95 56.04 84.59 22.57 68.01 77 72 66 -0.0 0.0
Gs_늪지대_8647_3884 2882.63 -4.67 1294.67 39.61 85.12 4.67 78.94 89 87 64 -0.0 0.0
Gs_늪지대_5192_2242 1730.72 -1.34 747.66 60.47 79.94 4.70 79.44 82 80 57 -0.0 0.0
Gb_늪지대_5192_2242 1730.72 -15.16 747.66 60.47 76.74 23.01 76.27 77 72 66 -0.0 0.0
Gb_늪지대_8510_2706 2836.95 -15.41 902.12 158.32 84.78 22.51 72.01 77 72 66 -0.0 0.0
Gs_늪지대_8795_1816 2931.83 -4.84 605.66 167.61 74.10 4.67 83.30 82 80 57 -0.0 0.0
Gs_늪지대_8506_1937 2835.39 -1.90 645.82 80.83 72.41 4.67 86.66 95 93 71 -0.0 0.0
Gs_늪지대_9115_2865 3038.53 -1.43 955.27 148.84 88.82 4.67 72.63 81 80 57 -0.0 0.0
Gb_늪지대_7606_3140 2535.66 -15.38 1046.96 69.20 68.48 22.57 84.90 77 72 66 -0.0 0.0
Gb_늪지대_8217_3451 2739.22 -15.44 1150.43 39.80 85.26 22.45 71.39 77 72 66 -0.0 0.0
Gs_늪지대_6537_4038 2179.29 -1.97 1346.23 107.06 73.11 4.67 75.85 95 93 71 -0.0 0.0
Gb_늪지대_9251_2834 3083.90 -15.24 944.87 104.09 79.64 22.85 69.33 77 72 66 -0.0 0.0
Gs_늪지대_5784_4497 1928.32 -1.45 1499.24 70.17 71.15 4.70 79.33 92 90 67 -0.0 0.0
Gb_늪지대_5948_3004 1982.99 -15.64 1001.53 153.78 83.24 22.05 76.06 77 72 66 -0.0 0.0
Gs_늪지대_6415_1811 2138.60 -1.77 603.92 47.04 87.61 4.67 87.12 85 83 59 -0.0 0.0
Gb_늪지대_8795_1816 2931.83 -16.92 605.66 167.61 71.14 19.49 79.97 77 72 66 -0.0 0.0
Gs_늪지대_8182_1940 2727.37 -1.70 646.94 117.42 79.26 4.67 88.15 91 89 66 -0.0 0.0
Gs_늪지대_7166_2995 2388.89 1.88 998.36 11.01 85.89 4.67 88.08 87 85 61 -0.0 0.0
Gb_늪지대_5795_4666 1931.90 -15.23 1555.57 79.48 82.84 22.87 75.18 77 72 66 -0.0 0.0
Gs_늪지대_8361_3616 2787.25 -2.20 1205.43 22.78 88.62 4.67 81.50 87 85 62 -0.0 0.0
Gs_늪지대_8510_2706 2836.95 -1.82 902.12 158.32 88.31 4.67 75.01 81 79 56 -0.0 0.0
Gb_늪지대_8182_1940 2727.37 -15.35 646.94 117.42 76.09 22.63 84.62 77 72 66 -0.0 0.0
Gs_늪지대_9566_3444 3188.86 -1.83 1148.05 109.22 70.15 4.67 88.06 84 82 59 -0.0 0.0
Gb_늪지대_8804_2850 2934.71 -15.48 950.04 135.83 74.39 22.36 81.99 77 72 66 -0.0 0.0
Gb_늪지대_9115_2865 3038.53 -15.22 955.27 148.84 85.27 22.90 69.72 77 72 66 -0.0 0.0
Gb_늪지대_9705_3607 3235.27 -16.89 1202.39 24.14 85.55 19.55 73.61 77 72 66 -0.0 0.0
Gb_늪지대_6415_1811 2138.60 -15.38 603.92 47.04 84.11 22.57 83.63 77 72 66 -0.0 0.0
Gs_늪지대_5948_3004 1982.99 -2.29 1001.53 153.78 86.71 4.67 79.23 85 83 59 -0.0 0.0
Gs_늪지대_5795_4666 1931.90 -1.46 1555.57 79.48 86.30 4.67 78.32 85 83 59 -0.0 0.0
Gb_늪지대_7166_2995 2388.89 -13.56 998.36 11.01 82.45 26.21 84.56 77 72 66 -0.0 0.0
Gs_늪지대_8500_4665 2833.54 -1.33 1555.21 174.15 72.65 4.70 73.57 84 82 59 -0.0 0.0
Gb_늪지대_8361_3616 2787.25 -15.60 1205.43 22.78 85.08 22.14 78.24 77 72 66 -0.0 0.0
Gb_늪지대_6112_4511 2037.41 -15.31 1503.83 8.77 83.99 22.72 79.72 77 72 66 -0.0 0.0
Gb_늪지대_9539_3135 3179.92 -15.52 1045.06 44.95 76.07 22.30 83.90 77 72 66 -0.0 0.0
Gs_늪지대_7434_2562 2478.23 -3.95 854.03 41.40 77.66 4.67 83.70 95 93 71 -0.0 0.0
Gs_늪지대_8661_2384 2887.24 -1.65 794.90 8.02 75.27 4.67 85.10 82 80 57 -0.0 0.0
Gb_늪지대_6713_3310 2237.97 -15.29 1103.65 35.98 84.02 22.76 85.81 77 72 66 -0.0 0.0
Gs_늪지대_6713_3310 2237.97 -1.58 1103.65 35.98 87.52 4.67 89.39 84 82 58 -0.0 0.0
Gb_늪지대_6837_3765 2279.19 -15.22 1255.12 70.65 71.36 22.89 71.77 77 72 66 -0.0 0.0
Gb_늪지대_5503_2539 1834.42 -16.31 846.43 23.27 74.20 20.70 86.34 77 72 66 -0.0 0.0
Gb_늪지대_8634_2538 2878.07 -15.20 846.11 143.85 77.90 22.93 75.40 77 72 66 -0.0 0.0
Gb_늪지대_7152_4059 2384.23 -15.39 1353.06 173.27 79.81 22.56 76.61 77 72 66 -0.0 0.0
Gb_늪지대_9102_1797 3034.08 -16.90 599.08 164.05 78.70 19.54 85.65 77 72 66 -0.0 0.0
Gb_늪지대_4916_3304 1638.76 -15.30 1101.62 140.86 74.98 22.74 74.85 77 72 66 -0.0 0.0
Gb_늪지대_8798_2401 2932.86 -15.35 800.59 61.06 73.80 22.63 84.60 77 72 66 -0.0 0.0
Gb_늪지대_7467_1782 2489.29 -15.40 594.19 23.02 82.18 22.53 73.98 77 72 66 -0.0 0.0
Gb_늪지대_5515_3615 1838.62 -15.33 1205.21 13.58 71.11 22.68 82.44 77 72 66 -0.0 0.0
Gb_늪지대_4755_3756 1585.33 -15.36 1252.11 66.73 67.92 22.61 72.85 77 72 66 -0.0 0.0
Gb_늪지대_9566_3444 3188.86 -15.41 1148.05 109.22 67.34 22.51 84.54 77 72 66 -0.0 0.0
Gs_늪지대_6112_4511 2037.41 -1.61 1503.83 8.77 87.49 4.67 83.04 85 83 59 -0.0 0.0
Gs_늪지대_9539_3135 3179.92 -2.04 1045.06 44.95 79.24 4.67 87.40 92 90 67 -0.0 0.0
Gs_늪지대_8634_2538 2878.07 -1.40 846.11 143.85 81.15 4.67 78.54 89 87 63 -0.0 0.0
Gs_늪지대_9541_2993 3180.56 -1.76 997.95 56.04 88.12 4.67 70.84 85 83 59 -0.0 0.0
Gb_늪지대_8647_3884 2882.63 -16.83 1294.67 39.61 81.71 19.67 75.78 77 72 66 -0.0 0.0
Gs_늪지대_8217_3451 2739.22 -1.88 1150.43 39.80 88.81 4.67 74.37 91 89 66 -0.0 0.0
Gs_늪지대_9102_1797 3034.08 -4.79 599.08 164.05 81.98 4.67 89.22 84 82 59 -0.0 0.0
Gs_늪지대_4755_3756 1585.33 -1.73 1252.11 66.73 70.75 4.67 75.89 95 94 71 -0.0 0.0
Gb_늪지대_8506_1937 2835.39 -15.45 645.82 80.83 69.51 22.43 83.20 77 72 66 -0.0 0.0
Gs_늪지대_7152_4059 2384.23 -1.77 1353.06 173.27 83.13 4.67 79.80 84 82 58 -0.0 0.0
Gs_늪지대_9251_2834 3083.90 -1.49 944.87 104.09 82.95 4.67 72.22 87 85 61 -0.0 0.0
Gs_늪지대_8196_1649 2732.10 -1.83 549.92 161.60 88.10 4.67 80.19 91 90 66 -0.0 0.0
Gs_늪지대_5515_3615 1838.62 -1.65 1205.21 13.58 74.08 4.67 85.88 93 91 68 -0.0 0.0
Gs_늪지대_6560_4791 2186.70 -4.59 1597.08 137.72 87.11 4.67 74.95 93 91 68 -0.0 0.0
Gs_늪지대_7467_1782 2489.29 -1.80 594.19 23.02 85.60 4.67 77.07 91 89 66 -0.0 0.0
Gs_늪지대_6690_2108 2230.31 -4.66 702.73 98.17 73.42 4.67 77.55 86 84 60 -0.0 0.0
Gb_늪지대_6235_3141 2078.50 -15.31 1047.17 75.25 83.80 22.71 67.56 77 72 66 -0.0 0.0
Gb_늪지대_8196_1649 2732.10 -15.42 549.92 161.60 84.57 22.50 76.98 77 72 66 -0.0 0.0
Gb_늪지대_4611_3302 1537.27 -15.23 1100.76 132.00 84.80 22.87 85.66 77 72 66 -0.0 0.0
Gs_늪지대_4611_3302 1537.27 -1.46 1100.76 132.00 88.34 4.67 89.23 86 84 61 -0.0 0.0
Gb_늪지대_6560_4791 2186.70 -16.80 1597.08 137.72 83.63 19.74 71.95 77 72 66 -0.0 0.0
Gs_늪지대_9382_2416 3127.66 2.67 805.37 121.56 70.09 4.67 82.40 81 79 57 -0.0 0.0
Gs_늪지대_8798_2401 2932.86 -1.70 800.59 61.06 76.88 4.67 88.12 88 86 63 -0.0 0.0
Gb_늪지대_4743_2694 1581.29 -15.64 898.09 172.21 77.67 22.05 83.96 77 72 66 -0.0 0.0
Gs_늪지대_6854_3590 2284.90 -1.48 1196.98 7.67 75.47 4.67 78.37 82 80 57 -0.0 0.0
Gb_늪지대_9382_2416 3127.66 -13.17 805.37 121.56 67.29 27.00 79.11 77 72 66 -0.0 0.0
Gb_늪지대_8967_4063 2989.33 -15.45 1354.37 131.67 71.97 22.44 77.25 77 72 66 -0.0 0.0
Gs_늪지대_6689_2686 2229.85 -1.54 895.46 51.61 81.26 4.67 82.52 94 92 69 -0.0 0.0
Gs_늪지대_7894_1497 2631.46 -5.16 499.09 15.40 85.46 4.67 75.64 87 85 61 -0.0 0.0
Gs_늪지대_7455_3900 2485.13 -1.89 1300.32 179.14 73.07 4.70 86.67 82 80 57 -0.0 0.0
Gb_늪지대_6537_4038 2179.29 -15.49 1346.23 107.06 70.19 22.36 72.82 77 72 66 -0.0 0.0
Gs_늪지대_9396_2104 3132.27 -4.39 701.44 19.35 80.44 4.67 75.23 94 92 69 -0.0 0.0
Gs_늪지대_8959_3907 2986.65 -3.69 1302.33 29.33 83.17 4.67 79.79 90 88 64 -0.0 0.0
Gb_늪지대_6713_2852 2237.99 -15.47 950.81 72.59 86.18 22.40 75.88 77 72 66 -0.0 0.0
Gs_늪지대_7306_3883 2435.38 -1.74 1294.46 28.80 78.85 4.67 71.01 92 90 67 -0.0 0.0
Gb_늪지대_7894_1497 2631.46 -17.08 499.09 15.40 82.05 19.18 72.62 77 72 66 -0.0 0.0
Gb_늪지대_8647_2687 2882.61 -15.30 895.95 70.45 77.01 22.73 80.05 77 72 66 -0.0 0.0
Gs_늪지대_7882_1665 2627.36 -1.93 555.22 90.03 89.61 4.67 76.79 86 84 60 -0.0 0.0
Gs_늪지대_5192_1792 1730.91 -4.83 597.38 21.88 87.58 4.67 75.20 92 91 68 -0.0 0.0
Gb_늪지대_6409_1960 2136.45 -15.66 653.58 0.78 81.50 22.02 83.33 77 72 66 -0.0 0.0
Gs_늪지대_4891_2414 1630.37 -2.33 804.73 171.49 85.71 4.67 78.18 90 88 65 -0.0 0.0
Gb_늪지대_6854_3590 2284.90 -15.24 1196.98 7.67 72.45 22.86 75.24 77 72 66 -0.0 0.0
Gb_늪지대_5343_2836 1781.02 -16.83 945.44 49.43 79.72 19.67 79.82 77 72 66 -0.0 0.0
Gs_늪지대_7609_3449 2536.52 -1.63 1149.81 177.16 82.07 4.67 85.66 88 86 63 -0.0 0.0
Gs_늪지대_6563_1940 2187.97 -5.07 646.93 152.68 90.00 4.67 86.43 83 81 58 -0.0 0.0
Gs_늪지대_6260_2533 2086.96 -1.87 844.52 179.41 71.41 4.70 73.48 85 83 59 -0.0 0.0
Gb_늪지대_4891_2414 1630.37 -15.67 804.73 171.49 82.28 22.00 75.05 77 72 66 -0.0 0.0
Gb_늪지대_6563_1940 2187.97 -17.04 646.93 152.68 86.40 19.26 82.98 77 72 66 -0.0 0.0
Gb_늪지대_6564_3315 2188.19 -15.22 1105.04 95.27 73.25 22.90 79.85 77 72 66 -0.0 0.0
Gs_늪지대_5343_2558 1781.22 -1.81 852.96 133.75 75.12 4.67 81.91 95 93 71 -0.0 0.0
Gs_늪지대_8647_2687 2882.61 -1.60 895.95 70.45 80.22 4.67 83.39 88 86 62 -0.0 0.0
Gb_늪지대_8502_1801 2834.30 -15.25 600.43 120.64 77.53 22.84 71.14 77 72 66 -0.0 0.0
Gs_늪지대_6409_1960 2136.45 -2.31 653.58 0.78 84.89 4.67 86.80 84 82 59 -0.0 0.0
Gb_늪지대_8338_1790 2779.56 -15.38 596.97 68.57 68.26 22.58 79.43 77 72 66 -0.0 0.0
Gs_늪지대_5503_2539 1834.42 -3.63 846.43 23.27 77.29 4.67 89.94 93 91 68 -0.0 0.0
Gs_늪지대_6713_2852 2237.99 -1.93 950.81 72.59 89.77 4.67 79.04 93 91 68 -0.0 0.0
Gb_늪지대_7882_1665 2627.36 -15.47 555.22 90.03 86.02 22.40 73.72 77 72 66 -0.0 0.0
Gb_늪지대_7306_3883 2435.38 -15.37 1294.46 28.80 75.70 22.60 68.17 77 72 66 -0.0 0.0
Gb_늪지대_5655_4654 1885.26 -15.47 1551.58 122.19 75.71 22.39 81.82 77 72 66 -0.0 0.0
Gs_늪지대_5502_2237 1834.29 -1.56 745.81 21.18 87.21 4.67 79.88 84 82 59 -0.0 0.0
Gb_늪지대_6546_4334 2182.22 -17.08 1444.83 29.80 69.68 19.17 74.74 77 72 66 -0.0 0.0
Gb_늪지대_5192_1792 1730.91 -16.91 597.38 21.88 84.07 19.51 72.19 77 72 66 -0.0 0.0
Gb_늪지대_7465_4035 2488.60 -15.33 1345.08 129.56 74.84 22.66 70.63 77 72 66 -0.0 0.0
Gb_늪지대_6110_2114 2036.91 -15.46 704.94 36.85 76.81 22.41 80.12 77 72 66 -0.0 0.0
Gs_늪지대_9398_4197 3132.74 -3.40 1399.22 89.55 79.63 4.67 87.57 82 80 57 -0.0 0.0
Gb_늪지대_8200_2849 2733.56 -15.50 949.96 15.70 82.83 22.33 81.71 77 72 66 -0.0 0.0
Gb_늪지대_7601_2239 2533.73 -15.21 746.56 75.19 73.54 22.91 73.51 77 72 66 -0.0 0.0
Gs_늪지대_6110_2114 2036.91 -1.92 704.94 36.85 80.01 4.67 83.46 88 86 63 -0.0 0.0
Gb_늪지대_8490_1507 2830.10 -16.96 502.42 85.97 77.32 19.41 73.31 77 72 66 -0.0 0.0
Gb_늪지대_7438_3298 2479.40 -14.10 1099.35 58.08 72.77 25.14 69.58 77 72 66 -0.0 0.0
Gs_늪지대_5655_4654 1885.26 -1.95 1551.58 122.19 78.87 4.67 85.23 92 90 67 -0.0 0.0
Gs_늪지대_7883_1941 2627.96 -1.81 647.21 10.97 72.47 4.67 88.13 84 82 58 -0.0 0.0
Gs_늪지대_7438_3298 2479.40 0.81 1099.35 58.08 75.80 4.67 72.48 85 83 59 -0.0 0.0
Gb_늪지대_6397_2682 2132.59 -15.24 894.00 67.11 84.93 22.85 74.88 77 72 66 -0.0 0.0
Gs_늪지대_8648_2246 2882.94 -1.52 748.79 17.71 74.63 4.70 75.89 87 85 61 -0.0 0.0
Gs_늪지대_9260_4064 3086.78 -2.29 1354.80 127.59 85.00 4.67 87.87 84 82 59 -0.0 0.0
Gs_늪지대_7601_2239 2533.73 -1.42 746.56 75.19 76.61 4.67 76.57 92 90 67 -0.0 0.0
Gs_늪지대_5343_2836 1781.02 -4.66 945.44 49.43 83.05 4.67 83.15 89 87 64 -0.0 0.0
Gs_늪지대_6403_2986 2134.49 -1.54 995.61 91.33 84.41 4.67 87.86 89 87 63 -0.0 0.0
Gb_늪지대_8667_2833 2889.26 -15.45 944.55 99.79 77.45 22.44 72.10 77 72 66 -0.0 0.0
Gs_늪지대_8967_1793 2989.10 -4.62 597.67 31.38 74.21 4.67 79.77 82 80 57 -0.0 0.0
Gb_늪지대_5502_2237 1834.29 -15.28 745.81 21.18 83.72 22.78 76.69 77 72 66 -0.0 0.0
Gb_늪지대_9247_4211 3082.56 -16.93 1403.95 44.15 67.23 19.47 83.40 77 72 66 -0.0 0.0
Gb_늪지대_6403_2986 2134.49 -15.27 995.61 91.33 81.03 22.79 84.34 77 72 66 -0.0 0.0
Gb_늪지대_8661_2384 2887.24 -15.33 794.90 8.02 72.26 22.68 81.70 77 72 66 -0.0 0.0
Gb_늪지대_9398_4197 3132.74 -16.20 1399.22 89.55 76.44 20.93 84.06 77 72 66 -0.0 0.0
Gs_늪지대_7911_3445 2637.05 -1.45 1148.53 127.81 82.95 4.67 75.60 86 84 60 -0.0 0.0
Gb_늪지대_7609_3449 2536.52 -15.32 1149.81 177.16 78.78 22.70 82.24 77 72 66 -0.0 0.0
Gs_늪지대_7465_4035 2488.60 -1.67 1345.08 129.56 77.95 4.67 73.58 95 93 70 -0.0 0.0
Gb_늪지대_8967_1793 2989.10 -16.81 597.67 31.38 71.24 19.71 76.58 77 72 66 -0.0 0.0
Gs_늪지대_8667_2833 2889.26 -1.90 944.55 99.79 80.68 4.67 75.10 91 89 66 -0.0 0.0
Gb_늪지대_7455_3900 2485.13 -15.44 1300.32 179.14 70.15 22.46 83.20 77 72 66 -0.0 0.0
Gb_늪지대_9260_4064 3086.78 -15.65 1354.80 127.59 81.60 22.04 84.36 77 72 66 -0.0 0.0
Gb_늪지대_7911_3445 2637.05 -15.22 1148.53 127.81 79.64 22.89 72.57 77 72 66 -0.0 0.0
Gb_늪지대_8959_3907 2986.65 -16.34 1302.33 29.33 79.85 20.65 76.60 77 72 66 -0.0 0.0
Gs_늪지대_6397_2682 2132.59 -1.48 894.00 67.11 88.47 4.67 78.00 84 82 58 -0.0 0.0
Gs_늪지대_5803_2986 1934.42 -4.58 995.41 153.25 74.35 4.67 72.30 95 93 70 -0.0 0.0
Gb_늪지대_5803_2986 1934.42 -16.79 995.41 153.25 71.37 19.75 69.41 77 72 66 -0.0 0.0
Gs_늪지대_9247_4211 3082.56 -4.87 1403.95 44.15 70.03 4.67 86.88 84 82 58 -0.0 0.0
Gb_늪지대_6841_2385 2280.45 -15.57 795.13 155.77 74.38 22.20 69.59 77 72 66 -0.0 0.0
Gb_늪지대_5515_3757 1838.62 -15.48 1252.44 36.76 84.92 22.38 83.27 77 72 66 -0.0 0.0
Gb_늪지대_8047_4495 2682.47 -15.24 1498.53 36.94 74.12 22.86 78.96 77 72 66 -0.0 0.0
Gs_늪지대_5186_4482 1728.95 -4.79 1494.04 154.67 88.47 4.67 72.38 95 94 71 -0.0 0.0
Gs_늪지대_5183_2397 1727.67 -1.84 799.15 150.45 77.09 4.67 82.18 81 79 57 -0.0 0.0
Gb_늪지대_9396_2104 3132.27 -16.70 701.44 19.35 77.22 19.94 72.22 77 72 66 -0.0 0.0
Gs_늪지대_6841_2385 2280.45 -2.14 795.13 155.77 77.48 4.67 72.49 82 80 57 -0.0 0.0
Gb_늪지대_9087_2249 3029.04 -13.52 749.85 66.34 82.65 26.29 76.36 77 72 66 -0.0 0.0
Gs_늪지대_8047_4495 2682.47 -1.48 1498.53 36.94 77.21 4.67 82.25 84 82 58 -0.0 0.0
Gb_늪지대_8361_4182 2787.32 -16.85 1394.22 131.81 67.57 19.64 82.75 77 72 66 -0.0 0.0
Gs_늪지대_8192_3293 2730.84 -1.94 1097.84 47.22 79.42 4.67 78.16 90 88 65 -0.0 0.0
Gs_늪지대_6552_2684 2184.26 -1.50 894.96 34.81 72.45 4.76 73.96 85 83 59 -0.0 0.0
Gb_늪지대_7883_1941 2627.96 -15.41 647.21 10.97 69.57 22.52 84.60 77 72 66 -0.0 0.0
Gb_늪지대_8637_1792 2879.08 -16.39 597.63 170.82 74.11 20.54 80.49 77 72 66 -0.0 0.0
Gb_늪지대_5186_4482 1728.95 -16.89 1494.04 154.67 84.93 19.54 69.48 77 72 66 -0.0 0.0
Gb_늪지대_6552_2684 2184.26 -15.23 894.96 34.81 69.55 22.88 71.00 77 72 66 -0.0 0.0
Gs_늪지대_6689_2262 2229.89 -3.75 754.05 67.93 75.24 4.67 76.95 84 82 59 -0.0 0.0
Gs_늪지대_8361_4182 2787.32 -4.69 1394.22 131.81 70.38 4.67 86.19 94 92 69 -0.0 0.0
Gb_늪지대_8648_2246 2882.94 -15.25 748.79 17.71 71.64 22.83 72.85 77 72 66 -0.0 0.0
Gs_늪지대_5492_1665 1830.95 -3.93 555.10 37.26 78.20 4.67 75.64 82 80 57 -0.0 0.0
Gs_늪지대_9705_3607 3235.27 -4.79 1202.39 24.14 89.11 4.67 76.68 85 83 59 -0.0 0.0
Gb_늪지대_5492_1665 1830.95 -16.47 555.10 37.26 75.07 20.40 72.62 77 72 66 -0.0 0.0
Gb_늪지대_6689_2262 2229.89 -16.37 754.05 67.93 72.23 20.59 73.87 77 72 66 -0.0 0.0
Gs_늪지대_8637_1792 2879.08 -3.79 597.63 170.82 77.20 4.67 83.85 86 84 60 -0.0 0.0
Gb_늪지대_9405_3596 3135.10 -15.49 1198.70 63.59 75.84 22.35 71.60 77 72 66 -0.0 0.0
Gs_늪지대_8200_2849 2733.56 -2.00 949.96 15.70 86.29 4.67 85.11 87 85 61 -0.0 0.0
Gs_늪지대_9405_3596 3135.10 -1.99 1198.70 63.59 79.00 4.67 74.59 87 85 62 -0.0 0.0
Gb_늪지대_9242_3304 3080.67 -15.31 1101.59 121.23 68.62 22.72 74.44 77 72 66 -0.0 0.0
Gs_늪지대_6249_3298 2083.17 -1.81 1099.39 167.14 85.05 4.70 72.59 93 91 68 -0.0 0.0
Gs_늪지대_8359_1637 2786.46 -2.27 545.73 80.31 80.04 4.67 74.52 81 79 56 -0.0 0.0
Gb_늪지대_8802_1944 2934.09 -15.36 648.19 139.76 69.71 22.60 84.85 77 72 66 -0.0 0.0
Gs_늪지대_6246_4192 2082.25 -3.80 1397.50 27.13 85.19 4.67 70.69 85 83 59 -0.0 0.0
Gb_늪지대_6249_3298 2083.17 -15.41 1099.39 167.14 81.65 22.51 69.69 77 72 66 -0.0 0.0
Gb_늪지대_8192_3293 2730.84 -15.47 1097.84 47.22 76.25 22.39 75.04 77 72 66 -0.0 0.0
Gs_늪지대_8195_3610 2731.99 -1.44 1203.44 140.47 75.36 4.67 78.74 89 87 64 -0.0 0.0
Gs_늪지대_8052_2992 2684.12 -1.65 997.57 103.36 74.94 4.67 89.07 92 90 67 -0.0 0.0
Gb_늪지대_5817_2567 1939.25 -16.33 855.70 89.21 67.87 20.68 70.96 77 72 66 -0.0 0.0
Gs_늪지대_4765_2241 1588.55 -4.83 747.25 25.87 72.32 4.67 85.79 92 90 67 -0.0 0.0
Gb_늪지대_8359_1637 2786.46 -15.63 545.73 80.31 76.84 22.06 71.53 77 72 66 -0.0 0.0
Gb_늪지대_6246_4192 2082.25 -16.40 1397.50 27.13 81.78 20.53 67.86 77 72 66 -0.0 0.0
Gb_늪지대_8195_3610 2731.99 -15.22 1203.44 140.47 72.34 22.89 75.59 77 72 66 -0.0 0.0
Gb_늪지대_9408_4054 3136.26 -15.39 1351.44 48.48 78.56 22.55 74.87 77 72 66 -0.0 0.0
Gb_늪지대_6082_3452 2027.58 -16.99 1150.67 61.78 75.84 19.34 68.87 77 72 66 -0.0 0.0
Gb_늪지대_8635_4657 2878.49 -15.18 1552.61 113.31 72.30 22.97 74.90 77 72 66 -0.0 0.0
Gs_늪지대_8337_3286 2779.06 -1.77 1095.35 88.29 89.86 4.67 86.02 84 82 58 -0.0 0.0
Gs_늪지대_7303_4198 2434.44 -1.89 1399.54 4.05 79.92 4.67 72.96 85 83 59 -0.0 0.0
Gs_늪지대_9242_3304 3080.67 -1.62 1101.59 121.23 71.48 4.67 77.54 83 81 58 -0.0 0.0
Gs_늪지대_6411_4967 2137.28 -4.62 1655.77 66.15 88.21 4.67 76.93 86 84 60 -0.0 0.0
Gb_늪지대_4765_2241 1588.55 -16.92 747.25 25.87 69.43 19.50 82.36 77 72 66 -0.0 0.0
Gs_늪지대_9396_3450 3132.07 -1.48 1150.26 176.65 88.27 4.67 76.71 87 85 62 -0.0 0.0
Gs_늪지대_6088_1642 2029.60 -2.00 547.59 54.38 78.65 4.67 87.66 89 87 63 -0.0 0.0
Gs_늪지대_8641_4483 2880.39 -1.40 1494.66 16.63 85.53 4.67 82.22 91 89 66 -0.0 0.0
Gb_늪지대_5183_2397 1727.67 -15.42 799.15 150.45 74.00 22.50 78.90 77 72 66 -0.0 0.0
Gb_늪지대_8359_3756 2786.35 -17.02 1252.08 2.89 82.01 19.29 74.62 77 72 66 -0.0 0.0
Gs_늪지대_9408_4054 3136.26 -1.78 1351.44 48.48 81.83 4.67 77.98 88 86 63 -0.0 0.0
Gb_늪지대_6088_1642 2029.60 -15.50 547.59 54.38 75.51 22.33 84.16 77 72 66 -0.0 0.0
Gb_늪지대_9404_3904 3134.73 -15.28 1301.40 87.98 70.56 22.77 73.95 77 72 66 -0.0 0.0
Gs_늪지대_4908_2714 1636.02 -1.79 904.69 174.87 88.40 4.67 85.61 84 82 58 -0.0 0.0
Gb_늪지대_6393_4338 2131.22 -15.65 1446.03 107.46 79.70 22.02 70.85 77 72 66 -0.0 0.0
Gs_늪지대_9404_3904 3134.73 -1.56 1301.40 87.98 73.50 4.67 77.03 86 84 60 -0.0 0.0
Gb_늪지대_5341_1804 1780.61 -16.41 601.60 61.54 80.00 20.52 82.67 77 72 66 -0.0 0.0
Gs_늪지대_8487_3594 2829.15 -4.56 1198.24 36.32 79.94 4.67 71.59 82 80 57 -0.0 0.0
Gs_늪지대_8635_4657 2878.49 -1.38 1552.61 113.31 75.31 4.70 78.02 84 82 58 -0.0 0.0
Gb_늪지대_6690_2108 2230.31 -16.83 702.73 98.17 70.49 19.68 74.44 77 72 66 -0.0 0.0
Gb_늪지대_9244_2111 3081.48 -14.58 703.75 127.97 77.33 24.17 67.60 77 72 66 -0.0 0.0
Gs_늪지대_9244_2111 3081.48 -0.16 703.75 127.97 80.56 4.67 70.42 89 87 63 -0.0 0.0
Gs_늪지대_8359_3756 2786.35 -5.05 1252.08 2.89 85.43 4.67 77.73 82 80 57 -0.0 0.0
Gb_늪지대_7303_4198 2434.44 -15.44 1399.54 4.05 76.72 22.45 70.05 77 72 66 -0.0 0.0
Gs_늪지대_6413_2259 2137.74 -1.88 753.09 17.25 80.30 4.67 71.88 83 81 57 -0.0 0.0
Gs_늪지대_6393_4338 2131.22 -2.31 1446.03 107.46 83.03 4.67 73.80 81 79 56 -0.0 0.0
Gs_늪지대_8195_4788 2731.71 -1.96 1596.04 175.41 80.38 4.67 88.37 83 81 58 -0.0 0.0
Gs_늪지대_8333_4338 2777.84 -1.95 1446.01 147.85 84.63 4.67 86.73 94 92 69 -0.0 0.0
Gb_늪지대_9554_3732 3184.80 -15.37 1244.09 169.44 84.94 22.60 73.67 77 72 66 -0.0 0.0
Gb_늪지대_6106_2560 2035.53 -15.27 853.52 72.40 81.08 22.79 72.72 77 72 66 -0.0 0.0
Gs_늪지대_9554_3732 3184.80 -1.75 1244.09 169.44 88.47 4.70 76.74 81 79 57 -0.0 0.0
Gs_늪지대_5341_1804 1780.61 -3.82 601.60 61.54 83.33 4.67 86.12 84 82 58 -0.0 0.0
Gb_늪지대_6413_2259 2137.74 -15.44 753.09 17.25 77.09 22.46 69.00 77 72 66 -0.0 0.0
Gb_늪지대_8052_2992 2684.12 -15.32 997.57 103.36 71.95 22.69 85.50 77 72 66 -0.0 0.0
Gs_늪지대_8511_3432 2837.14 -3.43 1144.33 37.74 86.94 4.67 80.42 92 91 68 -0.0 0.0
Gs_늪지대_9087_2249 3029.04 1.96 749.85 66.34 86.10 4.67 79.54 89 87 64 -0.0 0.0
Gs_늪지대_4747_2536 1582.56 -1.78 845.45 63.50 80.35 4.70 81.42 87 85 62 -0.0 0.0
Gb_늪지대_8511_3432 2837.14 -16.21 1144.33 37.74 83.46 20.91 77.20 77 72 66 -0.0 0.0
Gb_늪지대_8208_4645 2736.01 -15.46 1548.47 37.55 69.26 22.41 85.92 77 72 66 -0.0 0.0
Gs_늪지대_6106_2560 2035.53 -1.54 853.52 72.40 84.46 4.67 75.75 93 91 68 -0.0 0.0
Gb_늪지대_4908_2714 1636.02 -15.40 904.69 174.87 84.86 22.54 82.19 77 72 66 -0.0 0.0
Gb_늪지대_4747_2536 1582.56 -15.38 845.45 63.50 77.14 22.57 78.16 77 72 66 -0.0 0.0
Gs_늪지대_6836_3165 2278.67 -0.82 1055.02 33.62 83.11 4.67 74.50 91 89 66 -0.0 0.0
Gs_늪지대_8338_1790 2779.56 -1.75 596.97 68.57 71.11 4.67 82.74 92 90 67 -0.0 0.0
Gs_늪지대_6837_3765 2279.19 -1.49 1255.12 70.65 74.33 4.76 74.76 94 93 70 -0.0 0.0
Gb_늪지대_8949_2382 2983.19 -13.82 794.26 29.70 77.07 25.69 85.17 77 72 66 -0.0 0.0
Gs_늪지대_8949_2382 2983.19 1.36 794.26 29.70 80.29 4.67 88.72 85 83 59 -0.0 0.0
Gs_늪지대_9566_3592 3189.00 -1.72 1197.50 172.10 78.78 4.73 81.41 86 84 60 -0.0 0.0
Gb_늪지대_6260_2533 2086.96 -15.43 844.52 179.41 68.56 22.48 70.54 77 72 66 -0.0 0.0
Gb_늪지대_9566_3592 3189.00 -15.35 1197.50 172.10 75.63 22.64 78.15 77 72 66 -0.0 0.0
Gb_늪지대_6410_3441 2136.73 -15.45 1147.08 101.51 69.08 22.44 79.02 77 72 66 -0.0 0.0
Gs_늪지대_9549_3314 3183.32 -2.34 1104.78 133.11 88.00 4.67 89.64 87 85 61 -0.0 0.0
Gs_늪지대_8042_1964 2680.80 -1.99 654.68 0.35 76.03 4.67 89.86 82 80 57 -0.0 0.0
Gb_늪지대_8487_3594 2829.15 -16.78 1198.24 36.32 76.74 19.78 68.73 77 72 66 -0.0 0.0
Gb_늪지대_8333_4338 2777.84 -15.48 1446.01 147.85 81.25 22.38 83.26 77 72 66 -0.0 0.0
Gs_늪지대_9557_3893 3185.92 -1.77 1297.92 101.61 81.89 4.67 85.80 83 81 58 -0.0 0.0
Gb_늪지대_8195_4788 2731.71 -15.48 1596.04 175.41 77.17 22.37 84.84 77 72 66 -0.0 0.0
Gb_늪지대_6712_3002 2237.63 -15.40 1000.98 15.13 75.04 22.54 79.44 77 72 66 -0.0 0.0
Gs_늪지대_7461_2711 2487.26 -1.92 903.67 165.54 85.51 4.67 70.93 80 79 56 -0.0 0.0
Gs_늪지대_8208_4645 2736.01 -1.94 1548.47 37.55 72.14 4.70 89.50 93 91 68 -0.0 0.0
Gs_늪지대_7761_2261 2587.30 -1.52 753.78 56.26 81.63 4.67 78.52 95 93 70 -0.0 0.0
Gs_늪지대_4585_2688 1528.38 -4.86 896.09 131.80 70.81 4.67 89.19 82 80 57 -0.0 0.0
Gb_늪지대_6992_3889 2330.81 -15.47 1296.64 142.39 70.72 22.39 71.70 77 72 66 -0.0 0.0
Gs_늪지대_7158_2103 2386.29 -1.79 701.26 92.21 79.73 4.67 80.70 87 85 61 -0.0 0.0
Gb_늪지대_7905_4366 2635.31 -15.21 1455.45 145.74 71.39 22.91 78.76 77 72 66 -0.0 0.0
Gb_늪지대_4585_2688 1528.38 -16.93 896.09 131.80 67.97 19.47 85.62 77 72 66 -0.0 0.0
Gs_늪지대_6242_3764 2080.80 -4.59 1254.85 85.00 80.51 4.67 75.98 83 81 58 -0.0 0.0
Gb_늪지대_5194_3599 1731.40 -15.24 1199.75 61.94 78.33 22.85 84.09 77 72 66 -0.0 0.0
Gb_늪지대_7761_2261 2587.30 -15.26 753.78 56.26 78.36 22.81 75.38 77 72 66 -0.0 0.0
Gs_늪지대_5515_3757 1838.62 -1.95 1252.44 36.76 88.46 4.67 86.74 82 80 57 -0.0 0.0
Gb_늪지대_9549_3314 3183.32 -15.67 1104.78 133.11 84.48 22.00 86.05 77 72 66 -0.0 0.0
Gb_늪지대_9557_3893 3185.92 -15.38 1297.92 101.61 78.62 22.57 82.37 77 72 66 -0.0 0.0
Gs_늪지대_8802_1944 2934.09 -1.73 648.19 139.76 72.61 4.67 88.39 85 83 59 -0.0 0.0
Gs_늪지대_6549_1506 2183.14 -5.14 502.16 67.39 87.80 4.67 85.28 85 83 59 -0.0 0.0
Gs_늪지대_4750_2391 1583.52 -3.46 797.30 126.18 73.96 4.67 86.79 85 83 59 -0.0 0.0
Gb_늪지대_7158_2103 2386.29 -15.40 701.26 92.21 76.54 22.54 77.47 77 72 66 -0.0 0.0
Gb_늪지대_7744_1960 2581.34 -15.26 653.54 72.05 74.67 22.82 68.68 77 72 66 -0.0 0.0
Gb_늪지대_6836_3165 2278.67 -14.91 1055.02 33.62 79.79 23.51 71.52 77 72 66 -0.0 0.0
Gb_늪지대_6549_1506 2183.14 -17.07 502.16 67.39 84.29 19.20 81.87 77 72 66 -0.0 0.0
Gb_늪지대_5332_4343 1777.39 -15.36 1447.73 24.72 72.77 22.62 77.49 77 72 66 -0.0 0.0
Gb_늪지대_8358_2991 2786.20 -15.44 997.26 168.41 71.58 22.45 83.99 77 72 66 -0.0 0.0
Gs_늪지대_6992_3889 2330.81 -1.94 1296.64 142.39 73.67 4.67 74.69 92 90 67 -0.0 0.0
Gs_늪지대_6564_2407 2188.00 -1.52 802.67 106.10 88.04 4.67 72.25 93 91 68 -0.0 0.0
Gs_늪지대_7905_4366 2635.31 -1.44 1455.45 145.74 74.37 4.70 82.04 81 79 56 -0.0 0.0
Gb_늪지대_6411_4967 2137.28 -16.81 1655.77 66.15 84.68 19.71 73.85 77 72 66 -0.0 0.0
Gs_늪지대_5332_4343 1777.39 -1.71 1447.73 24.72 75.80 4.67 80.71 86 84 60 -0.0 0.0
Gs_늪지대_8336_2696 2778.95 -1.93 898.77 67.39 72.44 4.67 74.83 95 93 71 -0.0 0.0
Gs_늪지대_7744_1960 2581.34 -1.52 653.54 72.05 77.78 4.67 71.54 84 82 58 -0.0 0.0
Gb_늪지대_6382_3297 2127.64 -15.33 1099.23 123.06 72.33 22.67 81.70 77 72 66 -0.0 0.0
Gb_늪지대_6564_2407 2188.00 -15.26 802.67 106.10 84.51 22.81 69.36 77 72 66 -0.0 0.0
Gs_늪지대_4892_2233 1630.92 -4.94 744.56 150.33 84.27 4.67 75.37 82 80 57 -0.0 0.0
Gb_늪지대_8047_3459 2682.58 -15.49 1153.19 66.79 85.99 22.36 79.14 77 72 66 -0.0 0.0
Gs_늪지대_6101_4790 2033.74 -2.09 1596.99 81.12 73.37 4.67 84.27 82 80 57 -0.0 0.0
Gb_늪지대_8345_3163 2781.80 -15.42 1054.53 77.22 67.96 22.50 86.14 77 72 66 -0.0 0.0
Gs_늪지대_5807_4186 1935.91 -3.89 1395.40 41.04 77.83 4.67 74.00 87 85 61 -0.0 0.0
Gs_늪지대_8358_2991 2786.20 -1.88 997.26 168.41 74.56 4.67 87.49 94 92 69 -0.0 0.0
Gs_늪지대_6116_4938 2038.79 -4.69 1646.21 131.42 70.94 4.67 83.59 94 92 69 -0.0 0.0
Gb_늪지대_8641_4483 2880.39 -15.20 1494.66 16.63 82.11 22.93 78.93 77 72 66 -0.0 0.0
Gb_늪지대_4892_2233 1630.92 -16.97 744.56 150.33 80.90 19.39 72.36 77 72 66 -0.0 0.0
Gs_늪지대_9706_3442 3235.46 -4.76 1147.46 154.39 71.19 4.70 76.43 85 83 59 -0.0 0.0
Gb_늪지대_9687_2565 3229.09 -16.38 855.10 10.60 71.81 20.57 83.78 77 72 66 -0.0 0.0
Gb_늪지대_4750_2391 1583.52 -16.23 797.30 126.18 71.00 20.87 83.32 77 72 66 -0.0 0.0
Gs_늪지대_8345_3163 2781.80 -1.84 1054.53 77.22 70.79 4.67 89.73 91 89 65 -0.0 0.0
Gs_늪지대_4601_2835 1533.94 -4.62 945.14 148.98 71.71 4.67 72.18 88 86 62 -0.0 0.0
Gb_늪지대_8336_2696 2778.95 -15.46 898.77 67.39 69.54 22.40 71.83 77 72 66 -0.0 0.0
Gs_늪지대_6082_3452 2027.58 -4.99 1150.67 61.78 79.00 4.67 71.74 85 83 59 -0.0 0.0
Gb_늪지대_5205_1949 1735.29 -16.25 649.99 90.49 76.87 20.83 82.63 77 72 66 -0.0 0.0
Gs_늪지대_5802_2110 1934.17 -1.79 703.45 105.35 83.11 4.70 76.52 94 93 70 -0.0 0.0
Gs_늪지대_6382_3297 2127.64 -1.67 1099.23 123.06 75.34 4.67 85.11 83 81 58 -0.0 0.0
Gb_늪지대_4455_3299 1485.05 -15.58 1099.72 55.74 69.96 22.17 69.74 77 72 66 -0.0 0.0
Gs_늪지대_7765_3011 2588.53 -1.52 1003.72 89.99 84.27 4.67 88.16 90 88 65 -0.0 0.0
Gb_늪지대_8500_4791 2833.63 -15.54 1597.24 28.54 85.54 22.25 86.24 77 72 66 -0.0 0.0
Gb_늪지대_7765_3011 2588.53 -15.26 1003.72 89.99 80.90 22.82 84.63 77 72 66 -0.0 0.0
Gs_늪지대_7752_4963 2584.17 -4.96 1654.58 148.61 78.47 4.67 73.66 88 86 62 -0.0 0.0
Gs_늪지대_4455_3299 1485.05 -2.17 1099.72 55.74 72.88 4.67 72.64 88 86 63 -0.0 0.0
Gb_늪지대_7910_3300 2636.79 -15.30 1100.30 88.84 80.65 22.73 79.57 77 72 66 -0.0 0.0
Gb_늪지대_7615_4646 2538.52 -15.44 1548.69 64.17 75.66 22.46 85.08 77 72 66 -0.0 0.0
Gb_늪지대_5802_2110 1934.17 -15.39 703.45 105.35 79.79 22.56 73.46 77 72 66 -0.0 0.0
Gb_늪지대_8337_3286 2779.06 -15.38 1095.35 88.29 86.26 22.57 82.58 77 72 66 -0.0 0.0
Gb_늪지대_6411_1667 2137.07 -15.46 555.90 8.67 74.08 22.42 86.30 77 72 66 -0.0 0.0
Gb_늪지대_6101_4790 2033.74 -15.54 1596.99 81.12 70.43 22.25 80.90 77 72 66 -0.0 0.0
Gs_늪지대_9687_2565 3229.09 -3.76 855.10 10.60 74.81 4.67 87.27 86 84 60 -0.0 0.0
Gb_늪지대_7146_2698 2382.02 -15.51 899.44 121.92 76.99 22.32 74.43 77 72 66 -0.0 0.0
Gs_늪지대_5205_1949 1735.29 -3.50 649.99 90.49 80.08 4.67 86.07 86 84 61 -0.0 0.0
Gb_늪지대_8644_4354 2881.49 -15.32 1451.37 119.05 82.78 22.70 82.63 77 72 66 -0.0 0.0
Gs_늪지대_7615_4646 2538.52 -1.87 1548.69 64.17 78.81 4.67 88.62 86 84 60 -0.0 0.0